species_id,country,ISO2,ISO3,status,class,family,full_name,english_name,cites_status
98337,Argentina,AR,ARG,Native,Mammalia,Felidae,Herpailurus yagouaroundi,Jaguarundi,Appendix I / II – Status depends on population
98337,Belize,BZ,BLZ,Native,Mammalia,Felidae,Herpailurus yagouaroundi,Jaguarundi,Appendix I / II – Status depends on population
98337,Bolivia (Plurinational State of),,,Native,Mammalia,Felidae,Herpailurus yagouaroundi,Jaguarundi,Appendix I / II – Status depends on population
98337,Brazil,BR,BRA,Native,Mammalia,Felidae,Herpailurus yagouaroundi,Jaguarundi,Appendix I / II – Status depends on population
98337,Colombia,CO,COL,Native,Mammalia,Felidae,Herpailurus yagouaroundi,Jaguarundi,Appendix I / II – Status depends on population
98337,Costa Rica,CR,CRI,Native,Mammalia,Felidae,Herpailurus yagouaroundi,Jaguarundi,Appendix I / II – Status depends on population
98337,Ecuador,EC,ECU,Native,Mammalia,Felidae,Herpailurus yagouaroundi,Jaguarundi,Appendix I / II – Status depends on population
98337,El Salvador,SV,SLV,Native,Mammalia,Felidae,Herpailurus yagouaroundi,Jaguarundi,Appendix I / II – Status depends on population
98337,French Guiana [FR],,,Native,Mammalia,Felidae,Herpailurus yagouaroundi,Jaguarundi,Appendix I / II – Status depends on population
98337,Guatemala,GT,GTM,Native,Mammalia,Felidae,Herpailurus yagouaroundi,Jaguarundi,Appendix I / II – Status depends on population
98337,Guyana,GY,GUY,Native,Mammalia,Felidae,Herpailurus yagouaroundi,Jaguarundi,Appendix I / II – Status depends on population
98337,Honduras,HN,HND,Native,Mammalia,Felidae,Herpailurus yagouaroundi,Jaguarundi,Appendix I / II – Status depends on population
98337,Mexico,MX,MEX,Native,Mammalia,Felidae,Herpailurus yagouaroundi,Jaguarundi,Appendix I / II – Status depends on population
98337,Nicaragua,NI,NIC,Native,Mammalia,Felidae,Herpailurus yagouaroundi,Jaguarundi,Appendix I / II – Status depends on population
98337,Panama,PA,PAN,Native,Mammalia,Felidae,Herpailurus yagouaroundi,Jaguarundi,Appendix I / II – Status depends on population
98337,Paraguay,PY,PRY,Native,Mammalia,Felidae,Herpailurus yagouaroundi,Jaguarundi,Appendix I / II – Status depends on population
98337,Peru,PE,PER,Native,Mammalia,Felidae,Herpailurus yagouaroundi,Jaguarundi,Appendix I / II – Status depends on population
98337,Suriname,SR,SUR,Native,Mammalia,Felidae,Herpailurus yagouaroundi,Jaguarundi,Appendix I / II – Status depends on population
98337,United States of America,US,USA,Native,Mammalia,Felidae,Herpailurus yagouaroundi,Jaguarundi,Appendix I / II – Status depends on population
98337,Venezuela (Bolivarian Republic of),,,Native,Mammalia,Felidae,Herpailurus yagouaroundi,Jaguarundi,Appendix I / II – Status depends on population
98337,Uruguay,UY,URY,Extinct,Mammalia,Felidae,Herpailurus yagouaroundi,Jaguarundi,Appendix I / II – Status depends on population
6330,Argentina,AR,ARG,Native,Mammalia,Felidae,Puma concolor,Cougar (Mountain Lion,Appendix I / II – Status depends on population
6330,Belize,BZ,BLZ,Native,Mammalia,Felidae,Puma concolor,Cougar (Mountain Lion,Appendix I / II – Status depends on population
6330,Bolivia (Plurinational State of),,,Native,Mammalia,Felidae,Puma concolor,Cougar (Mountain Lion,Appendix I / II – Status depends on population
6330,Brazil,BR,BRA,Native,Mammalia,Felidae,Puma concolor,Cougar (Mountain Lion,Appendix I / II – Status depends on population
6330,Canada,CA,CAN,Native,Mammalia,Felidae,Puma concolor,Cougar (Mountain Lion,Appendix I / II – Status depends on population
6330,Chile,CL,CHL,Native,Mammalia,Felidae,Puma concolor,Cougar (Mountain Lion,Appendix I / II – Status depends on population
6330,Colombia,CO,COL,Native,Mammalia,Felidae,Puma concolor,Cougar (Mountain Lion,Appendix I / II – Status depends on population
6330,Costa Rica,CR,CRI,Native,Mammalia,Felidae,Puma concolor,Cougar (Mountain Lion,Appendix I / II – Status depends on population
6330,Ecuador,EC,ECU,Native,Mammalia,Felidae,Puma concolor,Cougar (Mountain Lion,Appendix I / II – Status depends on population
6330,El Salvador,SV,SLV,Native,Mammalia,Felidae,Puma concolor,Cougar (Mountain Lion,Appendix I / II – Status depends on population
6330,French Guiana [FR],,,Native,Mammalia,Felidae,Puma concolor,Cougar (Mountain Lion,Appendix I / II – Status depends on population
6330,Guatemala,GT,GTM,Native,Mammalia,Felidae,Puma concolor,Cougar (Mountain Lion,Appendix I / II – Status depends on population
6330,Guyana,GY,GUY,Native,Mammalia,Felidae,Puma concolor,Cougar (Mountain Lion,Appendix I / II – Status depends on population
6330,Honduras,HN,HND,Native,Mammalia,Felidae,Puma concolor,Cougar (Mountain Lion,Appendix I / II – Status depends on population
6330,Mexico,MX,MEX,Native,Mammalia,Felidae,Puma concolor,Cougar (Mountain Lion,Appendix I / II – Status depends on population
6330,Nicaragua,NI,NIC,Native,Mammalia,Felidae,Puma concolor,Cougar (Mountain Lion,Appendix I / II – Status depends on population
6330,Panama,PA,PAN,Native,Mammalia,Felidae,Puma concolor,Cougar (Mountain Lion,Appendix I / II – Status depends on population
6330,Paraguay,PY,PRY,Native,Mammalia,Felidae,Puma concolor,Cougar (Mountain Lion,Appendix I / II – Status depends on population
6330,Peru,PE,PER,Native,Mammalia,Felidae,Puma concolor,Cougar (Mountain Lion,Appendix I / II – Status depends on population
6330,Suriname,SR,SUR,Native,Mammalia,Felidae,Puma concolor,Cougar (Mountain Lion,Appendix I / II – Status depends on population
6330,United States of America,US,USA,Native,Mammalia,Felidae,Puma concolor,Cougar (Mountain Lion,Appendix I / II – Status depends on population
6330,Uruguay,UY,URY,Native,Mammalia,Felidae,Puma concolor,Cougar (Mountain Lion,Appendix I / II – Status depends on population
6330,Venezuela (Bolivarian Republic of),,,Native,Mammalia,Felidae,Puma concolor,Cougar (Mountain Lion,Appendix I / II – Status depends on population
12219,Cameroon,CM,CMR,Native,Mammalia,Mustelidae,Aonyx capensis microdon,Cameroon Clawless Otter (subspecies),Appendix I / II – Status depends on population
9829,Afghanistan,AF,AFG,Native,Mammalia,Ursidae,Ursus arctos,Brown Bear,Appendix I / II – Status depends on population
9829,Albania,AL,ALB,Native,Mammalia,Ursidae,Ursus arctos,Brown Bear,Appendix I / II – Status depends on population
9829,Armenia,AM,ARM,Native,Mammalia,Ursidae,Ursus arctos,Brown Bear,Appendix I / II – Status depends on population
9829,Austria,AT,AUT,Native,Mammalia,Ursidae,Ursus arctos,Brown Bear,Appendix I / II – Status depends on population
9829,Azerbaijan,AZ,AZE,Native,Mammalia,Ursidae,Ursus arctos,Brown Bear,Appendix I / II – Status depends on population
9829,Belarus,BY,BLR,Native,Mammalia,Ursidae,Ursus arctos,Brown Bear,Appendix I / II – Status depends on population
9829,Bhutan,BT,BTN,Native,Mammalia,Ursidae,Ursus arctos,Brown Bear,Appendix I / II – Status depends on population
9829,Bosnia and Herzegovina,BA,BIH,Native,Mammalia,Ursidae,Ursus arctos,Brown Bear,Appendix I / II – Status depends on population
9829,Bulgaria,BG,BGR,Native,Mammalia,Ursidae,Ursus arctos,Brown Bear,Appendix I / II – Status depends on population
9829,Canada,CA,CAN,Native,Mammalia,Ursidae,Ursus arctos,Brown Bear,Appendix I / II – Status depends on population
9829,China,CN,CHN,Native,Mammalia,Ursidae,Ursus arctos,Brown Bear,Appendix I / II – Status depends on population
9829,Croatia,HR,HRV,Native,Mammalia,Ursidae,Ursus arctos,Brown Bear,Appendix I / II – Status depends on population
9829,Czech Republic,,,Native,Mammalia,Ursidae,Ursus arctos,Brown Bear,Appendix I / II – Status depends on population
9829,Democratic People's Republic of Korea,,,Native,Mammalia,Ursidae,Ursus arctos,Brown Bear,Appendix I / II – Status depends on population
9829,Estonia,EE,EST,Native,Mammalia,Ursidae,Ursus arctos,Brown Bear,Appendix I / II – Status depends on population
9829,Finland,FI,FIN,Native,Mammalia,Ursidae,Ursus arctos,Brown Bear,Appendix I / II – Status depends on population
9829,France,-99,-99,Native,Mammalia,Ursidae,Ursus arctos,Brown Bear,Appendix I / II – Status depends on population
9829,Georgia,GE,GEO,Native,Mammalia,Ursidae,Ursus arctos,Brown Bear,Appendix I / II – Status depends on population
9829,Greece,GR,GRC,Native,Mammalia,Ursidae,Ursus arctos,Brown Bear,Appendix I / II – Status depends on population
9829,Hungary,HU,HUN,Native,Mammalia,Ursidae,Ursus arctos,Brown Bear,Appendix I / II – Status depends on population
9829,India,IN,IND,Native,Mammalia,Ursidae,Ursus arctos,Brown Bear,Appendix I / II – Status depends on population
9829,Iran (Islamic Republic of),,,Native,Mammalia,Ursidae,Ursus arctos,Brown Bear,Appendix I / II – Status depends on population
9829,Iraq,IQ,IRQ,Native,Mammalia,Ursidae,Ursus arctos,Brown Bear,Appendix I / II – Status depends on population
9829,Israel,IL,ISR,Native,Mammalia,Ursidae,Ursus arctos,Brown Bear,Appendix I / II – Status depends on population
9829,Italy,IT,ITA,Native,Mammalia,Ursidae,Ursus arctos,Brown Bear,Appendix I / II – Status depends on population
9829,Japan,JP,JPN,Native,Mammalia,Ursidae,Ursus arctos,Brown Bear,Appendix I / II – Status depends on population
9829,Kazakhstan,KZ,KAZ,Native,Mammalia,Ursidae,Ursus arctos,Brown Bear,Appendix I / II – Status depends on population
9829,Kyrgyzstan,KG,KGZ,Native,Mammalia,Ursidae,Ursus arctos,Brown Bear,Appendix I / II – Status depends on population
9829,Latvia,LV,LVA,Native,Mammalia,Ursidae,Ursus arctos,Brown Bear,Appendix I / II – Status depends on population
9829,Lebanon,LB,LBN,Native,Mammalia,Ursidae,Ursus arctos,Brown Bear,Appendix I / II – Status depends on population
9829,Mongolia,MN,MNG,Native,Mammalia,Ursidae,Ursus arctos,Brown Bear,Appendix I / II – Status depends on population
9829,Montenegro,ME,MNE,Native,Mammalia,Ursidae,Ursus arctos,Brown Bear,Appendix I / II – Status depends on population
9829,Nepal,NP,NPL,Native,Mammalia,Ursidae,Ursus arctos,Brown Bear,Appendix I / II – Status depends on population
9829,North Macedonia,MK,MKD,Native,Mammalia,Ursidae,Ursus arctos,Brown Bear,Appendix I / II – Status depends on population
9829,Norway,-99,-99,Native,Mammalia,Ursidae,Ursus arctos,Brown Bear,Appendix I / II – Status depends on population
9829,Pakistan,PK,PAK,Native,Mammalia,Ursidae,Ursus arctos,Brown Bear,Appendix I / II – Status depends on population
9829,Poland,PL,POL,Native,Mammalia,Ursidae,Ursus arctos,Brown Bear,Appendix I / II – Status depends on population
9829,Romania,RO,ROU,Native,Mammalia,Ursidae,Ursus arctos,Brown Bear,Appendix I / II – Status depends on population
9829,Russian Federation,,,Native,Mammalia,Ursidae,Ursus arctos,Brown Bear,Appendix I / II – Status depends on population
9829,Serbia,,,Native,Mammalia,Ursidae,Ursus arctos,Brown Bear,Appendix I / II – Status depends on population
9829,Slovakia,SK,SVK,Native,Mammalia,Ursidae,Ursus arctos,Brown Bear,Appendix I / II – Status depends on population
9829,Slovenia,SI,SVN,Native,Mammalia,Ursidae,Ursus arctos,Brown Bear,Appendix I / II – Status depends on population
9829,Spain,ES,ESP,Native,Mammalia,Ursidae,Ursus arctos,Brown Bear,Appendix I / II – Status depends on population
9829,Sweden,SE,SWE,Native,Mammalia,Ursidae,Ursus arctos,Brown Bear,Appendix I / II – Status depends on population
9829,Syrian Arab Republic,,,Native,Mammalia,Ursidae,Ursus arctos,Brown Bear,Appendix I / II – Status depends on population
9829,Tajikistan,TJ,TJK,Native,Mammalia,Ursidae,Ursus arctos,Brown Bear,Appendix I / II – Status depends on population
9829,T√ºrkiye,,,Native,Mammalia,Ursidae,Ursus arctos,Brown Bear,Appendix I / II – Status depends on population
9829,Turkmenistan,TM,TKM,Native,Mammalia,Ursidae,Ursus arctos,Brown Bear,Appendix I / II – Status depends on population
9829,Ukraine,UA,UKR,Native,Mammalia,Ursidae,Ursus arctos,Brown Bear,Appendix I / II – Status depends on population
9829,United States of America,US,USA,Native,Mammalia,Ursidae,Ursus arctos,Brown Bear,Appendix I / II – Status depends on population
9829,Uzbekistan,UZ,UZB,Native,Mammalia,Ursidae,Ursus arctos,Brown Bear,Appendix I / II – Status depends on population
9829,Belgium,BE,BEL,Extinct,Mammalia,Ursidae,Ursus arctos,Brown Bear,Appendix I / II – Status depends on population
9829,Denmark,DK,DNK,Extinct,Mammalia,Ursidae,Ursus arctos,Brown Bear,Appendix I / II – Status depends on population
9829,Germany,DE,DEU,Extinct,Mammalia,Ursidae,Ursus arctos,Brown Bear,Appendix I / II – Status depends on population
9829,Jordan,JO,JOR,Extinct,Mammalia,Ursidae,Ursus arctos,Brown Bear,Appendix I / II – Status depends on population
9829,Liechtenstein,LI,LIE,Extinct,Mammalia,Ursidae,Ursus arctos,Brown Bear,Appendix I / II – Status depends on population
9829,Lithuania,LT,LTU,Extinct,Mammalia,Ursidae,Ursus arctos,Brown Bear,Appendix I / II – Status depends on population
9829,Netherlands,NL,NLD,Extinct,Mammalia,Ursidae,Ursus arctos,Brown Bear,Appendix I / II – Status depends on population
9829,Portugal,PT,PRT,Extinct,Mammalia,Ursidae,Ursus arctos,Brown Bear,Appendix I / II – Status depends on population
9829,Switzerland,CH,CHE,Extinct,Mammalia,Ursidae,Ursus arctos,Brown Bear,Appendix I / II – Status depends on population
5062,Canada,CA,CAN,Native,Mammalia,Antilocapridae,Antilocapra americana,Pronghorn,Appendix I – Species threatened with extinction
5062,Mexico,MX,MEX,Native,Mammalia,Antilocapridae,Antilocapra americana,Pronghorn,Appendix I – Species threatened with extinction
5062,United States of America,US,USA,Native,Mammalia,Antilocapridae,Antilocapra americana,Pronghorn,Appendix I – Species threatened with extinction
4464,Chad,TD,TCD,Native,Mammalia,Bovidae,Addax nasomaculatus,Addax,Appendix I – Species threatened with extinction
4464,Mali,ML,MLI,Native,Mammalia,Bovidae,Addax nasomaculatus,Addax,Appendix I – Species threatened with extinction
4464,Mauritania,MR,MRT,Native,Mammalia,Bovidae,Addax nasomaculatus,Addax,Appendix I – Species threatened with extinction
4464,Niger,NE,NER,Native,Mammalia,Bovidae,Addax nasomaculatus,Addax,Appendix I – Species threatened with extinction
4464,Sudan,SD,SDN,Native,Mammalia,Bovidae,Addax nasomaculatus,Addax,Appendix I – Species threatened with extinction
4464,Algeria,DZ,DZA,Extinct,Mammalia,Bovidae,Addax nasomaculatus,Addax,Appendix I – Species threatened with extinction
4464,Egypt,EG,EGY,Extinct,Mammalia,Bovidae,Addax nasomaculatus,Addax,Appendix I – Species threatened with extinction
4464,Libya,LY,LBY,Extinct,Mammalia,Bovidae,Addax nasomaculatus,Addax,Appendix I – Species threatened with extinction
4464,Morocco,MA,MAR,Extinct,Mammalia,Bovidae,Addax nasomaculatus,Addax,Appendix I – Species threatened with extinction
4464,Tunisia,TN,TUN,Extinct,Mammalia,Bovidae,Addax nasomaculatus,Addax,Appendix I – Species threatened with extinction
4464,Western Sahara,EH,ESH,Extinct,Mammalia,Bovidae,Addax nasomaculatus,Addax,Appendix I – Species threatened with extinction
3905,Algeria,DZ,DZA,Native,Mammalia,Bovidae,Ammotragus lervia,Barbary Sheep (Aoudad),Appendix II – Trade regulated
3905,Chad,TD,TCD,Native,Mammalia,Bovidae,Ammotragus lervia,Barbary Sheep (Aoudad),Appendix II – Trade regulated
3905,Egypt,EG,EGY,Native,Mammalia,Bovidae,Ammotragus lervia,Barbary Sheep (Aoudad),Appendix II – Trade regulated
3905,Libya,LY,LBY,Native,Mammalia,Bovidae,Ammotragus lervia,Barbary Sheep (Aoudad),Appendix II – Trade regulated
3905,Mali,ML,MLI,Native,Mammalia,Bovidae,Ammotragus lervia,Barbary Sheep (Aoudad),Appendix II – Trade regulated
3905,Mauritania,MR,MRT,Native,Mammalia,Bovidae,Ammotragus lervia,Barbary Sheep (Aoudad),Appendix II – Trade regulated
3905,Morocco,MA,MAR,Native,Mammalia,Bovidae,Ammotragus lervia,Barbary Sheep (Aoudad),Appendix II – Trade regulated
3905,Niger,NE,NER,Native,Mammalia,Bovidae,Ammotragus lervia,Barbary Sheep (Aoudad),Appendix II – Trade regulated
3905,Sudan,SD,SDN,Native,Mammalia,Bovidae,Ammotragus lervia,Barbary Sheep (Aoudad),Appendix II – Trade regulated
3905,Tunisia,TN,TUN,Native,Mammalia,Bovidae,Ammotragus lervia,Barbary Sheep (Aoudad),Appendix II – Trade regulated
3905,Croatia,HR,HRV,Introduced,Mammalia,Bovidae,Ammotragus lervia,Barbary Sheep (Aoudad),Appendix II – Trade regulated
3905,Czech Republic,,,Introduced,Mammalia,Bovidae,Ammotragus lervia,Barbary Sheep (Aoudad),Appendix II – Trade regulated
3905,Mexico,MX,MEX,Introduced,Mammalia,Bovidae,Ammotragus lervia,Barbary Sheep (Aoudad),Appendix II – Trade regulated
3905,South Africa,ZA,ZAF,Introduced,Mammalia,Bovidae,Ammotragus lervia,Barbary Sheep (Aoudad),Appendix II – Trade regulated
3905,Spain,ES,ESP,Introduced,Mammalia,Bovidae,Ammotragus lervia,Barbary Sheep (Aoudad),Appendix II – Trade regulated
3905,United States of America,US,USA,Introduced,Mammalia,Bovidae,Ammotragus lervia,Barbary Sheep (Aoudad),Appendix II – Trade regulated
3905,Western Sahara,EH,ESH,Extinct,Mammalia,Bovidae,Ammotragus lervia,Barbary Sheep (Aoudad),Appendix II – Trade regulated
4985,India,IN,IND,Native,Mammalia,Bovidae,Antilope cervicapra,Blackbuck,Appendix III – National protection
4985,Nepal,NP,NPL,Native,Mammalia,Bovidae,Antilope cervicapra,Blackbuck,Appendix III – National protection
4985,Argentina,AR,ARG,Introduced,Mammalia,Bovidae,Antilope cervicapra,Blackbuck,Appendix III – National protection
4985,Mexico,MX,MEX,Introduced,Mammalia,Bovidae,Antilope cervicapra,Blackbuck,Appendix III – National protection
4985,United States of America,US,USA,Introduced,Mammalia,Bovidae,Antilope cervicapra,Blackbuck,Appendix III – National protection
4985,Pakistan,PK,PAK,Reintroduced,Mammalia,Bovidae,Antilope cervicapra,Blackbuck,Appendix III – National protection
4985,Bangladesh,BD,BGD,Extinct,Mammalia,Bovidae,Antilope cervicapra,Blackbuck,Appendix III – National protection
4985,Pakistan,PK,PAK,Extinct,Mammalia,Bovidae,Antilope cervicapra,Blackbuck,Appendix III – National protection
5874,Bangladesh,BD,BGD,Native,Mammalia,Bovidae,Bos gaurus,Gaur,Appendix I – Species threatened with extinction
5874,Bhutan,BT,BTN,Native,Mammalia,Bovidae,Bos gaurus,Gaur,Appendix I – Species threatened with extinction
5874,Cambodia,KH,KHM,Native,Mammalia,Bovidae,Bos gaurus,Gaur,Appendix I – Species threatened with extinction
5874,China,CN,CHN,Native,Mammalia,Bovidae,Bos gaurus,Gaur,Appendix I – Species threatened with extinction
5874,India,IN,IND,Native,Mammalia,Bovidae,Bos gaurus,Gaur,Appendix I – Species threatened with extinction
5874,Lao People's Democratic Republic,,,Native,Mammalia,Bovidae,Bos gaurus,Gaur,Appendix I – Species threatened with extinction
5874,Malaysia,MY,MYS,Native,Mammalia,Bovidae,Bos gaurus,Gaur,Appendix I – Species threatened with extinction
5874,Myanmar,MM,MMR,Native,Mammalia,Bovidae,Bos gaurus,Gaur,Appendix I – Species threatened with extinction
5874,Nepal,NP,NPL,Native,Mammalia,Bovidae,Bos gaurus,Gaur,Appendix I – Species threatened with extinction
5874,Thailand,TH,THA,Native,Mammalia,Bovidae,Bos gaurus,Gaur,Appendix I – Species threatened with extinction
5874,Viet Nam,,,Native,Mammalia,Bovidae,Bos gaurus,Gaur,Appendix I – Species threatened with extinction
5874,Sri Lanka,LK,LKA,Extinct,Mammalia,Bovidae,Bos gaurus,Gaur,Appendix I – Species threatened with extinction
7471,China,CN,CHN,Native,Mammalia,Bovidae,Bos mutus,Wild Yak,Appendix I – Species threatened with extinction
7471,India,IN,IND,Native,Mammalia,Bovidae,Bos mutus,Wild Yak,Appendix I – Species threatened with extinction
7471,Nepal,NP,NPL,Native,Mammalia,Bovidae,Bos mutus,Wild Yak,Appendix I – Species threatened with extinction
7471,Kazakhstan,KZ,KAZ,Extinct,Mammalia,Bovidae,Bos mutus,Wild Yak,Appendix I – Species threatened with extinction
7471,Mongolia,MN,MNG,Extinct,Mammalia,Bovidae,Bos mutus,Wild Yak,Appendix I – Species threatened with extinction
7471,Russian Federation,,,Extinct,Mammalia,Bovidae,Bos mutus,Wild Yak,Appendix I – Species threatened with extinction
65574,India,IN,IND,Native,Mammalia,Bovidae,Boselaphus tragocamelus,Nilgai (Blue Bull),Appendix III – National protection
65574,Nepal,NP,NPL,Native,Mammalia,Bovidae,Boselaphus tragocamelus,Nilgai (Blue Bull),Appendix III – National protection
65574,Pakistan,PK,PAK,Native,Mammalia,Bovidae,Boselaphus tragocamelus,Nilgai (Blue Bull),Appendix III – National protection
65574,United States of America,US,USA,Introduced,Mammalia,Bovidae,Boselaphus tragocamelus,Nilgai (Blue Bull),Appendix III – National protection
6811,Bhutan,BT,BTN,Native,Mammalia,Bovidae,Bubalus arnee,Wild Water Buffalo,Appendix III – National protection
6811,Cambodia,KH,KHM,Native,Mammalia,Bovidae,Bubalus arnee,Wild Water Buffalo,Appendix III – National protection
6811,India,IN,IND,Native,Mammalia,Bovidae,Bubalus arnee,Wild Water Buffalo,Appendix III – National protection
6811,Myanmar,MM,MMR,Native,Mammalia,Bovidae,Bubalus arnee,Wild Water Buffalo,Appendix III – National protection
6811,Nepal,NP,NPL,Native,Mammalia,Bovidae,Bubalus arnee,Wild Water Buffalo,Appendix III – National protection
6811,Sri Lanka,LK,LKA,Native,Mammalia,Bovidae,Bubalus arnee,Wild Water Buffalo,Appendix III – National protection
6811,Thailand,TH,THA,Native,Mammalia,Bovidae,Bubalus arnee,Wild Water Buffalo,Appendix III – National protection
6811,Viet Nam,,,Native,Mammalia,Bovidae,Bubalus arnee,Wild Water Buffalo,Appendix III – National protection
6811,Bangladesh,BD,BGD,Extinct,Mammalia,Bovidae,Bubalus arnee,Wild Water Buffalo,Appendix III – National protection
4425,Indonesia,ID,IDN,Native,Mammalia,Bovidae,Bubalus depressicornis,Lowland Anoa,Appendix I – Species threatened with extinction
8124,Philippines,PH,PHL,Native,Mammalia,Bovidae,Bubalus mindorensis,Tamaraw,Appendix I – Species threatened with extinction
10958,Indonesia,ID,IDN,Native,Mammalia,Bovidae,Bubalus quarlesi,Mountain Anoa,Appendix I – Species threatened with extinction
3135,Bhutan,BT,BTN,Native,Mammalia,Bovidae,Budorcas taxicolor,Takin,Appendix II – Trade regulated
3135,China,CN,CHN,Native,Mammalia,Bovidae,Budorcas taxicolor,Takin,Appendix II – Trade regulated
3135,India,IN,IND,Native,Mammalia,Bovidae,Budorcas taxicolor,Takin,Appendix II – Trade regulated
3135,Myanmar,MM,MMR,Native,Mammalia,Bovidae,Budorcas taxicolor,Takin,Appendix II – Trade regulated
67978,Azerbaijan,AZ,AZE,Native,Mammalia,Bovidae,Capra caucasica,West Caucasian Tur,Appendix II – Trade regulated
67978,Georgia,GE,GEO,Native,Mammalia,Bovidae,Capra caucasica,West Caucasian Tur,Appendix II – Trade regulated
67978,Russian Federation,,,Native,Mammalia,Bovidae,Capra caucasica,West Caucasian Tur,Appendix II – Trade regulated
3780,Afghanistan,AF,AFG,Native,Mammalia,Bovidae,Capra falconeri,Markhor,Appendix I – Species threatened with extinction
3780,India,IN,IND,Native,Mammalia,Bovidae,Capra falconeri,Markhor,Appendix I – Species threatened with extinction
3780,Pakistan,PK,PAK,Native,Mammalia,Bovidae,Capra falconeri,Markhor,Appendix I – Species threatened with extinction
3780,Tajikistan,TJ,TJK,Native,Mammalia,Bovidae,Capra falconeri,Markhor,Appendix I – Species threatened with extinction
3780,Turkmenistan,TM,TKM,Native,Mammalia,Bovidae,Capra falconeri,Markhor,Appendix I – Species threatened with extinction
3780,Uzbekistan,UZ,UZB,Native,Mammalia,Bovidae,Capra falconeri,Markhor,Appendix I – Species threatened with extinction
65582,Afghanistan,AF,AFG,Native,Mammalia,Bovidae,Capra hircus aegagrus,Wild Goat (Bezoar Ibex),Appendix III – National protection
65582,Armenia,AM,ARM,Native,Mammalia,Bovidae,Capra hircus aegagrus,Wild Goat (Bezoar Ibex),Appendix III – National protection
65582,Azerbaijan,AZ,AZE,Native,Mammalia,Bovidae,Capra hircus aegagrus,Wild Goat (Bezoar Ibex),Appendix III – National protection
65582,Georgia,GE,GEO,Native,Mammalia,Bovidae,Capra hircus aegagrus,Wild Goat (Bezoar Ibex),Appendix III – National protection
65582,Iran (Islamic Republic of),,,Native,Mammalia,Bovidae,Capra hircus aegagrus,Wild Goat (Bezoar Ibex),Appendix III – National protection
65582,Iraq,IQ,IRQ,Native,Mammalia,Bovidae,Capra hircus aegagrus,Wild Goat (Bezoar Ibex),Appendix III – National protection
65582,Pakistan,PK,PAK,Native,Mammalia,Bovidae,Capra hircus aegagrus,Wild Goat (Bezoar Ibex),Appendix III – National protection
65582,Russian Federation,,,Native,Mammalia,Bovidae,Capra hircus aegagrus,Wild Goat (Bezoar Ibex),Appendix III – National protection
65582,T√ºrkiye,,,Native,Mammalia,Bovidae,Capra hircus aegagrus,Wild Goat (Bezoar Ibex),Appendix III – National protection
65582,Turkmenistan,TM,TKM,Native,Mammalia,Bovidae,Capra hircus aegagrus,Wild Goat (Bezoar Ibex),Appendix III – National protection
65582,United States of America,US,USA,Introduced,Mammalia,Bovidae,Capra hircus aegagrus,Wild Goat (Bezoar Ibex),Appendix III – National protection
65566,Afghanistan,AF,AFG,Native,Mammalia,Bovidae,Capra sibirica,Siberian Ibex,Appendix III – National protection
65566,China,CN,CHN,Native,Mammalia,Bovidae,Capra sibirica,Siberian Ibex,Appendix III – National protection
65566,India,IN,IND,Native,Mammalia,Bovidae,Capra sibirica,Siberian Ibex,Appendix III – National protection
65566,Kazakhstan,KZ,KAZ,Native,Mammalia,Bovidae,Capra sibirica,Siberian Ibex,Appendix III – National protection
65566,Kyrgyzstan,KG,KGZ,Native,Mammalia,Bovidae,Capra sibirica,Siberian Ibex,Appendix III – National protection
65566,Mongolia,MN,MNG,Native,Mammalia,Bovidae,Capra sibirica,Siberian Ibex,Appendix III – National protection
65566,Pakistan,PK,PAK,Native,Mammalia,Bovidae,Capra sibirica,Siberian Ibex,Appendix III – National protection
65566,Russian Federation,,,Native,Mammalia,Bovidae,Capra sibirica,Siberian Ibex,Appendix III – National protection
65566,Tajikistan,TJ,TJK,Native,Mammalia,Bovidae,Capra sibirica,Siberian Ibex,Appendix III – National protection
3881,Cambodia,KH,KHM,Native,Mammalia,Bovidae,Capricornis milneedwardsii,Chinese Serow,Appendix I – Species threatened with extinction
3881,China,CN,CHN,Native,Mammalia,Bovidae,Capricornis milneedwardsii,Chinese Serow,Appendix I – Species threatened with extinction
3881,Lao People's Democratic Republic,,,Native,Mammalia,Bovidae,Capricornis milneedwardsii,Chinese Serow,Appendix I – Species threatened with extinction
3881,Myanmar,MM,MMR,Native,Mammalia,Bovidae,Capricornis milneedwardsii,Chinese Serow,Appendix I – Species threatened with extinction
3881,Thailand,TH,THA,Native,Mammalia,Bovidae,Capricornis milneedwardsii,Chinese Serow,Appendix I – Species threatened with extinction
3881,Viet Nam,,,Native,Mammalia,Bovidae,Capricornis milneedwardsii,Chinese Serow,Appendix I – Species threatened with extinction
3939,Myanmar,MM,MMR,Native,Mammalia,Bovidae,Capricornis rubidus,Red Serow,Appendix I – Species threatened with extinction
7979,Indonesia,ID,IDN,Native,Mammalia,Bovidae,Capricornis sumatraensis,Sumatran Serow,Appendix I – Species threatened with extinction
7979,Malaysia,MY,MYS,Native,Mammalia,Bovidae,Capricornis sumatraensis,Sumatran Serow,Appendix I – Species threatened with extinction
7979,Thailand,TH,THA,Native,Mammalia,Bovidae,Capricornis sumatraensis,Sumatran Serow,Appendix I – Species threatened with extinction
10594,Bangladesh,BD,BGD,Native,Mammalia,Bovidae,Capricornis thar,Himalayan Serow,Appendix I – Species threatened with extinction
10594,Bhutan,BT,BTN,Native,Mammalia,Bovidae,Capricornis thar,Himalayan Serow,Appendix I – Species threatened with extinction
10594,India,IN,IND,Native,Mammalia,Bovidae,Capricornis thar,Himalayan Serow,Appendix I – Species threatened with extinction
10594,Nepal,NP,NPL,Native,Mammalia,Bovidae,Capricornis thar,Himalayan Serow,Appendix I – Species threatened with extinction
8418,C√¥te d'Ivoire,,,Native,Mammalia,Bovidae,Cephalophus brookei,Brooke's Duiker,Appendix II – Trade regulated
8418,Ghana,GH,GHA,Native,Mammalia,Bovidae,Cephalophus brookei,Brooke's Duiker,Appendix II – Trade regulated
8418,Liberia,LR,LBR,Native,Mammalia,Bovidae,Cephalophus brookei,Brooke's Duiker,Appendix II – Trade regulated
8418,Sierra Leone,SL,SLE,Native,Mammalia,Bovidae,Cephalophus brookei,Brooke's Duiker,Appendix II – Trade regulated
4497,Angola,AO,AGO,Native,Mammalia,Bovidae,Cephalophus dorsalis,Bay Duiker,Appendix II – Trade regulated
4497,Burkina Faso,BF,BFA,Native,Mammalia,Bovidae,Cephalophus dorsalis,Bay Duiker,Appendix II – Trade regulated
4497,Cameroon,CM,CMR,Native,Mammalia,Bovidae,Cephalophus dorsalis,Bay Duiker,Appendix II – Trade regulated
4497,Central African Republic,CF,CAF,Native,Mammalia,Bovidae,Cephalophus dorsalis,Bay Duiker,Appendix II – Trade regulated
4497,Congo,,,Native,Mammalia,Bovidae,Cephalophus dorsalis,Bay Duiker,Appendix II – Trade regulated
4497,C√¥te d'Ivoire,,,Native,Mammalia,Bovidae,Cephalophus dorsalis,Bay Duiker,Appendix II – Trade regulated
4497,Democratic Republic of the Congo,CD,COD,Native,Mammalia,Bovidae,Cephalophus dorsalis,Bay Duiker,Appendix II – Trade regulated
4497,Equatorial Guinea,GQ,GNQ,Native,Mammalia,Bovidae,Cephalophus dorsalis,Bay Duiker,Appendix II – Trade regulated
4497,Gabon,GA,GAB,Native,Mammalia,Bovidae,Cephalophus dorsalis,Bay Duiker,Appendix II – Trade regulated
4497,Ghana,GH,GHA,Native,Mammalia,Bovidae,Cephalophus dorsalis,Bay Duiker,Appendix II – Trade regulated
4497,Guinea,GN,GIN,Native,Mammalia,Bovidae,Cephalophus dorsalis,Bay Duiker,Appendix II – Trade regulated
4497,Guinea Bissau,,,Native,Mammalia,Bovidae,Cephalophus dorsalis,Bay Duiker,Appendix II – Trade regulated
4497,Liberia,LR,LBR,Native,Mammalia,Bovidae,Cephalophus dorsalis,Bay Duiker,Appendix II – Trade regulated
4497,Nigeria,NG,NGA,Native,Mammalia,Bovidae,Cephalophus dorsalis,Bay Duiker,Appendix II – Trade regulated
4497,Sierra Leone,SL,SLE,Native,Mammalia,Bovidae,Cephalophus dorsalis,Bay Duiker,Appendix II – Trade regulated
4497,Togo,TG,TGO,Native,Mammalia,Bovidae,Cephalophus dorsalis,Bay Duiker,Appendix II – Trade regulated
4497,Uganda,UG,UGA,Extinct,Mammalia,Bovidae,Cephalophus dorsalis,Bay Duiker,Appendix II – Trade regulated
4194,C√¥te d'Ivoire,,,Native,Mammalia,Bovidae,Cephalophus jentinki,Jentink's Duiker,Appendix I – Species threatened with extinction
4194,Liberia,LR,LBR,Native,Mammalia,Bovidae,Cephalophus jentinki,Jentink's Duiker,Appendix I – Species threatened with extinction
4194,Sierra Leone,SL,SLE,Native,Mammalia,Bovidae,Cephalophus jentinki,Jentink's Duiker,Appendix I – Species threatened with extinction
8002,Cameroon,CM,CMR,Native,Mammalia,Bovidae,Cephalophus ogilbyi,Ogilby's Duiker,Appendix II – Trade regulated
8002,Equatorial Guinea,GQ,GNQ,Native,Mammalia,Bovidae,Cephalophus ogilbyi,Ogilby's Duiker,Appendix II – Trade regulated
8002,Gabon,GA,GAB,Native,Mammalia,Bovidae,Cephalophus ogilbyi,Ogilby's Duiker,Appendix II – Trade regulated
8002,Liberia,LR,LBR,Native,Mammalia,Bovidae,Cephalophus ogilbyi,Ogilby's Duiker,Appendix II – Trade regulated
8002,Nigeria,NG,NGA,Native,Mammalia,Bovidae,Cephalophus ogilbyi,Ogilby's Duiker,Appendix II – Trade regulated
8002,Sierra Leone,SL,SLE,Native,Mammalia,Bovidae,Cephalophus ogilbyi,Ogilby's Duiker,Appendix II – Trade regulated
10119,Angola,AO,AGO,Native,Mammalia,Bovidae,Cephalophus silvicultor,Yellow-backed Duiker,Appendix II – Trade regulated
10119,Benin,BJ,BEN,Native,Mammalia,Bovidae,Cephalophus silvicultor,Yellow-backed Duiker,Appendix II – Trade regulated
10119,Burkina Faso,BF,BFA,Native,Mammalia,Bovidae,Cephalophus silvicultor,Yellow-backed Duiker,Appendix II – Trade regulated
10119,Burundi,BI,BDI,Native,Mammalia,Bovidae,Cephalophus silvicultor,Yellow-backed Duiker,Appendix II – Trade regulated
10119,Cameroon,CM,CMR,Native,Mammalia,Bovidae,Cephalophus silvicultor,Yellow-backed Duiker,Appendix II – Trade regulated
10119,Central African Republic,CF,CAF,Native,Mammalia,Bovidae,Cephalophus silvicultor,Yellow-backed Duiker,Appendix II – Trade regulated
10119,Chad,TD,TCD,Native,Mammalia,Bovidae,Cephalophus silvicultor,Yellow-backed Duiker,Appendix II – Trade regulated
10119,Congo,,,Native,Mammalia,Bovidae,Cephalophus silvicultor,Yellow-backed Duiker,Appendix II – Trade regulated
10119,C√¥te d'Ivoire,,,Native,Mammalia,Bovidae,Cephalophus silvicultor,Yellow-backed Duiker,Appendix II – Trade regulated
10119,Democratic Republic of the Congo,CD,COD,Native,Mammalia,Bovidae,Cephalophus silvicultor,Yellow-backed Duiker,Appendix II – Trade regulated
10119,Equatorial Guinea,GQ,GNQ,Native,Mammalia,Bovidae,Cephalophus silvicultor,Yellow-backed Duiker,Appendix II – Trade regulated
10119,Gabon,GA,GAB,Native,Mammalia,Bovidae,Cephalophus silvicultor,Yellow-backed Duiker,Appendix II – Trade regulated
10119,Ghana,GH,GHA,Native,Mammalia,Bovidae,Cephalophus silvicultor,Yellow-backed Duiker,Appendix II – Trade regulated
10119,Guinea,GN,GIN,Native,Mammalia,Bovidae,Cephalophus silvicultor,Yellow-backed Duiker,Appendix II – Trade regulated
10119,Guinea Bissau,,,Native,Mammalia,Bovidae,Cephalophus silvicultor,Yellow-backed Duiker,Appendix II – Trade regulated
10119,Kenya,KE,KEN,Native,Mammalia,Bovidae,Cephalophus silvicultor,Yellow-backed Duiker,Appendix II – Trade regulated
10119,Liberia,LR,LBR,Native,Mammalia,Bovidae,Cephalophus silvicultor,Yellow-backed Duiker,Appendix II – Trade regulated
10119,Nigeria,NG,NGA,Native,Mammalia,Bovidae,Cephalophus silvicultor,Yellow-backed Duiker,Appendix II – Trade regulated
10119,Senegal,SN,SEN,Native,Mammalia,Bovidae,Cephalophus silvicultor,Yellow-backed Duiker,Appendix II – Trade regulated
10119,Sierra Leone,SL,SLE,Native,Mammalia,Bovidae,Cephalophus silvicultor,Yellow-backed Duiker,Appendix II – Trade regulated
10119,South Sudan,SS,SSD,Native,Mammalia,Bovidae,Cephalophus silvicultor,Yellow-backed Duiker,Appendix II – Trade regulated
10119,Togo,TG,TGO,Native,Mammalia,Bovidae,Cephalophus silvicultor,Yellow-backed Duiker,Appendix II – Trade regulated
10119,Uganda,UG,UGA,Native,Mammalia,Bovidae,Cephalophus silvicultor,Yellow-backed Duiker,Appendix II – Trade regulated
10119,Zambia,ZM,ZMB,Native,Mammalia,Bovidae,Cephalophus silvicultor,Yellow-backed Duiker,Appendix II – Trade regulated
7092,C√¥te d'Ivoire,,,Native,Mammalia,Bovidae,Cephalophus zebra,Zebra Duiker,Appendix II – Trade regulated
7092,Liberia,LR,LBR,Native,Mammalia,Bovidae,Cephalophus zebra,Zebra Duiker,Appendix II – Trade regulated
7092,Sierra Leone,SL,SLE,Native,Mammalia,Bovidae,Cephalophus zebra,Zebra Duiker,Appendix II – Trade regulated
12162,South Africa,ZA,ZAF,Native,Mammalia,Bovidae,Damaliscus pygargus pygargus,Bontebok,Appendix II – Trade regulated
65567,Afghanistan,AF,AFG,Native,Mammalia,Bovidae,Gazella bennettii,Chinkara (Indian Gazelle),Appendix III – National protection
65567,India,IN,IND,Native,Mammalia,Bovidae,Gazella bennettii,Chinkara (Indian Gazelle),Appendix III – National protection
65567,Iran (Islamic Republic of),,,Native,Mammalia,Bovidae,Gazella bennettii,Chinkara (Indian Gazelle),Appendix III – National protection
65567,Pakistan,PK,PAK,Native,Mammalia,Bovidae,Gazella bennettii,Chinkara (Indian Gazelle),Appendix III – National protection
3080,Algeria,DZ,DZA,Native,Mammalia,Bovidae,Gazella cuvieri,Cuvier's Gazelle,Appendix I – Species threatened with extinction
3080,Morocco,MA,MAR,Native,Mammalia,Bovidae,Gazella cuvieri,Cuvier's Gazelle,Appendix I – Species threatened with extinction
3080,Tunisia,TN,TUN,Native,Mammalia,Bovidae,Gazella cuvieri,Cuvier's Gazelle,Appendix I – Species threatened with extinction
3080,Western Sahara,EH,ESH,Native,Mammalia,Bovidae,Gazella cuvieri,Cuvier's Gazelle,Appendix I – Species threatened with extinction
5673,Algeria,DZ,DZA,Native,Mammalia,Bovidae,Gazella dorcas,Dorcas Gazelle,Appendix III – National protection
5673,Burkina Faso,BF,BFA,Native,Mammalia,Bovidae,Gazella dorcas,Dorcas Gazelle,Appendix III – National protection
5673,Chad,TD,TCD,Native,Mammalia,Bovidae,Gazella dorcas,Dorcas Gazelle,Appendix III – National protection
5673,Djibouti,DJ,DJI,Native,Mammalia,Bovidae,Gazella dorcas,Dorcas Gazelle,Appendix III – National protection
5673,Egypt,EG,EGY,Native,Mammalia,Bovidae,Gazella dorcas,Dorcas Gazelle,Appendix III – National protection
5673,Eritrea,ER,ERI,Native,Mammalia,Bovidae,Gazella dorcas,Dorcas Gazelle,Appendix III – National protection
5673,Ethiopia,ET,ETH,Native,Mammalia,Bovidae,Gazella dorcas,Dorcas Gazelle,Appendix III – National protection
5673,Israel,IL,ISR,Native,Mammalia,Bovidae,Gazella dorcas,Dorcas Gazelle,Appendix III – National protection
5673,Jordan,JO,JOR,Native,Mammalia,Bovidae,Gazella dorcas,Dorcas Gazelle,Appendix III – National protection
5673,Libya,LY,LBY,Native,Mammalia,Bovidae,Gazella dorcas,Dorcas Gazelle,Appendix III – National protection
5673,Mali,ML,MLI,Native,Mammalia,Bovidae,Gazella dorcas,Dorcas Gazelle,Appendix III – National protection
5673,Mauritania,MR,MRT,Native,Mammalia,Bovidae,Gazella dorcas,Dorcas Gazelle,Appendix III – National protection
5673,Morocco,MA,MAR,Native,Mammalia,Bovidae,Gazella dorcas,Dorcas Gazelle,Appendix III – National protection
5673,Niger,NE,NER,Native,Mammalia,Bovidae,Gazella dorcas,Dorcas Gazelle,Appendix III – National protection
5673,Somalia,SO,SOM,Native,Mammalia,Bovidae,Gazella dorcas,Dorcas Gazelle,Appendix III – National protection
5673,Sudan,SD,SDN,Native,Mammalia,Bovidae,Gazella dorcas,Dorcas Gazelle,Appendix III – National protection
5673,Tunisia,TN,TUN,Native,Mammalia,Bovidae,Gazella dorcas,Dorcas Gazelle,Appendix III – National protection
5673,Western Sahara,EH,ESH,Native,Mammalia,Bovidae,Gazella dorcas,Dorcas Gazelle,Appendix III – National protection
5673,Senegal,SN,SEN,Reintroduced,Mammalia,Bovidae,Gazella dorcas,Dorcas Gazelle,Appendix III – National protection
5673,Senegal,SN,SEN,Extinct,Mammalia,Bovidae,Gazella dorcas,Dorcas Gazelle,Appendix III – National protection
9611,Algeria,DZ,DZA,Native,Mammalia,Bovidae,Gazella leptoceros,Rhim Gazelle (Slender-horned Gazelle),Appendix I – Species threatened with extinction
9611,Chad,TD,TCD,Native,Mammalia,Bovidae,Gazella leptoceros,Rhim Gazelle (Slender-horned Gazelle),Appendix I – Species threatened with extinction
9611,Egypt,EG,EGY,Native,Mammalia,Bovidae,Gazella leptoceros,Rhim Gazelle (Slender-horned Gazelle),Appendix I – Species threatened with extinction
9611,Libya,LY,LBY,Native,Mammalia,Bovidae,Gazella leptoceros,Rhim Gazelle (Slender-horned Gazelle),Appendix I – Species threatened with extinction
9611,Mali,ML,MLI,Native,Mammalia,Bovidae,Gazella leptoceros,Rhim Gazelle (Slender-horned Gazelle),Appendix I – Species threatened with extinction
9611,Niger,NE,NER,Native,Mammalia,Bovidae,Gazella leptoceros,Rhim Gazelle (Slender-horned Gazelle),Appendix I – Species threatened with extinction
9611,Sudan,SD,SDN,Native,Mammalia,Bovidae,Gazella leptoceros,Rhim Gazelle (Slender-horned Gazelle),Appendix I – Species threatened with extinction
9611,Tunisia,TN,TUN,Native,Mammalia,Bovidae,Gazella leptoceros,Rhim Gazelle (Slender-horned Gazelle),Appendix I – Species threatened with extinction
12301,Angola,AO,AGO,Native,Mammalia,Bovidae,Hippotragus niger variani,Giant Sable Antelope,Appendix I – Species threatened with extinction
4050,Angola,AO,AGO,Native,Mammalia,Bovidae,Kobus leche,Lechwe,Appendix II – Trade regulated
4050,Botswana,BW,BWA,Native,Mammalia,Bovidae,Kobus leche,Lechwe,Appendix II – Trade regulated
4050,Democratic Republic of the Congo,CD,COD,Native,Mammalia,Bovidae,Kobus leche,Lechwe,Appendix II – Trade regulated
4050,Namibia,NA,NAM,Native,Mammalia,Bovidae,Kobus leche,Lechwe,Appendix II – Trade regulated
4050,Zambia,ZM,ZMB,Native,Mammalia,Bovidae,Kobus leche,Lechwe,Appendix II – Trade regulated
4050,South Africa,ZA,ZAF,Introduced,Mammalia,Bovidae,Kobus leche,Lechwe,Appendix II – Trade regulated
4344,China,CN,CHN,Native,Mammalia,Bovidae,Naemorhedus baileyi,Red Goral,Appendix I – Species threatened with extinction
4344,India,IN,IND,Native,Mammalia,Bovidae,Naemorhedus baileyi,Red Goral,Appendix I – Species threatened with extinction
4344,Myanmar,MM,MMR,Native,Mammalia,Bovidae,Naemorhedus baileyi,Red Goral,Appendix I – Species threatened with extinction
7159,China,CN,CHN,Native,Mammalia,Bovidae,Naemorhedus caudatus,Long-tailed Goral,Appendix I – Species threatened with extinction
7159,Democratic People's Republic of Korea,,,Native,Mammalia,Bovidae,Naemorhedus caudatus,Long-tailed Goral,Appendix I – Species threatened with extinction
7159,Republic of Korea,,,Native,Mammalia,Bovidae,Naemorhedus caudatus,Long-tailed Goral,Appendix I – Species threatened with extinction
7159,Russian Federation,,,Native,Mammalia,Bovidae,Naemorhedus caudatus,Long-tailed Goral,Appendix I – Species threatened with extinction
9378,Bhutan,BT,BTN,Native,Mammalia,Bovidae,Naemorhedus goral,Himalayan Goral,Appendix I – Species threatened with extinction
9378,China,CN,CHN,Native,Mammalia,Bovidae,Naemorhedus goral,Himalayan Goral,Appendix I – Species threatened with extinction
9378,India,IN,IND,Native,Mammalia,Bovidae,Naemorhedus goral,Himalayan Goral,Appendix I – Species threatened with extinction
9378,Nepal,NP,NPL,Native,Mammalia,Bovidae,Naemorhedus goral,Himalayan Goral,Appendix I – Species threatened with extinction
9378,Pakistan,PK,PAK,Native,Mammalia,Bovidae,Naemorhedus goral,Himalayan Goral,Appendix I – Species threatened with extinction
6231,China,CN,CHN,Native,Mammalia,Bovidae,Naemorhedus griseus,Chinese Goral,Appendix I – Species threatened with extinction
6231,India,IN,IND,Native,Mammalia,Bovidae,Naemorhedus griseus,Chinese Goral,Appendix I – Species threatened with extinction
6231,Myanmar,MM,MMR,Native,Mammalia,Bovidae,Naemorhedus griseus,Chinese Goral,Appendix I – Species threatened with extinction
6231,Thailand,TH,THA,Native,Mammalia,Bovidae,Naemorhedus griseus,Chinese Goral,Appendix I – Species threatened with extinction
6231,Viet Nam,,,Native,Mammalia,Bovidae,Naemorhedus griseus,Chinese Goral,Appendix I – Species threatened with extinction
10002,Algeria,DZ,DZA,Native,Mammalia,Bovidae,Nanger dama,Dama Gazelle,Appendix I – Species threatened with extinction
10002,Chad,TD,TCD,Native,Mammalia,Bovidae,Nanger dama,Dama Gazelle,Appendix I – Species threatened with extinction
10002,Egypt,EG,EGY,Native,Mammalia,Bovidae,Nanger dama,Dama Gazelle,Appendix I – Species threatened with extinction
10002,Mali,ML,MLI,Native,Mammalia,Bovidae,Nanger dama,Dama Gazelle,Appendix I – Species threatened with extinction
10002,Morocco,MA,MAR,Native,Mammalia,Bovidae,Nanger dama,Dama Gazelle,Appendix I – Species threatened with extinction
10002,Niger,NE,NER,Native,Mammalia,Bovidae,Nanger dama,Dama Gazelle,Appendix I – Species threatened with extinction
10002,Senegal,SN,SEN,Reintroduced,Mammalia,Bovidae,Nanger dama,Dama Gazelle,Appendix I – Species threatened with extinction
10002,Libya,LY,LBY,Extinct,Mammalia,Bovidae,Nanger dama,Dama Gazelle,Appendix I – Species threatened with extinction
10002,Mauritania,MR,MRT,Extinct,Mammalia,Bovidae,Nanger dama,Dama Gazelle,Appendix I – Species threatened with extinction
10002,Senegal,SN,SEN,Extinct,Mammalia,Bovidae,Nanger dama,Dama Gazelle,Appendix I – Species threatened with extinction
10002,Tunisia,TN,TUN,Extinct,Mammalia,Bovidae,Nanger dama,Dama Gazelle,Appendix I – Species threatened with extinction
11205,South Africa,ZA,ZAF,Introduced,Mammalia,Bovidae,Oryx dammah,Scimitar-horned Oryx,Appendix I – Species threatened with extinction
11205,Morocco,MA,MAR,Reintroduced,Mammalia,Bovidae,Oryx dammah,Scimitar-horned Oryx,Appendix I – Species threatened with extinction
11205,Tunisia,TN,TUN,Reintroduced,Mammalia,Bovidae,Oryx dammah,Scimitar-horned Oryx,Appendix I – Species threatened with extinction
11205,Algeria,DZ,DZA,Extinct,Mammalia,Bovidae,Oryx dammah,Scimitar-horned Oryx,Appendix I – Species threatened with extinction
11205,Burkina Faso,BF,BFA,Extinct,Mammalia,Bovidae,Oryx dammah,Scimitar-horned Oryx,Appendix I – Species threatened with extinction
11205,Chad,TD,TCD,Extinct,Mammalia,Bovidae,Oryx dammah,Scimitar-horned Oryx,Appendix I – Species threatened with extinction
11205,Egypt,EG,EGY,Extinct,Mammalia,Bovidae,Oryx dammah,Scimitar-horned Oryx,Appendix I – Species threatened with extinction
11205,Libya,LY,LBY,Extinct,Mammalia,Bovidae,Oryx dammah,Scimitar-horned Oryx,Appendix I – Species threatened with extinction
11205,Mali,ML,MLI,Extinct,Mammalia,Bovidae,Oryx dammah,Scimitar-horned Oryx,Appendix I – Species threatened with extinction
11205,Mauritania,MR,MRT,Extinct,Mammalia,Bovidae,Oryx dammah,Scimitar-horned Oryx,Appendix I – Species threatened with extinction
11205,Morocco,MA,MAR,Extinct,Mammalia,Bovidae,Oryx dammah,Scimitar-horned Oryx,Appendix I – Species threatened with extinction
11205,Niger,NE,NER,Extinct,Mammalia,Bovidae,Oryx dammah,Scimitar-horned Oryx,Appendix I – Species threatened with extinction
11205,Nigeria,NG,NGA,Extinct,Mammalia,Bovidae,Oryx dammah,Scimitar-horned Oryx,Appendix I – Species threatened with extinction
11205,Senegal,SN,SEN,Extinct,Mammalia,Bovidae,Oryx dammah,Scimitar-horned Oryx,Appendix I – Species threatened with extinction
11205,Sudan,SD,SDN,Extinct,Mammalia,Bovidae,Oryx dammah,Scimitar-horned Oryx,Appendix I – Species threatened with extinction
11205,Tunisia,TN,TUN,Extinct,Mammalia,Bovidae,Oryx dammah,Scimitar-horned Oryx,Appendix I – Species threatened with extinction
11205,Western Sahara,EH,ESH,Extinct,Mammalia,Bovidae,Oryx dammah,Scimitar-horned Oryx,Appendix I – Species threatened with extinction
4154,Bahrain,BH,BHR,Introduced,Mammalia,Bovidae,Oryx leucoryx,Arabian Oryx,Appendix I – Species threatened with extinction
4154,Lebanon,LB,LBN,Introduced,Mammalia,Bovidae,Oryx leucoryx,Arabian Oryx,Appendix I – Species threatened with extinction
4154,Qatar,QA,QAT,Introduced,Mammalia,Bovidae,Oryx leucoryx,Arabian Oryx,Appendix I – Species threatened with extinction
4154,Israel,IL,ISR,Reintroduced,Mammalia,Bovidae,Oryx leucoryx,Arabian Oryx,Appendix I – Species threatened with extinction
4154,Jordan,JO,JOR,Reintroduced,Mammalia,Bovidae,Oryx leucoryx,Arabian Oryx,Appendix I – Species threatened with extinction
4154,Oman,OM,OMN,Reintroduced,Mammalia,Bovidae,Oryx leucoryx,Arabian Oryx,Appendix I – Species threatened with extinction
4154,Saudi Arabia,SA,SAU,Reintroduced,Mammalia,Bovidae,Oryx leucoryx,Arabian Oryx,Appendix I – Species threatened with extinction
4154,Syrian Arab Republic,,,Reintroduced,Mammalia,Bovidae,Oryx leucoryx,Arabian Oryx,Appendix I – Species threatened with extinction
4154,United Arab Emirates,AE,ARE,Reintroduced,Mammalia,Bovidae,Oryx leucoryx,Arabian Oryx,Appendix I – Species threatened with extinction
4154,Egypt,EG,EGY,Extinct,Mammalia,Bovidae,Oryx leucoryx,Arabian Oryx,Appendix I – Species threatened with extinction
4154,Iraq,IQ,IRQ,Extinct,Mammalia,Bovidae,Oryx leucoryx,Arabian Oryx,Appendix I – Species threatened with extinction
4154,Israel,IL,ISR,Extinct,Mammalia,Bovidae,Oryx leucoryx,Arabian Oryx,Appendix I – Species threatened with extinction
4154,Jordan,JO,JOR,Extinct,Mammalia,Bovidae,Oryx leucoryx,Arabian Oryx,Appendix I – Species threatened with extinction
4154,Kuwait,KW,KWT,Extinct,Mammalia,Bovidae,Oryx leucoryx,Arabian Oryx,Appendix I – Species threatened with extinction
4154,Oman,OM,OMN,Extinct,Mammalia,Bovidae,Oryx leucoryx,Arabian Oryx,Appendix I – Species threatened with extinction
4154,Saudi Arabia,SA,SAU,Extinct,Mammalia,Bovidae,Oryx leucoryx,Arabian Oryx,Appendix I – Species threatened with extinction
4154,Syrian Arab Republic,,,Extinct,Mammalia,Bovidae,Oryx leucoryx,Arabian Oryx,Appendix I – Species threatened with extinction
4154,United Arab Emirates,AE,ARE,Extinct,Mammalia,Bovidae,Oryx leucoryx,Arabian Oryx,Appendix I – Species threatened with extinction
4154,Yemen,YE,YEM,Extinct,Mammalia,Bovidae,Oryx leucoryx,Arabian Oryx,Appendix I – Species threatened with extinction
7093,China,CN,CHN,Native,Mammalia,Bovidae,Ovis ammon,Argali,Appendix II – Trade regulated
7093,Kazakhstan,KZ,KAZ,Native,Mammalia,Bovidae,Ovis ammon,Argali,Appendix II – Trade regulated
7093,Mongolia,MN,MNG,Native,Mammalia,Bovidae,Ovis ammon,Argali,Appendix II – Trade regulated
7093,Russian Federation,,,Native,Mammalia,Bovidae,Ovis ammon,Argali,Appendix II – Trade regulated
35596,Oman,OM,OMN,Native,Mammalia,Bovidae,Ovis arabica,Arabian Wild Sheep,Appendix II – Trade regulated
35596,Saudi Arabia,SA,SAU,Native,Mammalia,Bovidae,Ovis arabica,Arabian Wild Sheep,Appendix II – Trade regulated
98436,Afghanistan,AF,AFG,Native,Mammalia,Bovidae,Ovis bochariensis,Bukhara Urial (Uzbek Urial),Appendix II – Trade regulated
98436,Tajikistan,TJ,TJK,Native,Mammalia,Bovidae,Ovis bochariensis,Bukhara Urial (Uzbek Urial),Appendix II – Trade regulated
98436,Turkmenistan,TM,TKM,Native,Mammalia,Bovidae,Ovis bochariensis,Bukhara Urial (Uzbek Urial),Appendix II – Trade regulated
98436,Uzbekistan,UZ,UZB,Native,Mammalia,Bovidae,Ovis bochariensis,Bukhara Urial (Uzbek Urial),Appendix II – Trade regulated
3036,Canada,CA,CAN,Native,Mammalia,Bovidae,Ovis canadensis,Bighorn Sheep,Appendix II – Trade regulated
3036,Mexico,MX,MEX,Native,Mammalia,Bovidae,Ovis canadensis,Bighorn Sheep,Appendix II – Trade regulated
3036,United States of America,US,USA,Native,Mammalia,Bovidae,Ovis canadensis,Bighorn Sheep,Appendix II – Trade regulated
98883,China,CN,CHN,Native,Mammalia,Bovidae,Ovis collium,Kazakhstan Argali,Appendix II – Trade regulated
98883,Kazakhstan,KZ,KAZ,Native,Mammalia,Bovidae,Ovis collium,Kazakhstan Argali,Appendix II – Trade regulated
98424,Afghanistan,AF,AFG,Native,Mammalia,Bovidae,Ovis cycloceros,Afghan Urial,Appendix II – Trade regulated
98424,Iran (Islamic Republic of),,,Native,Mammalia,Bovidae,Ovis cycloceros,Afghan Urial,Appendix II – Trade regulated
98424,Kazakhstan,KZ,KAZ,Native,Mammalia,Bovidae,Ovis cycloceros,Afghan Urial,Appendix II – Trade regulated
98424,Pakistan,PK,PAK,Native,Mammalia,Bovidae,Ovis cycloceros,Afghan Urial,Appendix II – Trade regulated
98424,Turkmenistan,TM,TKM,Native,Mammalia,Bovidae,Ovis cycloceros,Afghan Urial,Appendix II – Trade regulated
98884,China,CN,CHN,Native,Mammalia,Bovidae,Ovis darwini,Gobi Argali (Darwin's Argali),Appendix II – Trade regulated
98884,Mongolia,MN,MNG,Native,Mammalia,Bovidae,Ovis darwini,Gobi Argali (Darwin's Argali),Appendix II – Trade regulated
33589,Cyprus,CY,CYP,Native,Mammalia,Bovidae,Ovis gmelini,Anatolian Wild Sheep (Mouflon),Appendix I – Species threatened with extinction
98423,China,CN,CHN,Native,Mammalia,Bovidae,Ovis hodgsoni,Tibetan Argali,Appendix I – Species threatened with extinction
98423,India,IN,IND,Native,Mammalia,Bovidae,Ovis hodgsoni,Tibetan Argali,Appendix I – Species threatened with extinction
98423,Nepal,NP,NPL,Native,Mammalia,Bovidae,Ovis hodgsoni,Tibetan Argali,Appendix I – Species threatened with extinction
98423,Bhutan,BT,BTN,Extinct,Mammalia,Bovidae,Ovis hodgsoni,Tibetan Argali,Appendix I – Species threatened with extinction
32866,China,CN,CHN,Extinct,Mammalia,Bovidae,Ovis jubata,Manchurian Argali,Appendix II – Trade regulated
32866,Mongolia,MN,MNG,Extinct,Mammalia,Bovidae,Ovis jubata,Manchurian Argali,Appendix II – Trade regulated
98885,China,CN,CHN,Native,Mammalia,Bovidae,Ovis karelini,Tianshan Argali,Appendix II – Trade regulated
98885,Kazakhstan,KZ,KAZ,Native,Mammalia,Bovidae,Ovis karelini,Tianshan Argali,Appendix II – Trade regulated
98885,Kyrgyzstan,KG,KGZ,Native,Mammalia,Bovidae,Ovis karelini,Tianshan Argali,Appendix II – Trade regulated
98885,Uzbekistan,UZ,UZB,Native,Mammalia,Bovidae,Ovis karelini,Tianshan Argali,Appendix II – Trade regulated
30824,Kazakhstan,KZ,KAZ,Native,Mammalia,Bovidae,Ovis nigrimontana,Karaganda Argali,Appendix I – Species threatened with extinction
98886,Afghanistan,AF,AFG,Native,Mammalia,Bovidae,Ovis polii,Marco Polo Argali,Appendix II – Trade regulated
98886,China,CN,CHN,Native,Mammalia,Bovidae,Ovis polii,Marco Polo Argali,Appendix II – Trade regulated
98886,Kyrgyzstan,KG,KGZ,Native,Mammalia,Bovidae,Ovis polii,Marco Polo Argali,Appendix II – Trade regulated
98886,Pakistan,PK,PAK,Native,Mammalia,Bovidae,Ovis polii,Marco Polo Argali,Appendix II – Trade regulated
98886,Tajikistan,TJ,TJK,Native,Mammalia,Bovidae,Ovis polii,Marco Polo Argali,Appendix II – Trade regulated
98952,Pakistan,PK,PAK,Native,Mammalia,Bovidae,Ovis punjabiensis,Punjab Urial,Appendix II – Trade regulated
98887,Uzbekistan,UZ,UZB,Native,Mammalia,Bovidae,Ovis severtzovi,Severtzov's Argali,Appendix II – Trade regulated
4814,India,IN,IND,Native,Mammalia,Bovidae,Ovis vignei,Ladakh Urial,Appendix I – Species threatened with extinction
4814,Pakistan,PK,PAK,Native,Mammalia,Bovidae,Ovis vignei,Ladakh Urial,Appendix I – Species threatened with extinction
8117,China,CN,CHN,Native,Mammalia,Bovidae,Pantholops hodgsonii,Chiru (Tibetan Antelope),Appendix I – Species threatened with extinction
8117,India,IN,IND,Native,Mammalia,Bovidae,Pantholops hodgsonii,Chiru (Tibetan Antelope),Appendix I – Species threatened with extinction
8117,Nepal,NP,NPL,Native,Mammalia,Bovidae,Pantholops hodgsonii,Chiru (Tibetan Antelope),Appendix I – Species threatened with extinction
101271,Benin,BJ,BEN,Native,Mammalia,Bovidae,Philantomba maxwellii,Maxwell's Duiker,Appendix II – Trade regulated
101271,Burkina Faso,BF,BFA,Native,Mammalia,Bovidae,Philantomba maxwellii,Maxwell's Duiker,Appendix II – Trade regulated
101271,C√¥te d'Ivoire,,,Native,Mammalia,Bovidae,Philantomba maxwellii,Maxwell's Duiker,Appendix II – Trade regulated
101271,Gambia,GM,GMB,Native,Mammalia,Bovidae,Philantomba maxwellii,Maxwell's Duiker,Appendix II – Trade regulated
101271,Guinea,GN,GIN,Native,Mammalia,Bovidae,Philantomba maxwellii,Maxwell's Duiker,Appendix II – Trade regulated
101271,Guinea Bissau,,,Native,Mammalia,Bovidae,Philantomba maxwellii,Maxwell's Duiker,Appendix II – Trade regulated
101271,Nigeria,NG,NGA,Native,Mammalia,Bovidae,Philantomba maxwellii,Maxwell's Duiker,Appendix II – Trade regulated
101271,Senegal,SN,SEN,Native,Mammalia,Bovidae,Philantomba maxwellii,Maxwell's Duiker,Appendix II – Trade regulated
101271,Sierra Leone,SL,SLE,Native,Mammalia,Bovidae,Philantomba maxwellii,Maxwell's Duiker,Appendix II – Trade regulated
101271,Togo,TG,TGO,Native,Mammalia,Bovidae,Philantomba maxwellii,Maxwell's Duiker,Appendix II – Trade regulated
9997,Angola,AO,AGO,Native,Mammalia,Bovidae,Philantomba monticola,Blue Duiker,Appendix II – Trade regulated
9997,Burundi,BI,BDI,Native,Mammalia,Bovidae,Philantomba monticola,Blue Duiker,Appendix II – Trade regulated
9997,Cameroon,CM,CMR,Native,Mammalia,Bovidae,Philantomba monticola,Blue Duiker,Appendix II – Trade regulated
9997,Central African Republic,CF,CAF,Native,Mammalia,Bovidae,Philantomba monticola,Blue Duiker,Appendix II – Trade regulated
9997,Congo,,,Native,Mammalia,Bovidae,Philantomba monticola,Blue Duiker,Appendix II – Trade regulated
9997,Democratic Republic of the Congo,CD,COD,Native,Mammalia,Bovidae,Philantomba monticola,Blue Duiker,Appendix II – Trade regulated
9997,Equatorial Guinea,GQ,GNQ,Native,Mammalia,Bovidae,Philantomba monticola,Blue Duiker,Appendix II – Trade regulated
9997,Ethiopia,ET,ETH,Native,Mammalia,Bovidae,Philantomba monticola,Blue Duiker,Appendix II – Trade regulated
9997,Gabon,GA,GAB,Native,Mammalia,Bovidae,Philantomba monticola,Blue Duiker,Appendix II – Trade regulated
9997,Kenya,KE,KEN,Native,Mammalia,Bovidae,Philantomba monticola,Blue Duiker,Appendix II – Trade regulated
9997,Malawi,MW,MWI,Native,Mammalia,Bovidae,Philantomba monticola,Blue Duiker,Appendix II – Trade regulated
9997,Mozambique,MZ,MOZ,Native,Mammalia,Bovidae,Philantomba monticola,Blue Duiker,Appendix II – Trade regulated
9997,Nigeria,NG,NGA,Native,Mammalia,Bovidae,Philantomba monticola,Blue Duiker,Appendix II – Trade regulated
9997,Rwanda,RW,RWA,Native,Mammalia,Bovidae,Philantomba monticola,Blue Duiker,Appendix II – Trade regulated
9997,South Africa,ZA,ZAF,Native,Mammalia,Bovidae,Philantomba monticola,Blue Duiker,Appendix II – Trade regulated
9997,South Sudan,SS,SSD,Native,Mammalia,Bovidae,Philantomba monticola,Blue Duiker,Appendix II – Trade regulated
9997,Sudan [prior to secession of South Sudan],,,Native,Mammalia,Bovidae,Philantomba monticola,Blue Duiker,Appendix II – Trade regulated
9997,Uganda,UG,UGA,Native,Mammalia,Bovidae,Philantomba monticola,Blue Duiker,Appendix II – Trade regulated
9997,United Republic of Tanzania,TZ,TZA,Native,Mammalia,Bovidae,Philantomba monticola,Blue Duiker,Appendix II – Trade regulated
9997,Zambia,ZM,ZMB,Native,Mammalia,Bovidae,Philantomba monticola,Blue Duiker,Appendix II – Trade regulated
9997,Zimbabwe,ZW,ZWE,Native,Mammalia,Bovidae,Philantomba monticola,Blue Duiker,Appendix II – Trade regulated
65584,Bhutan,BT,BTN,Native,Mammalia,Bovidae,Pseudois nayaur,Bharal (Blue Sheep),Appendix III – National protection
65584,China,CN,CHN,Native,Mammalia,Bovidae,Pseudois nayaur,Bharal (Blue Sheep),Appendix III – National protection
65584,India,IN,IND,Native,Mammalia,Bovidae,Pseudois nayaur,Bharal (Blue Sheep),Appendix III – National protection
65584,Myanmar,MM,MMR,Native,Mammalia,Bovidae,Pseudois nayaur,Bharal (Blue Sheep),Appendix III – National protection
65584,Nepal,NP,NPL,Native,Mammalia,Bovidae,Pseudois nayaur,Bharal (Blue Sheep),Appendix III – National protection
65584,Pakistan,PK,PAK,Native,Mammalia,Bovidae,Pseudois nayaur,Bharal (Blue Sheep),Appendix III – National protection
65584,Tajikistan,TJ,TJK,Native,Mammalia,Bovidae,Pseudois nayaur,Bharal (Blue Sheep),Appendix III – National protection
10395,Lao People's Democratic Republic,,,Native,Mammalia,Bovidae,Pseudoryx nghetinhensis,Saola,Appendix I – Species threatened with extinction
10395,Viet Nam,,,Native,Mammalia,Bovidae,Pseudoryx nghetinhensis,Saola,Appendix I – Species threatened with extinction
12328,Italy,IT,ITA,Native,Mammalia,Bovidae,Rupicapra pyrenaica ornata,Abruzzo Chamois,Appendix II – Trade regulated
9751,Mongolia,MN,MNG,Native,Mammalia,Bovidae,Saiga borealis,Altai Saiga,Appendix II – Trade regulated
9751,Russian Federation,,,Extinct,Mammalia,Bovidae,Saiga borealis,Altai Saiga,Appendix II – Trade regulated
8765,Kazakhstan,KZ,KAZ,Native,Mammalia,Bovidae,Saiga tatarica,Saiga Antelope,Appendix II – Trade regulated
8765,Mongolia,MN,MNG,Native,Mammalia,Bovidae,Saiga tatarica,Saiga Antelope,Appendix II – Trade regulated
8765,Russian Federation,,,Native,Mammalia,Bovidae,Saiga tatarica,Saiga Antelope,Appendix II – Trade regulated
8765,Turkmenistan,TM,TKM,Native,Mammalia,Bovidae,Saiga tatarica,Saiga Antelope,Appendix II – Trade regulated
8765,Uzbekistan,UZ,UZB,Native,Mammalia,Bovidae,Saiga tatarica,Saiga Antelope,Appendix II – Trade regulated
8765,China,CN,CHN,Extinct,Mammalia,Bovidae,Saiga tatarica,Saiga Antelope,Appendix II – Trade regulated
8765,Poland,PL,POL,Extinct,Mammalia,Bovidae,Saiga tatarica,Saiga Antelope,Appendix II – Trade regulated
8765,Republic of Moldova,,,Extinct,Mammalia,Bovidae,Saiga tatarica,Saiga Antelope,Appendix II – Trade regulated
8765,Ukraine,UA,UKR,Extinct,Mammalia,Bovidae,Saiga tatarica,Saiga Antelope,Appendix II – Trade regulated
9831,India,IN,IND,Native,Mammalia,Bovidae,Tetracerus quadricornis,Four-horned Antelope,Appendix III – National protection
9831,Nepal,NP,NPL,Native,Mammalia,Bovidae,Tetracerus quadricornis,Four-horned Antelope,Appendix III – National protection
10716,Argentina,AR,ARG,Native,Mammalia,Camelidae,Lama guanicoe,Guanaco,Appendix II – Trade regulated
10716,Bolivia (Plurinational State of),,,Native,Mammalia,Camelidae,Lama guanicoe,Guanaco,Appendix II – Trade regulated
10716,Chile,CL,CHL,Native,Mammalia,Camelidae,Lama guanicoe,Guanaco,Appendix II – Trade regulated
10716,Paraguay,PY,PRY,Native,Mammalia,Camelidae,Lama guanicoe,Guanaco,Appendix II – Trade regulated
10716,Peru,PE,PER,Native,Mammalia,Camelidae,Lama guanicoe,Guanaco,Appendix II – Trade regulated
10716,Falkland Islands (Malvinas),,,Introduced,Mammalia,Camelidae,Lama guanicoe,Guanaco,Appendix II – Trade regulated
3436,Argentina,AR,ARG,Native,Mammalia,Camelidae,Vicugna vicugna,Vicuña,Appendix I / II – Status depends on population
3436,Bolivia (Plurinational State of),,,Native,Mammalia,Camelidae,Vicugna vicugna,Vicuña,Appendix I / II – Status depends on population
3436,Chile,CL,CHL,Native,Mammalia,Camelidae,Vicugna vicugna,Vicuña,Appendix I / II – Status depends on population
3436,Peru,PE,PER,Native,Mammalia,Camelidae,Vicugna vicugna,Vicuña,Appendix I / II – Status depends on population
3436,Ecuador,EC,ECU,Reintroduced,Mammalia,Camelidae,Vicugna vicugna,Vicuña,Appendix I / II – Status depends on population
4889,Philippines,PH,PHL,Native,Mammalia,Cervidae,Axis calamianensis,Calamian Deer,Appendix I – Species threatened with extinction
10380,Indonesia,ID,IDN,Native,Mammalia,Cervidae,Axis kuhlii,Kuhl's Deer (Bawean Deer),Appendix I – Species threatened with extinction
3218,Bhutan,BT,BTN,Native,Mammalia,Cervidae,Axis porcinus,Hog Deer,Appendix III – National protection
3218,Cambodia,KH,KHM,Native,Mammalia,Cervidae,Axis porcinus,Hog Deer,Appendix III – National protection
3218,China,CN,CHN,Native,Mammalia,Cervidae,Axis porcinus,Hog Deer,Appendix III – National protection
3218,India,IN,IND,Native,Mammalia,Cervidae,Axis porcinus,Hog Deer,Appendix III – National protection
3218,Lao People's Democratic Republic,,,Native,Mammalia,Cervidae,Axis porcinus,Hog Deer,Appendix III – National protection
3218,Myanmar,MM,MMR,Native,Mammalia,Cervidae,Axis porcinus,Hog Deer,Appendix III – National protection
3218,Nepal,NP,NPL,Native,Mammalia,Cervidae,Axis porcinus,Hog Deer,Appendix III – National protection
3218,Pakistan,PK,PAK,Native,Mammalia,Cervidae,Axis porcinus,Hog Deer,Appendix III – National protection
3218,Thailand,TH,THA,Native,Mammalia,Cervidae,Axis porcinus,Hog Deer,Appendix III – National protection
3218,Viet Nam,,,Native,Mammalia,Cervidae,Axis porcinus,Hog Deer,Appendix III – National protection
3218,Australia,AU,AUS,Introduced,Mammalia,Cervidae,Axis porcinus,Hog Deer,Appendix III – National protection
3218,United States of America,US,USA,Introduced,Mammalia,Cervidae,Axis porcinus,Hog Deer,Appendix III – National protection
3218,Bangladesh,BD,BGD,Extinct,Mammalia,Cervidae,Axis porcinus,Hog Deer,Appendix III – National protection
12317,Cambodia,KH,KHM,Native,Mammalia,Cervidae,Axis porcinus annamiticus,Indochinese Hog Deer,Appendix I – Species threatened with extinction
12317,China,CN,CHN,Native,Mammalia,Cervidae,Axis porcinus annamiticus,Indochinese Hog Deer,Appendix I – Species threatened with extinction
12317,Lao People's Democratic Republic,,,Native,Mammalia,Cervidae,Axis porcinus annamiticus,Indochinese Hog Deer,Appendix I – Species threatened with extinction
12317,Viet Nam,,,Native,Mammalia,Cervidae,Axis porcinus annamiticus,Indochinese Hog Deer,Appendix I – Species threatened with extinction
12317,Thailand,TH,THA,Extinct,Mammalia,Cervidae,Axis porcinus annamiticus,Indochinese Hog Deer,Appendix I – Species threatened with extinction
3625,Argentina,AR,ARG,Native,Mammalia,Cervidae,Blastocerus dichotomus,Marsh Deer,Appendix I – Species threatened with extinction
3625,Bolivia (Plurinational State of),,,Native,Mammalia,Cervidae,Blastocerus dichotomus,Marsh Deer,Appendix I – Species threatened with extinction
3625,Brazil,BR,BRA,Native,Mammalia,Cervidae,Blastocerus dichotomus,Marsh Deer,Appendix I – Species threatened with extinction
3625,Paraguay,PY,PRY,Native,Mammalia,Cervidae,Blastocerus dichotomus,Marsh Deer,Appendix I – Species threatened with extinction
3625,Peru,PE,PER,Native,Mammalia,Cervidae,Blastocerus dichotomus,Marsh Deer,Appendix I – Species threatened with extinction
3625,Uruguay,UY,URY,Extinct,Mammalia,Cervidae,Blastocerus dichotomus,Marsh Deer,Appendix I – Species threatened with extinction
12260,Afghanistan,AF,AFG,Native,Mammalia,Cervidae,Cervus elaphus bactrianus,Bactrian Deer,Appendix II – Trade regulated
12260,Kazakhstan,KZ,KAZ,Native,Mammalia,Cervidae,Cervus elaphus bactrianus,Bactrian Deer,Appendix II – Trade regulated
12260,Kyrgyzstan,KG,KGZ,Native,Mammalia,Cervidae,Cervus elaphus bactrianus,Bactrian Deer,Appendix II – Trade regulated
12260,Tajikistan,TJ,TJK,Native,Mammalia,Cervidae,Cervus elaphus bactrianus,Bactrian Deer,Appendix II – Trade regulated
12260,Turkmenistan,TM,TKM,Native,Mammalia,Cervidae,Cervus elaphus bactrianus,Bactrian Deer,Appendix II – Trade regulated
12260,Uzbekistan,UZ,UZB,Native,Mammalia,Cervidae,Cervus elaphus bactrianus,Bactrian Deer,Appendix II – Trade regulated
12327,Algeria,DZ,DZA,Native,Mammalia,Cervidae,Cervus elaphus barbarus,Barbary Deer,Appendix III – National protection
12327,Tunisia,TN,TUN,Native,Mammalia,Cervidae,Cervus elaphus barbarus,Barbary Deer,Appendix III – National protection
12327,Morocco,MA,MAR,Extinct,Mammalia,Cervidae,Cervus elaphus barbarus,Barbary Deer,Appendix III – National protection
12225,India,IN,IND,Native,Mammalia,Cervidae,Cervus elaphus hanglu,Hangul (Kashmir Stag),Appendix I – Species threatened with extinction
12225,Pakistan,PK,PAK,Extinct,Mammalia,Cervidae,Cervus elaphus hanglu,Hangul (Kashmir Stag),Appendix I – Species threatened with extinction
12218,Iran (Islamic Republic of),,,Native,Mammalia,Cervidae,Dama dama mesopotamica,Persian Fallow Deer,Appendix I – Species threatened with extinction
12218,Iraq,IQ,IRQ,Native,Mammalia,Cervidae,Dama dama mesopotamica,Persian Fallow Deer,Appendix I – Species threatened with extinction
12218,Israel,IL,ISR,Reintroduced,Mammalia,Cervidae,Dama dama mesopotamica,Persian Fallow Deer,Appendix I – Species threatened with extinction
12218,Israel,IL,ISR,Extinct,Mammalia,Cervidae,Dama dama mesopotamica,Persian Fallow Deer,Appendix I – Species threatened with extinction
12218,Jordan,JO,JOR,Extinct,Mammalia,Cervidae,Dama dama mesopotamica,Persian Fallow Deer,Appendix I – Species threatened with extinction
12218,Lebanon,LB,LBN,Extinct,Mammalia,Cervidae,Dama dama mesopotamica,Persian Fallow Deer,Appendix I – Species threatened with extinction
9206,Argentina,AR,ARG,Native,Mammalia,Cervidae,Hippocamelus antisensis,North Andean Deer (Taruca),Appendix I – Species threatened with extinction
9206,Bolivia (Plurinational State of),,,Native,Mammalia,Cervidae,Hippocamelus antisensis,North Andean Deer (Taruca),Appendix I – Species threatened with extinction
9206,Chile,CL,CHL,Native,Mammalia,Cervidae,Hippocamelus antisensis,North Andean Deer (Taruca),Appendix I – Species threatened with extinction
9206,Ecuador,EC,ECU,Native,Mammalia,Cervidae,Hippocamelus antisensis,North Andean Deer (Taruca),Appendix I – Species threatened with extinction
9206,Peru,PE,PER,Native,Mammalia,Cervidae,Hippocamelus antisensis,North Andean Deer (Taruca),Appendix I – Species threatened with extinction
10636,Argentina,AR,ARG,Native,Mammalia,Cervidae,Hippocamelus bisulcus,South Andean Deer (Huemul),Appendix I – Species threatened with extinction
10636,Chile,CL,CHL,Native,Mammalia,Cervidae,Hippocamelus bisulcus,South Andean Deer (Huemul),Appendix I – Species threatened with extinction
12217,Belize,BZ,BLZ,Native,Mammalia,Cervidae,Mazama temama cerasina,Central American Red Brocket,Appendix III – National protection
12217,Costa Rica,CR,CRI,Native,Mammalia,Cervidae,Mazama temama cerasina,Central American Red Brocket,Appendix III – National protection
12217,El Salvador,SV,SLV,Native,Mammalia,Cervidae,Mazama temama cerasina,Central American Red Brocket,Appendix III – National protection
12217,Guatemala,GT,GTM,Native,Mammalia,Cervidae,Mazama temama cerasina,Central American Red Brocket,Appendix III – National protection
12217,Honduras,HN,HND,Native,Mammalia,Cervidae,Mazama temama cerasina,Central American Red Brocket,Appendix III – National protection
12217,Nicaragua,NI,NIC,Native,Mammalia,Cervidae,Mazama temama cerasina,Central American Red Brocket,Appendix III – National protection
12217,Panama,PA,PAN,Native,Mammalia,Cervidae,Mazama temama cerasina,Central American Red Brocket,Appendix III – National protection
8941,China,CN,CHN,Native,Mammalia,Cervidae,Muntiacus crinifrons,Black Muntjac,Appendix I – Species threatened with extinction
8941,Myanmar,MM,MMR,Native,Mammalia,Cervidae,Muntiacus crinifrons,Black Muntjac,Appendix I – Species threatened with extinction
34430,Lao People's Democratic Republic,,,Native,Mammalia,Cervidae,Muntiacus vuquangensis,Large-antlered Muntjac (Giant Muntjac),Appendix I – Species threatened with extinction
34430,Viet Nam,,,Native,Mammalia,Cervidae,Muntiacus vuquangensis,Large-antlered Muntjac (Giant Muntjac),Appendix I – Species threatened with extinction
8832,Argentina,AR,ARG,Native,Mammalia,Cervidae,Ozotoceros bezoarticus,Pampas Deer,Appendix I – Species threatened with extinction
8832,Bolivia (Plurinational State of),,,Native,Mammalia,Cervidae,Ozotoceros bezoarticus,Pampas Deer,Appendix I – Species threatened with extinction
8832,Brazil,BR,BRA,Native,Mammalia,Cervidae,Ozotoceros bezoarticus,Pampas Deer,Appendix I – Species threatened with extinction
8832,Paraguay,PY,PRY,Native,Mammalia,Cervidae,Ozotoceros bezoarticus,Pampas Deer,Appendix I – Species threatened with extinction
8832,Uruguay,UY,URY,Native,Mammalia,Cervidae,Ozotoceros bezoarticus,Pampas Deer,Appendix I – Species threatened with extinction
5742,Colombia,CO,COL,Native,Mammalia,Cervidae,Pudu mephistophiles,Northern Pudu,Appendix II – Trade regulated
5742,Ecuador,EC,ECU,Native,Mammalia,Cervidae,Pudu mephistophiles,Northern Pudu,Appendix II – Trade regulated
5742,Peru,PE,PER,Native,Mammalia,Cervidae,Pudu mephistophiles,Northern Pudu,Appendix II – Trade regulated
10291,Argentina,AR,ARG,Native,Mammalia,Cervidae,Pudu puda,Southern Pudu,Appendix I – Species threatened with extinction
10291,Chile,CL,CHL,Native,Mammalia,Cervidae,Pudu puda,Southern Pudu,Appendix I – Species threatened with extinction
10612,Bhutan,BT,BTN,Native,Mammalia,Cervidae,Rucervus duvaucelii,Barasingha (Swamp Deer),Appendix I – Species threatened with extinction
10612,India,IN,IND,Native,Mammalia,Cervidae,Rucervus duvaucelii,Barasingha (Swamp Deer),Appendix I – Species threatened with extinction
10612,Nepal,NP,NPL,Native,Mammalia,Cervidae,Rucervus duvaucelii,Barasingha (Swamp Deer),Appendix I – Species threatened with extinction
10612,Bangladesh,BD,BGD,Extinct,Mammalia,Cervidae,Rucervus duvaucelii,Barasingha (Swamp Deer),Appendix I – Species threatened with extinction
10612,Pakistan,PK,PAK,Extinct,Mammalia,Cervidae,Rucervus duvaucelii,Barasingha (Swamp Deer),Appendix I – Species threatened with extinction
4547,Cambodia,KH,KHM,Native,Mammalia,Cervidae,Rucervus eldii,Eld's Deer (Thamin),Appendix I – Species threatened with extinction
4547,China,CN,CHN,Native,Mammalia,Cervidae,Rucervus eldii,Eld's Deer (Thamin),Appendix I – Species threatened with extinction
4547,India,IN,IND,Native,Mammalia,Cervidae,Rucervus eldii,Eld's Deer (Thamin),Appendix I – Species threatened with extinction
4547,Lao People's Democratic Republic,,,Native,Mammalia,Cervidae,Rucervus eldii,Eld's Deer (Thamin),Appendix I – Species threatened with extinction
4547,Myanmar,MM,MMR,Native,Mammalia,Cervidae,Rucervus eldii,Eld's Deer (Thamin),Appendix I – Species threatened with extinction
4547,Thailand,TH,THA,Reintroduced,Mammalia,Cervidae,Rucervus eldii,Eld's Deer (Thamin),Appendix I – Species threatened with extinction
98186,Botswana,BW,BWA,Native,Mammalia,Giraffidae,Giraffa camelopardalis,Giraffe (Northern Giraffe),Appendix II – Trade regulated
98186,Cameroon,CM,CMR,Native,Mammalia,Giraffidae,Giraffa camelopardalis,Giraffe (Northern Giraffe),Appendix II – Trade regulated
98186,Central African Republic,CF,CAF,Native,Mammalia,Giraffidae,Giraffa camelopardalis,Giraffe (Northern Giraffe),Appendix II – Trade regulated
98186,Chad,TD,TCD,Native,Mammalia,Giraffidae,Giraffa camelopardalis,Giraffe (Northern Giraffe),Appendix II – Trade regulated
98186,Democratic Republic of the Congo,CD,COD,Native,Mammalia,Giraffidae,Giraffa camelopardalis,Giraffe (Northern Giraffe),Appendix II – Trade regulated
98186,Ethiopia,ET,ETH,Native,Mammalia,Giraffidae,Giraffa camelopardalis,Giraffe (Northern Giraffe),Appendix II – Trade regulated
98186,Gambia,GM,GMB,Native,Mammalia,Giraffidae,Giraffa camelopardalis,Giraffe (Northern Giraffe),Appendix II – Trade regulated
98186,Kenya,KE,KEN,Native,Mammalia,Giraffidae,Giraffa camelopardalis,Giraffe (Northern Giraffe),Appendix II – Trade regulated
98186,Namibia,NA,NAM,Native,Mammalia,Giraffidae,Giraffa camelopardalis,Giraffe (Northern Giraffe),Appendix II – Trade regulated
98186,Niger,NE,NER,Native,Mammalia,Giraffidae,Giraffa camelopardalis,Giraffe (Northern Giraffe),Appendix II – Trade regulated
98186,Somalia,SO,SOM,Native,Mammalia,Giraffidae,Giraffa camelopardalis,Giraffe (Northern Giraffe),Appendix II – Trade regulated
98186,South Africa,ZA,ZAF,Native,Mammalia,Giraffidae,Giraffa camelopardalis,Giraffe (Northern Giraffe),Appendix II – Trade regulated
98186,South Sudan,SS,SSD,Native,Mammalia,Giraffidae,Giraffa camelopardalis,Giraffe (Northern Giraffe),Appendix II – Trade regulated
98186,Uganda,UG,UGA,Native,Mammalia,Giraffidae,Giraffa camelopardalis,Giraffe (Northern Giraffe),Appendix II – Trade regulated
98186,United Republic of Tanzania,TZ,TZA,Native,Mammalia,Giraffidae,Giraffa camelopardalis,Giraffe (Northern Giraffe),Appendix II – Trade regulated
98186,Zambia,ZM,ZMB,Native,Mammalia,Giraffidae,Giraffa camelopardalis,Giraffe (Northern Giraffe),Appendix II – Trade regulated
98186,Zimbabwe,ZW,ZWE,Native,Mammalia,Giraffidae,Giraffa camelopardalis,Giraffe (Northern Giraffe),Appendix II – Trade regulated
98186,Rwanda,RW,RWA,Introduced,Mammalia,Giraffidae,Giraffa camelopardalis,Giraffe (Northern Giraffe),Appendix II – Trade regulated
98186,Angola,AO,AGO,Reintroduced,Mammalia,Giraffidae,Giraffa camelopardalis,Giraffe (Northern Giraffe),Appendix II – Trade regulated
98186,Eswatini,,,Reintroduced,Mammalia,Giraffidae,Giraffa camelopardalis,Giraffe (Northern Giraffe),Appendix II – Trade regulated
98186,Malawi,MW,MWI,Reintroduced,Mammalia,Giraffidae,Giraffa camelopardalis,Giraffe (Northern Giraffe),Appendix II – Trade regulated
98186,Mozambique,MZ,MOZ,Reintroduced,Mammalia,Giraffidae,Giraffa camelopardalis,Giraffe (Northern Giraffe),Appendix II – Trade regulated
98186,Burkina Faso,BF,BFA,Extinct,Mammalia,Giraffidae,Giraffa camelopardalis,Giraffe (Northern Giraffe),Appendix II – Trade regulated
98186,Eritrea,ER,ERI,Extinct,Mammalia,Giraffidae,Giraffa camelopardalis,Giraffe (Northern Giraffe),Appendix II – Trade regulated
98186,Eswatini,,,Extinct,Mammalia,Giraffidae,Giraffa camelopardalis,Giraffe (Northern Giraffe),Appendix II – Trade regulated
98186,Guinea,GN,GIN,Extinct,Mammalia,Giraffidae,Giraffa camelopardalis,Giraffe (Northern Giraffe),Appendix II – Trade regulated
98186,Mali,ML,MLI,Extinct,Mammalia,Giraffidae,Giraffa camelopardalis,Giraffe (Northern Giraffe),Appendix II – Trade regulated
98186,Mauritania,MR,MRT,Extinct,Mammalia,Giraffidae,Giraffa camelopardalis,Giraffe (Northern Giraffe),Appendix II – Trade regulated
98186,Mozambique,MZ,MOZ,Extinct,Mammalia,Giraffidae,Giraffa camelopardalis,Giraffe (Northern Giraffe),Appendix II – Trade regulated
98186,Nigeria,NG,NGA,Extinct,Mammalia,Giraffidae,Giraffa camelopardalis,Giraffe (Northern Giraffe),Appendix II – Trade regulated
98186,Senegal,SN,SEN,Extinct,Mammalia,Giraffidae,Giraffa camelopardalis,Giraffe (Northern Giraffe),Appendix II – Trade regulated
11049,C√¥te d'Ivoire,,,Native,Mammalia,Hippopotamidae,Hexaprotodon liberiensis,Pygmy Hippopotamus,Appendix II – Trade regulated
11049,Guinea,GN,GIN,Native,Mammalia,Hippopotamidae,Hexaprotodon liberiensis,Pygmy Hippopotamus,Appendix II – Trade regulated
11049,Liberia,LR,LBR,Native,Mammalia,Hippopotamidae,Hexaprotodon liberiensis,Pygmy Hippopotamus,Appendix II – Trade regulated
11049,Sierra Leone,SL,SLE,Native,Mammalia,Hippopotamidae,Hexaprotodon liberiensis,Pygmy Hippopotamus,Appendix II – Trade regulated
11049,Nigeria,NG,NGA,Extinct,Mammalia,Hippopotamidae,Hexaprotodon liberiensis,Pygmy Hippopotamus,Appendix II – Trade regulated
9229,Angola,AO,AGO,Native,Mammalia,Hippopotamidae,Hippopotamus amphibius,Common Hippopotamus,Appendix II – Trade regulated
9229,Benin,BJ,BEN,Native,Mammalia,Hippopotamidae,Hippopotamus amphibius,Common Hippopotamus,Appendix II – Trade regulated
9229,Botswana,BW,BWA,Native,Mammalia,Hippopotamidae,Hippopotamus amphibius,Common Hippopotamus,Appendix II – Trade regulated
9229,Burkina Faso,BF,BFA,Native,Mammalia,Hippopotamidae,Hippopotamus amphibius,Common Hippopotamus,Appendix II – Trade regulated
9229,Burundi,BI,BDI,Native,Mammalia,Hippopotamidae,Hippopotamus amphibius,Common Hippopotamus,Appendix II – Trade regulated
9229,Cameroon,CM,CMR,Native,Mammalia,Hippopotamidae,Hippopotamus amphibius,Common Hippopotamus,Appendix II – Trade regulated
9229,Central African Republic,CF,CAF,Native,Mammalia,Hippopotamidae,Hippopotamus amphibius,Common Hippopotamus,Appendix II – Trade regulated
9229,Chad,TD,TCD,Native,Mammalia,Hippopotamidae,Hippopotamus amphibius,Common Hippopotamus,Appendix II – Trade regulated
9229,Congo,,,Native,Mammalia,Hippopotamidae,Hippopotamus amphibius,Common Hippopotamus,Appendix II – Trade regulated
9229,C√¥te d'Ivoire,,,Native,Mammalia,Hippopotamidae,Hippopotamus amphibius,Common Hippopotamus,Appendix II – Trade regulated
9229,Democratic Republic of the Congo,CD,COD,Native,Mammalia,Hippopotamidae,Hippopotamus amphibius,Common Hippopotamus,Appendix II – Trade regulated
9229,Equatorial Guinea,GQ,GNQ,Native,Mammalia,Hippopotamidae,Hippopotamus amphibius,Common Hippopotamus,Appendix II – Trade regulated
9229,Eritrea,ER,ERI,Native,Mammalia,Hippopotamidae,Hippopotamus amphibius,Common Hippopotamus,Appendix II – Trade regulated
9229,Eswatini,,,Native,Mammalia,Hippopotamidae,Hippopotamus amphibius,Common Hippopotamus,Appendix II – Trade regulated
9229,Ethiopia,ET,ETH,Native,Mammalia,Hippopotamidae,Hippopotamus amphibius,Common Hippopotamus,Appendix II – Trade regulated
9229,Gabon,GA,GAB,Native,Mammalia,Hippopotamidae,Hippopotamus amphibius,Common Hippopotamus,Appendix II – Trade regulated
9229,Gambia,GM,GMB,Native,Mammalia,Hippopotamidae,Hippopotamus amphibius,Common Hippopotamus,Appendix II – Trade regulated
9229,Ghana,GH,GHA,Native,Mammalia,Hippopotamidae,Hippopotamus amphibius,Common Hippopotamus,Appendix II – Trade regulated
9229,Guinea,GN,GIN,Native,Mammalia,Hippopotamidae,Hippopotamus amphibius,Common Hippopotamus,Appendix II – Trade regulated
9229,Guinea Bissau,,,Native,Mammalia,Hippopotamidae,Hippopotamus amphibius,Common Hippopotamus,Appendix II – Trade regulated
9229,Kenya,KE,KEN,Native,Mammalia,Hippopotamidae,Hippopotamus amphibius,Common Hippopotamus,Appendix II – Trade regulated
9229,Malawi,MW,MWI,Native,Mammalia,Hippopotamidae,Hippopotamus amphibius,Common Hippopotamus,Appendix II – Trade regulated
9229,Mali,ML,MLI,Native,Mammalia,Hippopotamidae,Hippopotamus amphibius,Common Hippopotamus,Appendix II – Trade regulated
9229,Mauritania,MR,MRT,Native,Mammalia,Hippopotamidae,Hippopotamus amphibius,Common Hippopotamus,Appendix II – Trade regulated
9229,Mozambique,MZ,MOZ,Native,Mammalia,Hippopotamidae,Hippopotamus amphibius,Common Hippopotamus,Appendix II – Trade regulated
9229,Namibia,NA,NAM,Native,Mammalia,Hippopotamidae,Hippopotamus amphibius,Common Hippopotamus,Appendix II – Trade regulated
9229,Niger,NE,NER,Native,Mammalia,Hippopotamidae,Hippopotamus amphibius,Common Hippopotamus,Appendix II – Trade regulated
9229,Nigeria,NG,NGA,Native,Mammalia,Hippopotamidae,Hippopotamus amphibius,Common Hippopotamus,Appendix II – Trade regulated
9229,Rwanda,RW,RWA,Native,Mammalia,Hippopotamidae,Hippopotamus amphibius,Common Hippopotamus,Appendix II – Trade regulated
9229,Senegal,SN,SEN,Native,Mammalia,Hippopotamidae,Hippopotamus amphibius,Common Hippopotamus,Appendix II – Trade regulated
9229,Sierra Leone,SL,SLE,Native,Mammalia,Hippopotamidae,Hippopotamus amphibius,Common Hippopotamus,Appendix II – Trade regulated
9229,Somalia,SO,SOM,Native,Mammalia,Hippopotamidae,Hippopotamus amphibius,Common Hippopotamus,Appendix II – Trade regulated
9229,South Africa,ZA,ZAF,Native,Mammalia,Hippopotamidae,Hippopotamus amphibius,Common Hippopotamus,Appendix II – Trade regulated
9229,South Sudan,SS,SSD,Native,Mammalia,Hippopotamidae,Hippopotamus amphibius,Common Hippopotamus,Appendix II – Trade regulated
9229,Togo,TG,TGO,Native,Mammalia,Hippopotamidae,Hippopotamus amphibius,Common Hippopotamus,Appendix II – Trade regulated
9229,Uganda,UG,UGA,Native,Mammalia,Hippopotamidae,Hippopotamus amphibius,Common Hippopotamus,Appendix II – Trade regulated
9229,United Republic of Tanzania,TZ,TZA,Native,Mammalia,Hippopotamidae,Hippopotamus amphibius,Common Hippopotamus,Appendix II – Trade regulated
9229,Zambia,ZM,ZMB,Native,Mammalia,Hippopotamidae,Hippopotamus amphibius,Common Hippopotamus,Appendix II – Trade regulated
9229,Zimbabwe,ZW,ZWE,Native,Mammalia,Hippopotamidae,Hippopotamus amphibius,Common Hippopotamus,Appendix II – Trade regulated
9229,Algeria,DZ,DZA,Extinct,Mammalia,Hippopotamidae,Hippopotamus amphibius,Common Hippopotamus,Appendix II – Trade regulated
9229,Djibouti,DJ,DJI,Extinct,Mammalia,Hippopotamidae,Hippopotamus amphibius,Common Hippopotamus,Appendix II – Trade regulated
9229,Egypt,EG,EGY,Extinct,Mammalia,Hippopotamidae,Hippopotamus amphibius,Common Hippopotamus,Appendix II – Trade regulated
4120,China,CN,CHN,Native,Mammalia,Moschidae,Moschus anhuiensis,Anhui Musk Deer,Appendix II – Trade regulated
9114,China,CN,CHN,Native,Mammalia,Moschidae,Moschus berezovskii,Forest Musk Deer,Appendix II – Trade regulated
9114,Viet Nam,,,Native,Mammalia,Moschidae,Moschus berezovskii,Forest Musk Deer,Appendix II – Trade regulated
9271,Bhutan,BT,BTN,Native,Mammalia,Moschidae,Moschus chrysogaster,Alpine Musk Deer,Appendix I / II – Status depends on population
9271,China,CN,CHN,Native,Mammalia,Moschidae,Moschus chrysogaster,Alpine Musk Deer,Appendix I / II – Status depends on population
9271,India,IN,IND,Native,Mammalia,Moschidae,Moschus chrysogaster,Alpine Musk Deer,Appendix I / II – Status depends on population
9271,Nepal,NP,NPL,Native,Mammalia,Moschidae,Moschus chrysogaster,Alpine Musk Deer,Appendix I / II – Status depends on population
8689,Afghanistan,AF,AFG,Native,Mammalia,Moschidae,Moschus cupreus,Kashmir Musk Deer,Appendix I – Species threatened with extinction
8689,India,IN,IND,Native,Mammalia,Moschidae,Moschus cupreus,Kashmir Musk Deer,Appendix I – Species threatened with extinction
8689,Pakistan,PK,PAK,Native,Mammalia,Moschidae,Moschus cupreus,Kashmir Musk Deer,Appendix I – Species threatened with extinction
9694,Bhutan,BT,BTN,Native,Mammalia,Moschidae,Moschus fuscus,Black Musk Deer,Appendix I / II – Status depends on population
9694,China,CN,CHN,Native,Mammalia,Moschidae,Moschus fuscus,Black Musk Deer,Appendix I / II – Status depends on population
9694,India,IN,IND,Native,Mammalia,Moschidae,Moschus fuscus,Black Musk Deer,Appendix I / II – Status depends on population
9694,Myanmar,MM,MMR,Native,Mammalia,Moschidae,Moschus fuscus,Black Musk Deer,Appendix I / II – Status depends on population
9694,Nepal,NP,NPL,Native,Mammalia,Moschidae,Moschus fuscus,Black Musk Deer,Appendix I / II – Status depends on population
10323,Bhutan,BT,BTN,Native,Mammalia,Moschidae,Moschus leucogaster,White-bellied Musk Deer,Appendix I – Species threatened with extinction
10323,India,IN,IND,Native,Mammalia,Moschidae,Moschus leucogaster,White-bellied Musk Deer,Appendix I – Species threatened with extinction
10323,Nepal,NP,NPL,Native,Mammalia,Moschidae,Moschus leucogaster,White-bellied Musk Deer,Appendix I – Species threatened with extinction
5311,China,CN,CHN,Native,Mammalia,Moschidae,Moschus moschiferus,Siberian Musk Deer,Appendix II – Trade regulated
5311,Democratic People's Republic of Korea,,,Native,Mammalia,Moschidae,Moschus moschiferus,Siberian Musk Deer,Appendix II – Trade regulated
5311,Kazakhstan,KZ,KAZ,Native,Mammalia,Moschidae,Moschus moschiferus,Siberian Musk Deer,Appendix II – Trade regulated
5311,Mongolia,MN,MNG,Native,Mammalia,Moschidae,Moschus moschiferus,Siberian Musk Deer,Appendix II – Trade regulated
5311,Republic of Korea,,,Native,Mammalia,Moschidae,Moschus moschiferus,Siberian Musk Deer,Appendix II – Trade regulated
5311,Russian Federation,,,Native,Mammalia,Moschidae,Moschus moschiferus,Siberian Musk Deer,Appendix II – Trade regulated
3372,Indonesia,ID,IDN,Native,Mammalia,Suidae,Babyrousa babyrussa,Buru Babirusa,Appendix I – Species threatened with extinction
8703,Indonesia,ID,IDN,Extinct,Mammalia,Suidae,Babyrousa bolabatuensis,Bola Batu Babirusa,Appendix I – Species threatened with extinction
7226,Indonesia,ID,IDN,Native,Mammalia,Suidae,Babyrousa celebensis,North Sulawesi Babirusa,Appendix I – Species threatened with extinction
6992,Indonesia,ID,IDN,Native,Mammalia,Suidae,Babyrousa togeanensis,Togian Babirusa,Appendix I – Species threatened with extinction
7791,Bhutan,BT,BTN,Native,Mammalia,Suidae,Sus salvanius,Pygmy Hog,Appendix I – Species threatened with extinction
7791,India,IN,IND,Native,Mammalia,Suidae,Sus salvanius,Pygmy Hog,Appendix I – Species threatened with extinction
7791,Bangladesh,BD,BGD,Extinct,Mammalia,Suidae,Sus salvanius,Pygmy Hog,Appendix I – Species threatened with extinction
7791,Nepal,NP,NPL,Extinct,Mammalia,Suidae,Sus salvanius,Pygmy Hog,Appendix I – Species threatened with extinction
8725,Argentina,AR,ARG,Native,Mammalia,Tayassuidae,Catagonus wagneri,Chacoan Peccary,Appendix I – Species threatened with extinction
8725,Bolivia (Plurinational State of),,,Native,Mammalia,Tayassuidae,Catagonus wagneri,Chacoan Peccary,Appendix I – Species threatened with extinction
8725,Paraguay,PY,PRY,Native,Mammalia,Tayassuidae,Catagonus wagneri,Chacoan Peccary,Appendix I – Species threatened with extinction
8246,Argentina,AR,ARG,Native,Mammalia,Tayassuidae,Pecari tajacu,Collared Peccary,Appendix II – Trade regulated
8246,Belize,BZ,BLZ,Native,Mammalia,Tayassuidae,Pecari tajacu,Collared Peccary,Appendix II – Trade regulated
8246,Bolivia (Plurinational State of),,,Native,Mammalia,Tayassuidae,Pecari tajacu,Collared Peccary,Appendix II – Trade regulated
8246,Brazil,BR,BRA,Native,Mammalia,Tayassuidae,Pecari tajacu,Collared Peccary,Appendix II – Trade regulated
8246,Colombia,CO,COL,Native,Mammalia,Tayassuidae,Pecari tajacu,Collared Peccary,Appendix II – Trade regulated
8246,Costa Rica,CR,CRI,Native,Mammalia,Tayassuidae,Pecari tajacu,Collared Peccary,Appendix II – Trade regulated
8246,Ecuador,EC,ECU,Native,Mammalia,Tayassuidae,Pecari tajacu,Collared Peccary,Appendix II – Trade regulated
8246,El Salvador,SV,SLV,Native,Mammalia,Tayassuidae,Pecari tajacu,Collared Peccary,Appendix II – Trade regulated
8246,French Guiana [FR],,,Native,Mammalia,Tayassuidae,Pecari tajacu,Collared Peccary,Appendix II – Trade regulated
8246,Guatemala,GT,GTM,Native,Mammalia,Tayassuidae,Pecari tajacu,Collared Peccary,Appendix II – Trade regulated
8246,Guyana,GY,GUY,Native,Mammalia,Tayassuidae,Pecari tajacu,Collared Peccary,Appendix II – Trade regulated
8246,Honduras,HN,HND,Native,Mammalia,Tayassuidae,Pecari tajacu,Collared Peccary,Appendix II – Trade regulated
8246,Mexico,MX,MEX,Native,Mammalia,Tayassuidae,Pecari tajacu,Collared Peccary,Appendix II – Trade regulated
8246,Nicaragua,NI,NIC,Native,Mammalia,Tayassuidae,Pecari tajacu,Collared Peccary,Appendix II – Trade regulated
8246,Panama,PA,PAN,Native,Mammalia,Tayassuidae,Pecari tajacu,Collared Peccary,Appendix II – Trade regulated
8246,Paraguay,PY,PRY,Native,Mammalia,Tayassuidae,Pecari tajacu,Collared Peccary,Appendix II – Trade regulated
8246,Peru,PE,PER,Native,Mammalia,Tayassuidae,Pecari tajacu,Collared Peccary,Appendix II – Trade regulated
8246,Suriname,SR,SUR,Native,Mammalia,Tayassuidae,Pecari tajacu,Collared Peccary,Appendix II – Trade regulated
8246,Trinidad and Tobago,TT,TTO,Native,Mammalia,Tayassuidae,Pecari tajacu,Collared Peccary,Appendix II – Trade regulated
8246,United States of America,US,USA,Native,Mammalia,Tayassuidae,Pecari tajacu,Collared Peccary,Appendix II – Trade regulated
8246,Uruguay,UY,URY,Native,Mammalia,Tayassuidae,Pecari tajacu,Collared Peccary,Appendix II – Trade regulated
8246,Venezuela (Bolivarian Republic of),,,Native,Mammalia,Tayassuidae,Pecari tajacu,Collared Peccary,Appendix II – Trade regulated
8246,Cuba,CU,CUB,Introduced,Mammalia,Tayassuidae,Pecari tajacu,Collared Peccary,Appendix II – Trade regulated
8246,Cuba,CU,CUB,Extinct,Mammalia,Tayassuidae,Pecari tajacu,Collared Peccary,Appendix II – Trade regulated
5827,Argentina,AR,ARG,Native,Mammalia,Tayassuidae,Tayassu pecari,White-lipped Peccary,Appendix II – Trade regulated
5827,Belize,BZ,BLZ,Native,Mammalia,Tayassuidae,Tayassu pecari,White-lipped Peccary,Appendix II – Trade regulated
5827,Bolivia (Plurinational State of),,,Native,Mammalia,Tayassuidae,Tayassu pecari,White-lipped Peccary,Appendix II – Trade regulated
5827,Brazil,BR,BRA,Native,Mammalia,Tayassuidae,Tayassu pecari,White-lipped Peccary,Appendix II – Trade regulated
5827,Colombia,CO,COL,Native,Mammalia,Tayassuidae,Tayassu pecari,White-lipped Peccary,Appendix II – Trade regulated
5827,Costa Rica,CR,CRI,Native,Mammalia,Tayassuidae,Tayassu pecari,White-lipped Peccary,Appendix II – Trade regulated
5827,Ecuador,EC,ECU,Native,Mammalia,Tayassuidae,Tayassu pecari,White-lipped Peccary,Appendix II – Trade regulated
5827,French Guiana [FR],,,Native,Mammalia,Tayassuidae,Tayassu pecari,White-lipped Peccary,Appendix II – Trade regulated
5827,Guatemala,GT,GTM,Native,Mammalia,Tayassuidae,Tayassu pecari,White-lipped Peccary,Appendix II – Trade regulated
5827,Guyana,GY,GUY,Native,Mammalia,Tayassuidae,Tayassu pecari,White-lipped Peccary,Appendix II – Trade regulated
5827,Honduras,HN,HND,Native,Mammalia,Tayassuidae,Tayassu pecari,White-lipped Peccary,Appendix II – Trade regulated
5827,Mexico,MX,MEX,Native,Mammalia,Tayassuidae,Tayassu pecari,White-lipped Peccary,Appendix II – Trade regulated
5827,Nicaragua,NI,NIC,Native,Mammalia,Tayassuidae,Tayassu pecari,White-lipped Peccary,Appendix II – Trade regulated
5827,Panama,PA,PAN,Native,Mammalia,Tayassuidae,Tayassu pecari,White-lipped Peccary,Appendix II – Trade regulated
5827,Paraguay,PY,PRY,Native,Mammalia,Tayassuidae,Tayassu pecari,White-lipped Peccary,Appendix II – Trade regulated
5827,Peru,PE,PER,Native,Mammalia,Tayassuidae,Tayassu pecari,White-lipped Peccary,Appendix II – Trade regulated
5827,Suriname,SR,SUR,Native,Mammalia,Tayassuidae,Tayassu pecari,White-lipped Peccary,Appendix II – Trade regulated
5827,Venezuela (Bolivarian Republic of),,,Native,Mammalia,Tayassuidae,Tayassu pecari,White-lipped Peccary,Appendix II – Trade regulated
5827,Cuba,CU,CUB,Introduced,Mammalia,Tayassuidae,Tayassu pecari,White-lipped Peccary,Appendix II – Trade regulated
5827,Cuba,CU,CUB,Extinct,Mammalia,Tayassuidae,Tayassu pecari,White-lipped Peccary,Appendix II – Trade regulated
5827,El Salvador,SV,SLV,Extinct,Mammalia,Tayassuidae,Tayassu pecari,White-lipped Peccary,Appendix II – Trade regulated
5827,Uruguay,UY,URY,Extinct,Mammalia,Tayassuidae,Tayassu pecari,White-lipped Peccary,Appendix II – Trade regulated
7583,Bhutan,BT,BTN,Native,Mammalia,Ailuridae,Ailurus fulgens,Red Panda,Appendix I – Species threatened with extinction
7583,China,CN,CHN,Native,Mammalia,Ailuridae,Ailurus fulgens,Red Panda,Appendix I – Species threatened with extinction
7583,India,IN,IND,Native,Mammalia,Ailuridae,Ailurus fulgens,Red Panda,Appendix I – Species threatened with extinction
7583,Myanmar,MM,MMR,Native,Mammalia,Ailuridae,Ailurus fulgens,Red Panda,Appendix I – Species threatened with extinction
7583,Nepal,NP,NPL,Native,Mammalia,Ailuridae,Ailurus fulgens,Red Panda,Appendix I – Species threatened with extinction
9412,Afghanistan,AF,AFG,Native,Mammalia,Canidae,Canis aureus,Golden Jackal,Appendix III – National protection
9412,Albania,AL,ALB,Native,Mammalia,Canidae,Canis aureus,Golden Jackal,Appendix III – National protection
9412,Algeria,DZ,DZA,Native,Mammalia,Canidae,Canis aureus,Golden Jackal,Appendix III – National protection
9412,Armenia,AM,ARM,Native,Mammalia,Canidae,Canis aureus,Golden Jackal,Appendix III – National protection
9412,Austria,AT,AUT,Native,Mammalia,Canidae,Canis aureus,Golden Jackal,Appendix III – National protection
9412,Azerbaijan,AZ,AZE,Native,Mammalia,Canidae,Canis aureus,Golden Jackal,Appendix III – National protection
9412,Bangladesh,BD,BGD,Native,Mammalia,Canidae,Canis aureus,Golden Jackal,Appendix III – National protection
9412,Bhutan,BT,BTN,Native,Mammalia,Canidae,Canis aureus,Golden Jackal,Appendix III – National protection
9412,Bosnia and Herzegovina,BA,BIH,Native,Mammalia,Canidae,Canis aureus,Golden Jackal,Appendix III – National protection
9412,Bulgaria,BG,BGR,Native,Mammalia,Canidae,Canis aureus,Golden Jackal,Appendix III – National protection
9412,Burkina Faso,BF,BFA,Native,Mammalia,Canidae,Canis aureus,Golden Jackal,Appendix III – National protection
9412,Cambodia,KH,KHM,Native,Mammalia,Canidae,Canis aureus,Golden Jackal,Appendix III – National protection
9412,Cameroon,CM,CMR,Native,Mammalia,Canidae,Canis aureus,Golden Jackal,Appendix III – National protection
9412,Chad,TD,TCD,Native,Mammalia,Canidae,Canis aureus,Golden Jackal,Appendix III – National protection
9412,Croatia,HR,HRV,Native,Mammalia,Canidae,Canis aureus,Golden Jackal,Appendix III – National protection
9412,Djibouti,DJ,DJI,Native,Mammalia,Canidae,Canis aureus,Golden Jackal,Appendix III – National protection
9412,Egypt,EG,EGY,Native,Mammalia,Canidae,Canis aureus,Golden Jackal,Appendix III – National protection
9412,Eritrea,ER,ERI,Native,Mammalia,Canidae,Canis aureus,Golden Jackal,Appendix III – National protection
9412,Ethiopia,ET,ETH,Native,Mammalia,Canidae,Canis aureus,Golden Jackal,Appendix III – National protection
9412,Georgia,GE,GEO,Native,Mammalia,Canidae,Canis aureus,Golden Jackal,Appendix III – National protection
9412,Greece,GR,GRC,Native,Mammalia,Canidae,Canis aureus,Golden Jackal,Appendix III – National protection
9412,Hungary,HU,HUN,Native,Mammalia,Canidae,Canis aureus,Golden Jackal,Appendix III – National protection
9412,India,IN,IND,Native,Mammalia,Canidae,Canis aureus,Golden Jackal,Appendix III – National protection
9412,Iran (Islamic Republic of),,,Native,Mammalia,Canidae,Canis aureus,Golden Jackal,Appendix III – National protection
9412,Iraq,IQ,IRQ,Native,Mammalia,Canidae,Canis aureus,Golden Jackal,Appendix III – National protection
9412,Israel,IL,ISR,Native,Mammalia,Canidae,Canis aureus,Golden Jackal,Appendix III – National protection
9412,Italy,IT,ITA,Native,Mammalia,Canidae,Canis aureus,Golden Jackal,Appendix III – National protection
9412,Jordan,JO,JOR,Native,Mammalia,Canidae,Canis aureus,Golden Jackal,Appendix III – National protection
9412,Kazakhstan,KZ,KAZ,Native,Mammalia,Canidae,Canis aureus,Golden Jackal,Appendix III – National protection
9412,Kenya,KE,KEN,Native,Mammalia,Canidae,Canis aureus,Golden Jackal,Appendix III – National protection
9412,Kyrgyzstan,KG,KGZ,Native,Mammalia,Canidae,Canis aureus,Golden Jackal,Appendix III – National protection
9412,Lao People's Democratic Republic,,,Native,Mammalia,Canidae,Canis aureus,Golden Jackal,Appendix III – National protection
9412,Lebanon,LB,LBN,Native,Mammalia,Canidae,Canis aureus,Golden Jackal,Appendix III – National protection
9412,Libya,LY,LBY,Native,Mammalia,Canidae,Canis aureus,Golden Jackal,Appendix III – National protection
9412,Mali,ML,MLI,Native,Mammalia,Canidae,Canis aureus,Golden Jackal,Appendix III – National protection
9412,Mauritania,MR,MRT,Native,Mammalia,Canidae,Canis aureus,Golden Jackal,Appendix III – National protection
9412,Montenegro,ME,MNE,Native,Mammalia,Canidae,Canis aureus,Golden Jackal,Appendix III – National protection
9412,Morocco,MA,MAR,Native,Mammalia,Canidae,Canis aureus,Golden Jackal,Appendix III – National protection
9412,Myanmar,MM,MMR,Native,Mammalia,Canidae,Canis aureus,Golden Jackal,Appendix III – National protection
9412,Nepal,NP,NPL,Native,Mammalia,Canidae,Canis aureus,Golden Jackal,Appendix III – National protection
9412,Niger,NE,NER,Native,Mammalia,Canidae,Canis aureus,Golden Jackal,Appendix III – National protection
9412,Nigeria,NG,NGA,Native,Mammalia,Canidae,Canis aureus,Golden Jackal,Appendix III – National protection
9412,North Macedonia,MK,MKD,Native,Mammalia,Canidae,Canis aureus,Golden Jackal,Appendix III – National protection
9412,Oman,OM,OMN,Native,Mammalia,Canidae,Canis aureus,Golden Jackal,Appendix III – National protection
9412,Pakistan,PK,PAK,Native,Mammalia,Canidae,Canis aureus,Golden Jackal,Appendix III – National protection
9412,Romania,RO,ROU,Native,Mammalia,Canidae,Canis aureus,Golden Jackal,Appendix III – National protection
9412,Saudi Arabia,SA,SAU,Native,Mammalia,Canidae,Canis aureus,Golden Jackal,Appendix III – National protection
9412,Senegal,SN,SEN,Native,Mammalia,Canidae,Canis aureus,Golden Jackal,Appendix III – National protection
9412,Serbia,,,Native,Mammalia,Canidae,Canis aureus,Golden Jackal,Appendix III – National protection
9412,Slovakia,SK,SVK,Native,Mammalia,Canidae,Canis aureus,Golden Jackal,Appendix III – National protection
9412,Slovenia,SI,SVN,Native,Mammalia,Canidae,Canis aureus,Golden Jackal,Appendix III – National protection
9412,Somalia,SO,SOM,Native,Mammalia,Canidae,Canis aureus,Golden Jackal,Appendix III – National protection
9412,South Africa,ZA,ZAF,Native,Mammalia,Canidae,Canis aureus,Golden Jackal,Appendix III – National protection
9412,South Sudan,SS,SSD,Native,Mammalia,Canidae,Canis aureus,Golden Jackal,Appendix III – National protection
9412,Sri Lanka,LK,LKA,Native,Mammalia,Canidae,Canis aureus,Golden Jackal,Appendix III – National protection
9412,Sudan,SD,SDN,Native,Mammalia,Canidae,Canis aureus,Golden Jackal,Appendix III – National protection
9412,Syrian Arab Republic,,,Native,Mammalia,Canidae,Canis aureus,Golden Jackal,Appendix III – National protection
9412,Tajikistan,TJ,TJK,Native,Mammalia,Canidae,Canis aureus,Golden Jackal,Appendix III – National protection
9412,Thailand,TH,THA,Native,Mammalia,Canidae,Canis aureus,Golden Jackal,Appendix III – National protection
9412,Togo,TG,TGO,Native,Mammalia,Canidae,Canis aureus,Golden Jackal,Appendix III – National protection
9412,Tunisia,TN,TUN,Native,Mammalia,Canidae,Canis aureus,Golden Jackal,Appendix III – National protection
9412,T√ºrkiye,,,Native,Mammalia,Canidae,Canis aureus,Golden Jackal,Appendix III – National protection
9412,Turkmenistan,TM,TKM,Native,Mammalia,Canidae,Canis aureus,Golden Jackal,Appendix III – National protection
9412,Uganda,UG,UGA,Native,Mammalia,Canidae,Canis aureus,Golden Jackal,Appendix III – National protection
9412,Ukraine,UA,UKR,Native,Mammalia,Canidae,Canis aureus,Golden Jackal,Appendix III – National protection
9412,United Arab Emirates,AE,ARE,Native,Mammalia,Canidae,Canis aureus,Golden Jackal,Appendix III – National protection
9412,United Republic of Tanzania,TZ,TZA,Native,Mammalia,Canidae,Canis aureus,Golden Jackal,Appendix III – National protection
9412,Uzbekistan,UZ,UZB,Native,Mammalia,Canidae,Canis aureus,Golden Jackal,Appendix III – National protection
9412,Viet Nam,,,Native,Mammalia,Canidae,Canis aureus,Golden Jackal,Appendix III – National protection
9412,Western Sahara,EH,ESH,Native,Mammalia,Canidae,Canis aureus,Golden Jackal,Appendix III – National protection
9412,Yemen,YE,YEM,Native,Mammalia,Canidae,Canis aureus,Golden Jackal,Appendix III – National protection
4442,Afghanistan,AF,AFG,Native,Mammalia,Canidae,Canis lupus,Gray Wolf,Appendix I / II – Status depends on population
4442,Albania,AL,ALB,Native,Mammalia,Canidae,Canis lupus,Gray Wolf,Appendix I / II – Status depends on population
4442,Armenia,AM,ARM,Native,Mammalia,Canidae,Canis lupus,Gray Wolf,Appendix I / II – Status depends on population
4442,Azerbaijan,AZ,AZE,Native,Mammalia,Canidae,Canis lupus,Gray Wolf,Appendix I / II – Status depends on population
4442,Belarus,BY,BLR,Native,Mammalia,Canidae,Canis lupus,Gray Wolf,Appendix I / II – Status depends on population
4442,Bhutan,BT,BTN,Native,Mammalia,Canidae,Canis lupus,Gray Wolf,Appendix I / II – Status depends on population
4442,Bosnia and Herzegovina,BA,BIH,Native,Mammalia,Canidae,Canis lupus,Gray Wolf,Appendix I / II – Status depends on population
4442,Bulgaria,BG,BGR,Native,Mammalia,Canidae,Canis lupus,Gray Wolf,Appendix I / II – Status depends on population
4442,Canada,CA,CAN,Native,Mammalia,Canidae,Canis lupus,Gray Wolf,Appendix I / II – Status depends on population
4442,China,CN,CHN,Native,Mammalia,Canidae,Canis lupus,Gray Wolf,Appendix I / II – Status depends on population
4442,Croatia,HR,HRV,Native,Mammalia,Canidae,Canis lupus,Gray Wolf,Appendix I / II – Status depends on population
4442,Czech Republic,,,Native,Mammalia,Canidae,Canis lupus,Gray Wolf,Appendix I / II – Status depends on population
4442,Democratic People's Republic of Korea,,,Native,Mammalia,Canidae,Canis lupus,Gray Wolf,Appendix I / II – Status depends on population
4442,Estonia,EE,EST,Native,Mammalia,Canidae,Canis lupus,Gray Wolf,Appendix I / II – Status depends on population
4442,Finland,FI,FIN,Native,Mammalia,Canidae,Canis lupus,Gray Wolf,Appendix I / II – Status depends on population
4442,France,-99,-99,Native,Mammalia,Canidae,Canis lupus,Gray Wolf,Appendix I / II – Status depends on population
4442,Georgia,GE,GEO,Native,Mammalia,Canidae,Canis lupus,Gray Wolf,Appendix I / II – Status depends on population
4442,Germany,DE,DEU,Native,Mammalia,Canidae,Canis lupus,Gray Wolf,Appendix I / II – Status depends on population
4442,Greece,GR,GRC,Native,Mammalia,Canidae,Canis lupus,Gray Wolf,Appendix I / II – Status depends on population
4442,Greenland,GL,GRL,Native,Mammalia,Canidae,Canis lupus,Gray Wolf,Appendix I / II – Status depends on population
4442,Hungary,HU,HUN,Native,Mammalia,Canidae,Canis lupus,Gray Wolf,Appendix I / II – Status depends on population
4442,India,IN,IND,Native,Mammalia,Canidae,Canis lupus,Gray Wolf,Appendix I / II – Status depends on population
4442,Iran (Islamic Republic of),,,Native,Mammalia,Canidae,Canis lupus,Gray Wolf,Appendix I / II – Status depends on population
4442,Iraq,IQ,IRQ,Native,Mammalia,Canidae,Canis lupus,Gray Wolf,Appendix I / II – Status depends on population
4442,Israel,IL,ISR,Native,Mammalia,Canidae,Canis lupus,Gray Wolf,Appendix I / II – Status depends on population
4442,Italy,IT,ITA,Native,Mammalia,Canidae,Canis lupus,Gray Wolf,Appendix I / II – Status depends on population
4442,Jordan,JO,JOR,Native,Mammalia,Canidae,Canis lupus,Gray Wolf,Appendix I / II – Status depends on population
4442,Kazakhstan,KZ,KAZ,Native,Mammalia,Canidae,Canis lupus,Gray Wolf,Appendix I / II – Status depends on population
4442,Kuwait,KW,KWT,Native,Mammalia,Canidae,Canis lupus,Gray Wolf,Appendix I / II – Status depends on population
4442,Kyrgyzstan,KG,KGZ,Native,Mammalia,Canidae,Canis lupus,Gray Wolf,Appendix I / II – Status depends on population
4442,Latvia,LV,LVA,Native,Mammalia,Canidae,Canis lupus,Gray Wolf,Appendix I / II – Status depends on population
4442,Libya,LY,LBY,Native,Mammalia,Canidae,Canis lupus,Gray Wolf,Appendix I / II – Status depends on population
4442,Lithuania,LT,LTU,Native,Mammalia,Canidae,Canis lupus,Gray Wolf,Appendix I / II – Status depends on population
4442,Mongolia,MN,MNG,Native,Mammalia,Canidae,Canis lupus,Gray Wolf,Appendix I / II – Status depends on population
4442,Montenegro,ME,MNE,Native,Mammalia,Canidae,Canis lupus,Gray Wolf,Appendix I / II – Status depends on population
4442,Nepal,NP,NPL,Native,Mammalia,Canidae,Canis lupus,Gray Wolf,Appendix I / II – Status depends on population
4442,North Macedonia,MK,MKD,Native,Mammalia,Canidae,Canis lupus,Gray Wolf,Appendix I / II – Status depends on population
4442,Norway,-99,-99,Native,Mammalia,Canidae,Canis lupus,Gray Wolf,Appendix I / II – Status depends on population
4442,Oman,OM,OMN,Native,Mammalia,Canidae,Canis lupus,Gray Wolf,Appendix I / II – Status depends on population
4442,Pakistan,PK,PAK,Native,Mammalia,Canidae,Canis lupus,Gray Wolf,Appendix I / II – Status depends on population
4442,Poland,PL,POL,Native,Mammalia,Canidae,Canis lupus,Gray Wolf,Appendix I / II – Status depends on population
4442,Portugal,PT,PRT,Native,Mammalia,Canidae,Canis lupus,Gray Wolf,Appendix I / II – Status depends on population
4442,Republic of Korea,,,Native,Mammalia,Canidae,Canis lupus,Gray Wolf,Appendix I / II – Status depends on population
4442,Republic of Moldova,,,Native,Mammalia,Canidae,Canis lupus,Gray Wolf,Appendix I / II – Status depends on population
4442,Romania,RO,ROU,Native,Mammalia,Canidae,Canis lupus,Gray Wolf,Appendix I / II – Status depends on population
4442,Russian Federation,,,Native,Mammalia,Canidae,Canis lupus,Gray Wolf,Appendix I / II – Status depends on population
4442,Saudi Arabia,SA,SAU,Native,Mammalia,Canidae,Canis lupus,Gray Wolf,Appendix I / II – Status depends on population
4442,Serbia,,,Native,Mammalia,Canidae,Canis lupus,Gray Wolf,Appendix I / II – Status depends on population
4442,Slovakia,SK,SVK,Native,Mammalia,Canidae,Canis lupus,Gray Wolf,Appendix I / II – Status depends on population
4442,Slovenia,SI,SVN,Native,Mammalia,Canidae,Canis lupus,Gray Wolf,Appendix I / II – Status depends on population
4442,Spain,ES,ESP,Native,Mammalia,Canidae,Canis lupus,Gray Wolf,Appendix I / II – Status depends on population
4442,Sweden,SE,SWE,Native,Mammalia,Canidae,Canis lupus,Gray Wolf,Appendix I / II – Status depends on population
4442,Syrian Arab Republic,,,Native,Mammalia,Canidae,Canis lupus,Gray Wolf,Appendix I / II – Status depends on population
4442,Tajikistan,TJ,TJK,Native,Mammalia,Canidae,Canis lupus,Gray Wolf,Appendix I / II – Status depends on population
4442,T√ºrkiye,,,Native,Mammalia,Canidae,Canis lupus,Gray Wolf,Appendix I / II – Status depends on population
4442,Turkmenistan,TM,TKM,Native,Mammalia,Canidae,Canis lupus,Gray Wolf,Appendix I / II – Status depends on population
4442,Ukraine,UA,UKR,Native,Mammalia,Canidae,Canis lupus,Gray Wolf,Appendix I / II – Status depends on population
4442,United States of America,US,USA,Native,Mammalia,Canidae,Canis lupus,Gray Wolf,Appendix I / II – Status depends on population
4442,Uzbekistan,UZ,UZB,Native,Mammalia,Canidae,Canis lupus,Gray Wolf,Appendix I / II – Status depends on population
4442,Yemen,YE,YEM,Native,Mammalia,Canidae,Canis lupus,Gray Wolf,Appendix I / II – Status depends on population
4442,Mexico,MX,MEX,Reintroduced,Mammalia,Canidae,Canis lupus,Gray Wolf,Appendix I / II – Status depends on population
4442,Austria,AT,AUT,Extinct,Mammalia,Canidae,Canis lupus,Gray Wolf,Appendix I / II – Status depends on population
4442,Bangladesh,BD,BGD,Extinct,Mammalia,Canidae,Canis lupus,Gray Wolf,Appendix I / II – Status depends on population
4442,Belgium,BE,BEL,Extinct,Mammalia,Canidae,Canis lupus,Gray Wolf,Appendix I / II – Status depends on population
4442,Denmark,DK,DNK,Extinct,Mammalia,Canidae,Canis lupus,Gray Wolf,Appendix I / II – Status depends on population
4442,Ireland,IE,IRL,Extinct,Mammalia,Canidae,Canis lupus,Gray Wolf,Appendix I / II – Status depends on population
4442,Japan,JP,JPN,Extinct,Mammalia,Canidae,Canis lupus,Gray Wolf,Appendix I / II – Status depends on population
4442,Luxembourg,LU,LUX,Extinct,Mammalia,Canidae,Canis lupus,Gray Wolf,Appendix I / II – Status depends on population
4442,Mexico,MX,MEX,Extinct,Mammalia,Canidae,Canis lupus,Gray Wolf,Appendix I / II – Status depends on population
4442,Netherlands,NL,NLD,Extinct,Mammalia,Canidae,Canis lupus,Gray Wolf,Appendix I / II – Status depends on population
4442,Switzerland,CH,CHE,Extinct,Mammalia,Canidae,Canis lupus,Gray Wolf,Appendix I / II – Status depends on population
4442,United Kingdom of Great Britain and Northern Ireland,,,Extinct,Mammalia,Canidae,Canis lupus,Gray Wolf,Appendix I / II – Status depends on population
5656,Argentina,AR,ARG,Native,Mammalia,Canidae,Cerdocyon thous,Crab-eating Fox,Appendix II – Trade regulated
5656,Bolivia (Plurinational State of),,,Native,Mammalia,Canidae,Cerdocyon thous,Crab-eating Fox,Appendix II – Trade regulated
5656,Brazil,BR,BRA,Native,Mammalia,Canidae,Cerdocyon thous,Crab-eating Fox,Appendix II – Trade regulated
5656,Colombia,CO,COL,Native,Mammalia,Canidae,Cerdocyon thous,Crab-eating Fox,Appendix II – Trade regulated
5656,French Guiana [FR],,,Native,Mammalia,Canidae,Cerdocyon thous,Crab-eating Fox,Appendix II – Trade regulated
5656,Guyana,GY,GUY,Native,Mammalia,Canidae,Cerdocyon thous,Crab-eating Fox,Appendix II – Trade regulated
5656,Paraguay,PY,PRY,Native,Mammalia,Canidae,Cerdocyon thous,Crab-eating Fox,Appendix II – Trade regulated
5656,Peru,PE,PER,Native,Mammalia,Canidae,Cerdocyon thous,Crab-eating Fox,Appendix II – Trade regulated
5656,Suriname,SR,SUR,Native,Mammalia,Canidae,Cerdocyon thous,Crab-eating Fox,Appendix II – Trade regulated
5656,Uruguay,UY,URY,Native,Mammalia,Canidae,Cerdocyon thous,Crab-eating Fox,Appendix II – Trade regulated
5656,Venezuela (Bolivarian Republic of),,,Native,Mammalia,Canidae,Cerdocyon thous,Crab-eating Fox,Appendix II – Trade regulated
6975,Argentina,AR,ARG,Native,Mammalia,Canidae,Chrysocyon brachyurus,Maned Wolf,Appendix II – Trade regulated
6975,Bolivia (Plurinational State of),,,Native,Mammalia,Canidae,Chrysocyon brachyurus,Maned Wolf,Appendix II – Trade regulated
6975,Brazil,BR,BRA,Native,Mammalia,Canidae,Chrysocyon brachyurus,Maned Wolf,Appendix II – Trade regulated
6975,Colombia,CO,COL,Native,Mammalia,Canidae,Chrysocyon brachyurus,Maned Wolf,Appendix II – Trade regulated
6975,Paraguay,PY,PRY,Native,Mammalia,Canidae,Chrysocyon brachyurus,Maned Wolf,Appendix II – Trade regulated
6975,Peru,PE,PER,Native,Mammalia,Canidae,Chrysocyon brachyurus,Maned Wolf,Appendix II – Trade regulated
6975,Uruguay,UY,URY,Extinct,Mammalia,Canidae,Chrysocyon brachyurus,Maned Wolf,Appendix II – Trade regulated
5289,Bangladesh,BD,BGD,Native,Mammalia,Canidae,Cuon alpinus,Dhole (Asiatic Wild Dog),Appendix II – Trade regulated
5289,Bhutan,BT,BTN,Native,Mammalia,Canidae,Cuon alpinus,Dhole (Asiatic Wild Dog),Appendix II – Trade regulated
5289,Cambodia,KH,KHM,Native,Mammalia,Canidae,Cuon alpinus,Dhole (Asiatic Wild Dog),Appendix II – Trade regulated
5289,China,CN,CHN,Native,Mammalia,Canidae,Cuon alpinus,Dhole (Asiatic Wild Dog),Appendix II – Trade regulated
5289,Democratic People's Republic of Korea,,,Native,Mammalia,Canidae,Cuon alpinus,Dhole (Asiatic Wild Dog),Appendix II – Trade regulated
5289,India,IN,IND,Native,Mammalia,Canidae,Cuon alpinus,Dhole (Asiatic Wild Dog),Appendix II – Trade regulated
5289,Indonesia,ID,IDN,Native,Mammalia,Canidae,Cuon alpinus,Dhole (Asiatic Wild Dog),Appendix II – Trade regulated
5289,Kazakhstan,KZ,KAZ,Native,Mammalia,Canidae,Cuon alpinus,Dhole (Asiatic Wild Dog),Appendix II – Trade regulated
5289,Kyrgyzstan,KG,KGZ,Native,Mammalia,Canidae,Cuon alpinus,Dhole (Asiatic Wild Dog),Appendix II – Trade regulated
5289,Lao People's Democratic Republic,,,Native,Mammalia,Canidae,Cuon alpinus,Dhole (Asiatic Wild Dog),Appendix II – Trade regulated
5289,Malaysia,MY,MYS,Native,Mammalia,Canidae,Cuon alpinus,Dhole (Asiatic Wild Dog),Appendix II – Trade regulated
5289,Mongolia,MN,MNG,Native,Mammalia,Canidae,Cuon alpinus,Dhole (Asiatic Wild Dog),Appendix II – Trade regulated
5289,Myanmar,MM,MMR,Native,Mammalia,Canidae,Cuon alpinus,Dhole (Asiatic Wild Dog),Appendix II – Trade regulated
5289,Nepal,NP,NPL,Native,Mammalia,Canidae,Cuon alpinus,Dhole (Asiatic Wild Dog),Appendix II – Trade regulated
5289,Pakistan,PK,PAK,Native,Mammalia,Canidae,Cuon alpinus,Dhole (Asiatic Wild Dog),Appendix II – Trade regulated
5289,Russian Federation,,,Native,Mammalia,Canidae,Cuon alpinus,Dhole (Asiatic Wild Dog),Appendix II – Trade regulated
5289,Tajikistan,TJ,TJK,Native,Mammalia,Canidae,Cuon alpinus,Dhole (Asiatic Wild Dog),Appendix II – Trade regulated
5289,Thailand,TH,THA,Native,Mammalia,Canidae,Cuon alpinus,Dhole (Asiatic Wild Dog),Appendix II – Trade regulated
5289,Uzbekistan,UZ,UZB,Native,Mammalia,Canidae,Cuon alpinus,Dhole (Asiatic Wild Dog),Appendix II – Trade regulated
5289,Viet Nam,,,Native,Mammalia,Canidae,Cuon alpinus,Dhole (Asiatic Wild Dog),Appendix II – Trade regulated
8023,Argentina,AR,ARG,Native,Mammalia,Canidae,Lycalopex culpaeus,Culpeo,Appendix II – Trade regulated
8023,Bolivia (Plurinational State of),,,Native,Mammalia,Canidae,Lycalopex culpaeus,Culpeo,Appendix II – Trade regulated
8023,Chile,CL,CHL,Native,Mammalia,Canidae,Lycalopex culpaeus,Culpeo,Appendix II – Trade regulated
8023,Colombia,CO,COL,Native,Mammalia,Canidae,Lycalopex culpaeus,Culpeo,Appendix II – Trade regulated
8023,Ecuador,EC,ECU,Native,Mammalia,Canidae,Lycalopex culpaeus,Culpeo,Appendix II – Trade regulated
8023,Peru,PE,PER,Native,Mammalia,Canidae,Lycalopex culpaeus,Culpeo,Appendix II – Trade regulated
7195,Chile,CL,CHL,Native,Mammalia,Canidae,Lycalopex fulvipes,Darwin's Fox,Appendix II – Trade regulated
8142,Argentina,AR,ARG,Native,Mammalia,Canidae,Lycalopex griseus,South American Gray Fox,Appendix II – Trade regulated
8142,Chile,CL,CHL,Native,Mammalia,Canidae,Lycalopex griseus,South American Gray Fox,Appendix II – Trade regulated
8142,Falkland Islands (Malvinas),,,Native,Mammalia,Canidae,Lycalopex griseus,South American Gray Fox,Appendix II – Trade regulated
8142,Peru,PE,PER,Native,Mammalia,Canidae,Lycalopex griseus,South American Gray Fox,Appendix II – Trade regulated
8201,Argentina,AR,ARG,Native,Mammalia,Canidae,Lycalopex gymnocercus,Pampas Fox,Appendix II – Trade regulated
8201,Bolivia (Plurinational State of),,,Native,Mammalia,Canidae,Lycalopex gymnocercus,Pampas Fox,Appendix II – Trade regulated
8201,Brazil,BR,BRA,Native,Mammalia,Canidae,Lycalopex gymnocercus,Pampas Fox,Appendix II – Trade regulated
8201,Paraguay,PY,PRY,Native,Mammalia,Canidae,Lycalopex gymnocercus,Pampas Fox,Appendix II – Trade regulated
8201,Uruguay,UY,URY,Native,Mammalia,Canidae,Lycalopex gymnocercus,Pampas Fox,Appendix II – Trade regulated
7041,Argentina,AR,ARG,Native,Mammalia,Canidae,Speothos venaticus,Bush Dog,Appendix I – Species threatened with extinction
7041,Bolivia (Plurinational State of),,,Native,Mammalia,Canidae,Speothos venaticus,Bush Dog,Appendix I – Species threatened with extinction
7041,Brazil,BR,BRA,Native,Mammalia,Canidae,Speothos venaticus,Bush Dog,Appendix I – Species threatened with extinction
7041,Colombia,CO,COL,Native,Mammalia,Canidae,Speothos venaticus,Bush Dog,Appendix I – Species threatened with extinction
7041,Ecuador,EC,ECU,Native,Mammalia,Canidae,Speothos venaticus,Bush Dog,Appendix I – Species threatened with extinction
7041,French Guiana [FR],,,Native,Mammalia,Canidae,Speothos venaticus,Bush Dog,Appendix I – Species threatened with extinction
7041,Panama,PA,PAN,Native,Mammalia,Canidae,Speothos venaticus,Bush Dog,Appendix I – Species threatened with extinction
7041,Paraguay,PY,PRY,Native,Mammalia,Canidae,Speothos venaticus,Bush Dog,Appendix I – Species threatened with extinction
7041,Peru,PE,PER,Native,Mammalia,Canidae,Speothos venaticus,Bush Dog,Appendix I – Species threatened with extinction
7041,Suriname,SR,SUR,Native,Mammalia,Canidae,Speothos venaticus,Bush Dog,Appendix I – Species threatened with extinction
7041,Venezuela (Bolivarian Republic of),,,Native,Mammalia,Canidae,Speothos venaticus,Bush Dog,Appendix I – Species threatened with extinction
7041,Guyana,GY,GUY,Introduced,Mammalia,Canidae,Speothos venaticus,Bush Dog,Appendix I – Species threatened with extinction
7752,Bangladesh,BD,BGD,Native,Mammalia,Canidae,Vulpes bengalensis,Bengal Fox,Appendix III – National protection
7752,Bhutan,BT,BTN,Native,Mammalia,Canidae,Vulpes bengalensis,Bengal Fox,Appendix III – National protection
7752,India,IN,IND,Native,Mammalia,Canidae,Vulpes bengalensis,Bengal Fox,Appendix III – National protection
7752,Nepal,NP,NPL,Native,Mammalia,Canidae,Vulpes bengalensis,Bengal Fox,Appendix III – National protection
7752,Pakistan,PK,PAK,Native,Mammalia,Canidae,Vulpes bengalensis,Bengal Fox,Appendix III – National protection
9199,Afghanistan,AF,AFG,Native,Mammalia,Canidae,Vulpes cana,Blanford's Fox,Appendix II – Trade regulated
9199,Egypt,EG,EGY,Native,Mammalia,Canidae,Vulpes cana,Blanford's Fox,Appendix II – Trade regulated
9199,Iran (Islamic Republic of),,,Native,Mammalia,Canidae,Vulpes cana,Blanford's Fox,Appendix II – Trade regulated
9199,Israel,IL,ISR,Native,Mammalia,Canidae,Vulpes cana,Blanford's Fox,Appendix II – Trade regulated
9199,Jordan,JO,JOR,Native,Mammalia,Canidae,Vulpes cana,Blanford's Fox,Appendix II – Trade regulated
9199,Oman,OM,OMN,Native,Mammalia,Canidae,Vulpes cana,Blanford's Fox,Appendix II – Trade regulated
9199,Pakistan,PK,PAK,Native,Mammalia,Canidae,Vulpes cana,Blanford's Fox,Appendix II – Trade regulated
9199,Saudi Arabia,SA,SAU,Native,Mammalia,Canidae,Vulpes cana,Blanford's Fox,Appendix II – Trade regulated
9199,Tajikistan,TJ,TJK,Native,Mammalia,Canidae,Vulpes cana,Blanford's Fox,Appendix II – Trade regulated
9199,Turkmenistan,TM,TKM,Native,Mammalia,Canidae,Vulpes cana,Blanford's Fox,Appendix II – Trade regulated
9199,United Arab Emirates,AE,ARE,Native,Mammalia,Canidae,Vulpes cana,Blanford's Fox,Appendix II – Trade regulated
9199,Uzbekistan,UZ,UZB,Native,Mammalia,Canidae,Vulpes cana,Blanford's Fox,Appendix II – Trade regulated
9199,Yemen,YE,YEM,Native,Mammalia,Canidae,Vulpes cana,Blanford's Fox,Appendix II – Trade regulated
12245,Afghanistan,AF,AFG,Native,Mammalia,Canidae,Vulpes vulpes griffithi,Griffith's Red Fox (subspecies),Appendix III – National protection
12245,Pakistan,PK,PAK,Native,Mammalia,Canidae,Vulpes vulpes griffithi,Griffith's Red Fox (subspecies),Appendix III – National protection
12177,Bhutan,BT,BTN,Native,Mammalia,Canidae,Vulpes vulpes montana,Montane Red Fox (subspecies),Appendix III – National protection
12177,China,CN,CHN,Native,Mammalia,Canidae,Vulpes vulpes montana,Montane Red Fox (subspecies),Appendix III – National protection
12177,India,IN,IND,Native,Mammalia,Canidae,Vulpes vulpes montana,Montane Red Fox (subspecies),Appendix III – National protection
12177,Nepal,NP,NPL,Native,Mammalia,Canidae,Vulpes vulpes montana,Montane Red Fox (subspecies),Appendix III – National protection
12177,Pakistan,PK,PAK,Native,Mammalia,Canidae,Vulpes vulpes montana,Montane Red Fox (subspecies),Appendix III – National protection
12174,India,IN,IND,Native,Mammalia,Canidae,Vulpes vulpes pusilla,Desert Fox (subspecies),Appendix III – National protection
12174,Iran (Islamic Republic of),,,Native,Mammalia,Canidae,Vulpes vulpes pusilla,Desert Fox (subspecies),Appendix III – National protection
12174,Iraq,IQ,IRQ,Native,Mammalia,Canidae,Vulpes vulpes pusilla,Desert Fox (subspecies),Appendix III – National protection
12174,Pakistan,PK,PAK,Native,Mammalia,Canidae,Vulpes vulpes pusilla,Desert Fox (subspecies),Appendix III – National protection
8895,Algeria,DZ,DZA,Native,Mammalia,Canidae,Vulpes zerda,Fennec Fox,Appendix II – Trade regulated
8895,Chad,TD,TCD,Native,Mammalia,Canidae,Vulpes zerda,Fennec Fox,Appendix II – Trade regulated
8895,Egypt,EG,EGY,Native,Mammalia,Canidae,Vulpes zerda,Fennec Fox,Appendix II – Trade regulated
8895,Iraq,IQ,IRQ,Native,Mammalia,Canidae,Vulpes zerda,Fennec Fox,Appendix II – Trade regulated
8895,Israel,IL,ISR,Native,Mammalia,Canidae,Vulpes zerda,Fennec Fox,Appendix II – Trade regulated
8895,Kuwait,KW,KWT,Native,Mammalia,Canidae,Vulpes zerda,Fennec Fox,Appendix II – Trade regulated
8895,Libya,LY,LBY,Native,Mammalia,Canidae,Vulpes zerda,Fennec Fox,Appendix II – Trade regulated
8895,Mali,ML,MLI,Native,Mammalia,Canidae,Vulpes zerda,Fennec Fox,Appendix II – Trade regulated
8895,Mauritania,MR,MRT,Native,Mammalia,Canidae,Vulpes zerda,Fennec Fox,Appendix II – Trade regulated
8895,Morocco,MA,MAR,Native,Mammalia,Canidae,Vulpes zerda,Fennec Fox,Appendix II – Trade regulated
8895,Niger,NE,NER,Native,Mammalia,Canidae,Vulpes zerda,Fennec Fox,Appendix II – Trade regulated
8895,Oman,OM,OMN,Native,Mammalia,Canidae,Vulpes zerda,Fennec Fox,Appendix II – Trade regulated
8895,Saudi Arabia,SA,SAU,Native,Mammalia,Canidae,Vulpes zerda,Fennec Fox,Appendix II – Trade regulated
8895,Sudan,SD,SDN,Native,Mammalia,Canidae,Vulpes zerda,Fennec Fox,Appendix II – Trade regulated
8895,Tunisia,TN,TUN,Native,Mammalia,Canidae,Vulpes zerda,Fennec Fox,Appendix II – Trade regulated
8895,Western Sahara,EH,ESH,Native,Mammalia,Canidae,Vulpes zerda,Fennec Fox,Appendix II – Trade regulated
9088,Madagascar,MG,MDG,Native,Mammalia,Eupleridae,Cryptoprocta ferox,Fossa,Appendix II – Trade regulated
7930,Madagascar,MG,MDG,Native,Mammalia,Eupleridae,Eupleres goudotii,Falanouc,Appendix II – Trade regulated
8387,Madagascar,MG,MDG,Native,Mammalia,Eupleridae,Fossa fossana,Spotted Fanaloka,Appendix II – Trade regulated
8935,Algeria,DZ,DZA,Native,Mammalia,Felidae,Acinonyx jubatus,Cheetah,Appendix I – Species threatened with extinction
8935,Angola,AO,AGO,Native,Mammalia,Felidae,Acinonyx jubatus,Cheetah,Appendix I – Species threatened with extinction
8935,Benin,BJ,BEN,Native,Mammalia,Felidae,Acinonyx jubatus,Cheetah,Appendix I – Species threatened with extinction
8935,Botswana,BW,BWA,Native,Mammalia,Felidae,Acinonyx jubatus,Cheetah,Appendix I – Species threatened with extinction
8935,Burkina Faso,BF,BFA,Native,Mammalia,Felidae,Acinonyx jubatus,Cheetah,Appendix I – Species threatened with extinction
8935,Cameroon,CM,CMR,Native,Mammalia,Felidae,Acinonyx jubatus,Cheetah,Appendix I – Species threatened with extinction
8935,Central African Republic,CF,CAF,Native,Mammalia,Felidae,Acinonyx jubatus,Cheetah,Appendix I – Species threatened with extinction
8935,Chad,TD,TCD,Native,Mammalia,Felidae,Acinonyx jubatus,Cheetah,Appendix I – Species threatened with extinction
8935,Democratic Republic of the Congo,CD,COD,Native,Mammalia,Felidae,Acinonyx jubatus,Cheetah,Appendix I – Species threatened with extinction
8935,Djibouti,DJ,DJI,Native,Mammalia,Felidae,Acinonyx jubatus,Cheetah,Appendix I – Species threatened with extinction
8935,Eritrea,ER,ERI,Native,Mammalia,Felidae,Acinonyx jubatus,Cheetah,Appendix I – Species threatened with extinction
8935,Eswatini,,,Native,Mammalia,Felidae,Acinonyx jubatus,Cheetah,Appendix I – Species threatened with extinction
8935,Ethiopia,ET,ETH,Native,Mammalia,Felidae,Acinonyx jubatus,Cheetah,Appendix I – Species threatened with extinction
8935,Iran (Islamic Republic of),,,Native,Mammalia,Felidae,Acinonyx jubatus,Cheetah,Appendix I – Species threatened with extinction
8935,Kenya,KE,KEN,Native,Mammalia,Felidae,Acinonyx jubatus,Cheetah,Appendix I – Species threatened with extinction
8935,Malawi,MW,MWI,Native,Mammalia,Felidae,Acinonyx jubatus,Cheetah,Appendix I – Species threatened with extinction
8935,Mali,ML,MLI,Native,Mammalia,Felidae,Acinonyx jubatus,Cheetah,Appendix I – Species threatened with extinction
8935,Mauritania,MR,MRT,Native,Mammalia,Felidae,Acinonyx jubatus,Cheetah,Appendix I – Species threatened with extinction
8935,Mozambique,MZ,MOZ,Native,Mammalia,Felidae,Acinonyx jubatus,Cheetah,Appendix I – Species threatened with extinction
8935,Namibia,NA,NAM,Native,Mammalia,Felidae,Acinonyx jubatus,Cheetah,Appendix I – Species threatened with extinction
8935,Niger,NE,NER,Native,Mammalia,Felidae,Acinonyx jubatus,Cheetah,Appendix I – Species threatened with extinction
8935,Nigeria,NG,NGA,Native,Mammalia,Felidae,Acinonyx jubatus,Cheetah,Appendix I – Species threatened with extinction
8935,Somalia,SO,SOM,Native,Mammalia,Felidae,Acinonyx jubatus,Cheetah,Appendix I – Species threatened with extinction
8935,South Africa,ZA,ZAF,Native,Mammalia,Felidae,Acinonyx jubatus,Cheetah,Appendix I – Species threatened with extinction
8935,South Sudan,SS,SSD,Native,Mammalia,Felidae,Acinonyx jubatus,Cheetah,Appendix I – Species threatened with extinction
8935,Sudan,SD,SDN,Native,Mammalia,Felidae,Acinonyx jubatus,Cheetah,Appendix I – Species threatened with extinction
8935,Togo,TG,TGO,Native,Mammalia,Felidae,Acinonyx jubatus,Cheetah,Appendix I – Species threatened with extinction
8935,Uganda,UG,UGA,Native,Mammalia,Felidae,Acinonyx jubatus,Cheetah,Appendix I – Species threatened with extinction
8935,United Republic of Tanzania,TZ,TZA,Native,Mammalia,Felidae,Acinonyx jubatus,Cheetah,Appendix I – Species threatened with extinction
8935,Western Sahara,EH,ESH,Native,Mammalia,Felidae,Acinonyx jubatus,Cheetah,Appendix I – Species threatened with extinction
8935,Zambia,ZM,ZMB,Native,Mammalia,Felidae,Acinonyx jubatus,Cheetah,Appendix I – Species threatened with extinction
8935,Zimbabwe,ZW,ZWE,Native,Mammalia,Felidae,Acinonyx jubatus,Cheetah,Appendix I – Species threatened with extinction
8935,Afghanistan,AF,AFG,Extinct,Mammalia,Felidae,Acinonyx jubatus,Cheetah,Appendix I – Species threatened with extinction
8935,Burundi,BI,BDI,Extinct,Mammalia,Felidae,Acinonyx jubatus,Cheetah,Appendix I – Species threatened with extinction
8935,India,IN,IND,Extinct,Mammalia,Felidae,Acinonyx jubatus,Cheetah,Appendix I – Species threatened with extinction
8935,Iraq,IQ,IRQ,Extinct,Mammalia,Felidae,Acinonyx jubatus,Cheetah,Appendix I – Species threatened with extinction
8935,Israel,IL,ISR,Extinct,Mammalia,Felidae,Acinonyx jubatus,Cheetah,Appendix I – Species threatened with extinction
8935,Jordan,JO,JOR,Extinct,Mammalia,Felidae,Acinonyx jubatus,Cheetah,Appendix I – Species threatened with extinction
8935,Kazakhstan,KZ,KAZ,Extinct,Mammalia,Felidae,Acinonyx jubatus,Cheetah,Appendix I – Species threatened with extinction
8935,Kuwait,KW,KWT,Extinct,Mammalia,Felidae,Acinonyx jubatus,Cheetah,Appendix I – Species threatened with extinction
8935,Kyrgyzstan,KG,KGZ,Extinct,Mammalia,Felidae,Acinonyx jubatus,Cheetah,Appendix I – Species threatened with extinction
8935,Lebanon,LB,LBN,Extinct,Mammalia,Felidae,Acinonyx jubatus,Cheetah,Appendix I – Species threatened with extinction
8935,Libya,LY,LBY,Extinct,Mammalia,Felidae,Acinonyx jubatus,Cheetah,Appendix I – Species threatened with extinction
8935,Morocco,MA,MAR,Extinct,Mammalia,Felidae,Acinonyx jubatus,Cheetah,Appendix I – Species threatened with extinction
8935,Pakistan,PK,PAK,Extinct,Mammalia,Felidae,Acinonyx jubatus,Cheetah,Appendix I – Species threatened with extinction
8935,Saudi Arabia,SA,SAU,Extinct,Mammalia,Felidae,Acinonyx jubatus,Cheetah,Appendix I – Species threatened with extinction
8935,Senegal,SN,SEN,Extinct,Mammalia,Felidae,Acinonyx jubatus,Cheetah,Appendix I – Species threatened with extinction
8935,Syrian Arab Republic,,,Extinct,Mammalia,Felidae,Acinonyx jubatus,Cheetah,Appendix I – Species threatened with extinction
8935,Tajikistan,TJ,TJK,Extinct,Mammalia,Felidae,Acinonyx jubatus,Cheetah,Appendix I – Species threatened with extinction
8935,Tunisia,TN,TUN,Extinct,Mammalia,Felidae,Acinonyx jubatus,Cheetah,Appendix I – Species threatened with extinction
8935,Turkmenistan,TM,TKM,Extinct,Mammalia,Felidae,Acinonyx jubatus,Cheetah,Appendix I – Species threatened with extinction
8935,Uzbekistan,UZ,UZB,Extinct,Mammalia,Felidae,Acinonyx jubatus,Cheetah,Appendix I – Species threatened with extinction
8935,Yemen,YE,YEM,Extinct,Mammalia,Felidae,Acinonyx jubatus,Cheetah,Appendix I – Species threatened with extinction
66085,Angola,AO,AGO,Native,Mammalia,Felidae,Caracal aurata,African Golden Cat,Appendix II – Trade regulated
66085,Benin,BJ,BEN,Native,Mammalia,Felidae,Caracal aurata,African Golden Cat,Appendix II – Trade regulated
66085,Burundi,BI,BDI,Native,Mammalia,Felidae,Caracal aurata,African Golden Cat,Appendix II – Trade regulated
66085,Cameroon,CM,CMR,Native,Mammalia,Felidae,Caracal aurata,African Golden Cat,Appendix II – Trade regulated
66085,Central African Republic,CF,CAF,Native,Mammalia,Felidae,Caracal aurata,African Golden Cat,Appendix II – Trade regulated
66085,Congo,,,Native,Mammalia,Felidae,Caracal aurata,African Golden Cat,Appendix II – Trade regulated
66085,C√¥te d'Ivoire,,,Native,Mammalia,Felidae,Caracal aurata,African Golden Cat,Appendix II – Trade regulated
66085,Democratic Republic of the Congo,CD,COD,Native,Mammalia,Felidae,Caracal aurata,African Golden Cat,Appendix II – Trade regulated
66085,Equatorial Guinea,GQ,GNQ,Native,Mammalia,Felidae,Caracal aurata,African Golden Cat,Appendix II – Trade regulated
66085,Ethiopia,ET,ETH,Native,Mammalia,Felidae,Caracal aurata,African Golden Cat,Appendix II – Trade regulated
66085,Gabon,GA,GAB,Native,Mammalia,Felidae,Caracal aurata,African Golden Cat,Appendix II – Trade regulated
66085,Gambia,GM,GMB,Native,Mammalia,Felidae,Caracal aurata,African Golden Cat,Appendix II – Trade regulated
66085,Ghana,GH,GHA,Native,Mammalia,Felidae,Caracal aurata,African Golden Cat,Appendix II – Trade regulated
66085,Guinea,GN,GIN,Native,Mammalia,Felidae,Caracal aurata,African Golden Cat,Appendix II – Trade regulated
66085,Guinea Bissau,,,Native,Mammalia,Felidae,Caracal aurata,African Golden Cat,Appendix II – Trade regulated
66085,Kenya,KE,KEN,Native,Mammalia,Felidae,Caracal aurata,African Golden Cat,Appendix II – Trade regulated
66085,Liberia,LR,LBR,Native,Mammalia,Felidae,Caracal aurata,African Golden Cat,Appendix II – Trade regulated
66085,Rwanda,RW,RWA,Native,Mammalia,Felidae,Caracal aurata,African Golden Cat,Appendix II – Trade regulated
66085,Sierra Leone,SL,SLE,Native,Mammalia,Felidae,Caracal aurata,African Golden Cat,Appendix II – Trade regulated
66085,Togo,TG,TGO,Native,Mammalia,Felidae,Caracal aurata,African Golden Cat,Appendix II – Trade regulated
66085,Uganda,UG,UGA,Native,Mammalia,Felidae,Caracal aurata,African Golden Cat,Appendix II – Trade regulated
4645,Afghanistan,AF,AFG,Native,Mammalia,Felidae,Caracal caracal,Caracal,Appendix I / II – Status depends on population
4645,Algeria,DZ,DZA,Native,Mammalia,Felidae,Caracal caracal,Caracal,Appendix I / II – Status depends on population
4645,Angola,AO,AGO,Native,Mammalia,Felidae,Caracal caracal,Caracal,Appendix I / II – Status depends on population
4645,Benin,BJ,BEN,Native,Mammalia,Felidae,Caracal caracal,Caracal,Appendix I / II – Status depends on population
4645,Botswana,BW,BWA,Native,Mammalia,Felidae,Caracal caracal,Caracal,Appendix I / II – Status depends on population
4645,Cameroon,CM,CMR,Native,Mammalia,Felidae,Caracal caracal,Caracal,Appendix I / II – Status depends on population
4645,Central African Republic,CF,CAF,Native,Mammalia,Felidae,Caracal caracal,Caracal,Appendix I / II – Status depends on population
4645,Chad,TD,TCD,Native,Mammalia,Felidae,Caracal caracal,Caracal,Appendix I / II – Status depends on population
4645,C√¥te d'Ivoire,,,Native,Mammalia,Felidae,Caracal caracal,Caracal,Appendix I / II – Status depends on population
4645,Democratic Republic of the Congo,CD,COD,Native,Mammalia,Felidae,Caracal caracal,Caracal,Appendix I / II – Status depends on population
4645,Djibouti,DJ,DJI,Native,Mammalia,Felidae,Caracal caracal,Caracal,Appendix I / II – Status depends on population
4645,Egypt,EG,EGY,Native,Mammalia,Felidae,Caracal caracal,Caracal,Appendix I / II – Status depends on population
4645,Eritrea,ER,ERI,Native,Mammalia,Felidae,Caracal caracal,Caracal,Appendix I / II – Status depends on population
4645,Eswatini,,,Native,Mammalia,Felidae,Caracal caracal,Caracal,Appendix I / II – Status depends on population
4645,Ethiopia,ET,ETH,Native,Mammalia,Felidae,Caracal caracal,Caracal,Appendix I / II – Status depends on population
4645,Gabon,GA,GAB,Native,Mammalia,Felidae,Caracal caracal,Caracal,Appendix I / II – Status depends on population
4645,Gambia,GM,GMB,Native,Mammalia,Felidae,Caracal caracal,Caracal,Appendix I / II – Status depends on population
4645,Ghana,GH,GHA,Native,Mammalia,Felidae,Caracal caracal,Caracal,Appendix I / II – Status depends on population
4645,Guinea,GN,GIN,Native,Mammalia,Felidae,Caracal caracal,Caracal,Appendix I / II – Status depends on population
4645,Guinea Bissau,,,Native,Mammalia,Felidae,Caracal caracal,Caracal,Appendix I / II – Status depends on population
4645,India,IN,IND,Native,Mammalia,Felidae,Caracal caracal,Caracal,Appendix I / II – Status depends on population
4645,Iran (Islamic Republic of),,,Native,Mammalia,Felidae,Caracal caracal,Caracal,Appendix I / II – Status depends on population
4645,Iraq,IQ,IRQ,Native,Mammalia,Felidae,Caracal caracal,Caracal,Appendix I / II – Status depends on population
4645,Israel,IL,ISR,Native,Mammalia,Felidae,Caracal caracal,Caracal,Appendix I / II – Status depends on population
4645,Jordan,JO,JOR,Native,Mammalia,Felidae,Caracal caracal,Caracal,Appendix I / II – Status depends on population
4645,Kazakhstan,KZ,KAZ,Native,Mammalia,Felidae,Caracal caracal,Caracal,Appendix I / II – Status depends on population
4645,Kenya,KE,KEN,Native,Mammalia,Felidae,Caracal caracal,Caracal,Appendix I / II – Status depends on population
4645,Kuwait,KW,KWT,Native,Mammalia,Felidae,Caracal caracal,Caracal,Appendix I / II – Status depends on population
4645,Lebanon,LB,LBN,Native,Mammalia,Felidae,Caracal caracal,Caracal,Appendix I / II – Status depends on population
4645,Lesotho,LS,LSO,Native,Mammalia,Felidae,Caracal caracal,Caracal,Appendix I / II – Status depends on population
4645,Libya,LY,LBY,Native,Mammalia,Felidae,Caracal caracal,Caracal,Appendix I / II – Status depends on population
4645,Malawi,MW,MWI,Native,Mammalia,Felidae,Caracal caracal,Caracal,Appendix I / II – Status depends on population
4645,Mauritania,MR,MRT,Native,Mammalia,Felidae,Caracal caracal,Caracal,Appendix I / II – Status depends on population
4645,Morocco,MA,MAR,Native,Mammalia,Felidae,Caracal caracal,Caracal,Appendix I / II – Status depends on population
4645,Mozambique,MZ,MOZ,Native,Mammalia,Felidae,Caracal caracal,Caracal,Appendix I / II – Status depends on population
4645,Namibia,NA,NAM,Native,Mammalia,Felidae,Caracal caracal,Caracal,Appendix I / II – Status depends on population
4645,Niger,NE,NER,Native,Mammalia,Felidae,Caracal caracal,Caracal,Appendix I / II – Status depends on population
4645,Nigeria,NG,NGA,Native,Mammalia,Felidae,Caracal caracal,Caracal,Appendix I / II – Status depends on population
4645,Oman,OM,OMN,Native,Mammalia,Felidae,Caracal caracal,Caracal,Appendix I / II – Status depends on population
4645,Pakistan,PK,PAK,Native,Mammalia,Felidae,Caracal caracal,Caracal,Appendix I / II – Status depends on population
4645,Saudi Arabia,SA,SAU,Native,Mammalia,Felidae,Caracal caracal,Caracal,Appendix I / II – Status depends on population
4645,Senegal,SN,SEN,Native,Mammalia,Felidae,Caracal caracal,Caracal,Appendix I / II – Status depends on population
4645,Somalia,SO,SOM,Native,Mammalia,Felidae,Caracal caracal,Caracal,Appendix I / II – Status depends on population
4645,South Africa,ZA,ZAF,Native,Mammalia,Felidae,Caracal caracal,Caracal,Appendix I / II – Status depends on population
4645,South Sudan,SS,SSD,Native,Mammalia,Felidae,Caracal caracal,Caracal,Appendix I / II – Status depends on population
4645,Sudan,SD,SDN,Native,Mammalia,Felidae,Caracal caracal,Caracal,Appendix I / II – Status depends on population
4645,Syrian Arab Republic,,,Native,Mammalia,Felidae,Caracal caracal,Caracal,Appendix I / II – Status depends on population
4645,Tajikistan,TJ,TJK,Native,Mammalia,Felidae,Caracal caracal,Caracal,Appendix I / II – Status depends on population
4645,Togo,TG,TGO,Native,Mammalia,Felidae,Caracal caracal,Caracal,Appendix I / II – Status depends on population
4645,Tunisia,TN,TUN,Native,Mammalia,Felidae,Caracal caracal,Caracal,Appendix I / II – Status depends on population
4645,T√ºrkiye,,,Native,Mammalia,Felidae,Caracal caracal,Caracal,Appendix I / II – Status depends on population
4645,Turkmenistan,TM,TKM,Native,Mammalia,Felidae,Caracal caracal,Caracal,Appendix I / II – Status depends on population
4645,Uganda,UG,UGA,Native,Mammalia,Felidae,Caracal caracal,Caracal,Appendix I / II – Status depends on population
4645,United Arab Emirates,AE,ARE,Native,Mammalia,Felidae,Caracal caracal,Caracal,Appendix I / II – Status depends on population
4645,United Republic of Tanzania,TZ,TZA,Native,Mammalia,Felidae,Caracal caracal,Caracal,Appendix I / II – Status depends on population
4645,Uzbekistan,UZ,UZB,Native,Mammalia,Felidae,Caracal caracal,Caracal,Appendix I / II – Status depends on population
4645,Yemen,YE,YEM,Native,Mammalia,Felidae,Caracal caracal,Caracal,Appendix I / II – Status depends on population
4645,Zambia,ZM,ZMB,Native,Mammalia,Felidae,Caracal caracal,Caracal,Appendix I / II – Status depends on population
4645,Zimbabwe,ZW,ZWE,Native,Mammalia,Felidae,Caracal caracal,Caracal,Appendix I / II – Status depends on population
5147,Brunei Darussalam,,,Native,Mammalia,Felidae,Catopuma badia,Bay Cat,Appendix II – Trade regulated
5147,Indonesia,ID,IDN,Native,Mammalia,Felidae,Catopuma badia,Bay Cat,Appendix II – Trade regulated
5147,Malaysia,MY,MYS,Native,Mammalia,Felidae,Catopuma badia,Bay Cat,Appendix II – Trade regulated
8985,Bangladesh,BD,BGD,Native,Mammalia,Felidae,Catopuma temminckii,Asian Golden Cat,Appendix I – Species threatened with extinction
8985,Bhutan,BT,BTN,Native,Mammalia,Felidae,Catopuma temminckii,Asian Golden Cat,Appendix I – Species threatened with extinction
8985,Cambodia,KH,KHM,Native,Mammalia,Felidae,Catopuma temminckii,Asian Golden Cat,Appendix I – Species threatened with extinction
8985,China,CN,CHN,Native,Mammalia,Felidae,Catopuma temminckii,Asian Golden Cat,Appendix I – Species threatened with extinction
8985,India,IN,IND,Native,Mammalia,Felidae,Catopuma temminckii,Asian Golden Cat,Appendix I – Species threatened with extinction
8985,Indonesia,ID,IDN,Native,Mammalia,Felidae,Catopuma temminckii,Asian Golden Cat,Appendix I – Species threatened with extinction
8985,Lao People's Democratic Republic,,,Native,Mammalia,Felidae,Catopuma temminckii,Asian Golden Cat,Appendix I – Species threatened with extinction
8985,Malaysia,MY,MYS,Native,Mammalia,Felidae,Catopuma temminckii,Asian Golden Cat,Appendix I – Species threatened with extinction
8985,Myanmar,MM,MMR,Native,Mammalia,Felidae,Catopuma temminckii,Asian Golden Cat,Appendix I – Species threatened with extinction
8985,Nepal,NP,NPL,Native,Mammalia,Felidae,Catopuma temminckii,Asian Golden Cat,Appendix I – Species threatened with extinction
8985,Thailand,TH,THA,Native,Mammalia,Felidae,Catopuma temminckii,Asian Golden Cat,Appendix I – Species threatened with extinction
8985,Viet Nam,,,Native,Mammalia,Felidae,Catopuma temminckii,Asian Golden Cat,Appendix I – Species threatened with extinction
11144,China,CN,CHN,Native,Mammalia,Felidae,Felis bieti,Chinese Mountain Cat,Appendix II – Trade regulated
9395,Afghanistan,AF,AFG,Native,Mammalia,Felidae,Felis chaus,Jungle Cat,Appendix II – Trade regulated
9395,Armenia,AM,ARM,Native,Mammalia,Felidae,Felis chaus,Jungle Cat,Appendix II – Trade regulated
9395,Azerbaijan,AZ,AZE,Native,Mammalia,Felidae,Felis chaus,Jungle Cat,Appendix II – Trade regulated
9395,Bangladesh,BD,BGD,Native,Mammalia,Felidae,Felis chaus,Jungle Cat,Appendix II – Trade regulated
9395,Bhutan,BT,BTN,Native,Mammalia,Felidae,Felis chaus,Jungle Cat,Appendix II – Trade regulated
9395,Cambodia,KH,KHM,Native,Mammalia,Felidae,Felis chaus,Jungle Cat,Appendix II – Trade regulated
9395,China,CN,CHN,Native,Mammalia,Felidae,Felis chaus,Jungle Cat,Appendix II – Trade regulated
9395,Egypt,EG,EGY,Native,Mammalia,Felidae,Felis chaus,Jungle Cat,Appendix II – Trade regulated
9395,Georgia,GE,GEO,Native,Mammalia,Felidae,Felis chaus,Jungle Cat,Appendix II – Trade regulated
9395,India,IN,IND,Native,Mammalia,Felidae,Felis chaus,Jungle Cat,Appendix II – Trade regulated
9395,Iran (Islamic Republic of),,,Native,Mammalia,Felidae,Felis chaus,Jungle Cat,Appendix II – Trade regulated
9395,Iraq,IQ,IRQ,Native,Mammalia,Felidae,Felis chaus,Jungle Cat,Appendix II – Trade regulated
9395,Israel,IL,ISR,Native,Mammalia,Felidae,Felis chaus,Jungle Cat,Appendix II – Trade regulated
9395,Jordan,JO,JOR,Native,Mammalia,Felidae,Felis chaus,Jungle Cat,Appendix II – Trade regulated
9395,Kazakhstan,KZ,KAZ,Native,Mammalia,Felidae,Felis chaus,Jungle Cat,Appendix II – Trade regulated
9395,Lao People's Democratic Republic,,,Native,Mammalia,Felidae,Felis chaus,Jungle Cat,Appendix II – Trade regulated
9395,Lebanon,LB,LBN,Native,Mammalia,Felidae,Felis chaus,Jungle Cat,Appendix II – Trade regulated
9395,Mongolia,MN,MNG,Native,Mammalia,Felidae,Felis chaus,Jungle Cat,Appendix II – Trade regulated
9395,Myanmar,MM,MMR,Native,Mammalia,Felidae,Felis chaus,Jungle Cat,Appendix II – Trade regulated
9395,Nepal,NP,NPL,Native,Mammalia,Felidae,Felis chaus,Jungle Cat,Appendix II – Trade regulated
9395,Pakistan,PK,PAK,Native,Mammalia,Felidae,Felis chaus,Jungle Cat,Appendix II – Trade regulated
9395,Russian Federation,,,Native,Mammalia,Felidae,Felis chaus,Jungle Cat,Appendix II – Trade regulated
9395,Sri Lanka,LK,LKA,Native,Mammalia,Felidae,Felis chaus,Jungle Cat,Appendix II – Trade regulated
9395,Syrian Arab Republic,,,Native,Mammalia,Felidae,Felis chaus,Jungle Cat,Appendix II – Trade regulated
9395,Tajikistan,TJ,TJK,Native,Mammalia,Felidae,Felis chaus,Jungle Cat,Appendix II – Trade regulated
9395,Thailand,TH,THA,Native,Mammalia,Felidae,Felis chaus,Jungle Cat,Appendix II – Trade regulated
9395,T√ºrkiye,,,Native,Mammalia,Felidae,Felis chaus,Jungle Cat,Appendix II – Trade regulated
9395,Turkmenistan,TM,TKM,Native,Mammalia,Felidae,Felis chaus,Jungle Cat,Appendix II – Trade regulated
9395,Uzbekistan,UZ,UZB,Native,Mammalia,Felidae,Felis chaus,Jungle Cat,Appendix II – Trade regulated
9395,Viet Nam,,,Native,Mammalia,Felidae,Felis chaus,Jungle Cat,Appendix II – Trade regulated
36712,Afghanistan,AF,AFG,Native,Mammalia,Felidae,Felis lybica,African Wildcat,Appendix II – Trade regulated
36712,Algeria,DZ,DZA,Native,Mammalia,Felidae,Felis lybica,African Wildcat,Appendix II – Trade regulated
36712,Angola,AO,AGO,Native,Mammalia,Felidae,Felis lybica,African Wildcat,Appendix II – Trade regulated
36712,Benin,BJ,BEN,Native,Mammalia,Felidae,Felis lybica,African Wildcat,Appendix II – Trade regulated
36712,Botswana,BW,BWA,Native,Mammalia,Felidae,Felis lybica,African Wildcat,Appendix II – Trade regulated
36712,Burkina Faso,BF,BFA,Native,Mammalia,Felidae,Felis lybica,African Wildcat,Appendix II – Trade regulated
36712,Burundi,BI,BDI,Native,Mammalia,Felidae,Felis lybica,African Wildcat,Appendix II – Trade regulated
36712,Cameroon,CM,CMR,Native,Mammalia,Felidae,Felis lybica,African Wildcat,Appendix II – Trade regulated
36712,Central African Republic,CF,CAF,Native,Mammalia,Felidae,Felis lybica,African Wildcat,Appendix II – Trade regulated
36712,Chad,TD,TCD,Native,Mammalia,Felidae,Felis lybica,African Wildcat,Appendix II – Trade regulated
36712,China,CN,CHN,Native,Mammalia,Felidae,Felis lybica,African Wildcat,Appendix II – Trade regulated
36712,C√¥te d'Ivoire,,,Native,Mammalia,Felidae,Felis lybica,African Wildcat,Appendix II – Trade regulated
36712,Democratic Republic of the Congo,CD,COD,Native,Mammalia,Felidae,Felis lybica,African Wildcat,Appendix II – Trade regulated
36712,Egypt,EG,EGY,Native,Mammalia,Felidae,Felis lybica,African Wildcat,Appendix II – Trade regulated
36712,Eritrea,ER,ERI,Native,Mammalia,Felidae,Felis lybica,African Wildcat,Appendix II – Trade regulated
36712,Eswatini,,,Native,Mammalia,Felidae,Felis lybica,African Wildcat,Appendix II – Trade regulated
36712,Ethiopia,ET,ETH,Native,Mammalia,Felidae,Felis lybica,African Wildcat,Appendix II – Trade regulated
36712,France,-99,-99,Native,Mammalia,Felidae,Felis lybica,African Wildcat,Appendix II – Trade regulated
36712,Gambia,GM,GMB,Native,Mammalia,Felidae,Felis lybica,African Wildcat,Appendix II – Trade regulated
36712,Ghana,GH,GHA,Native,Mammalia,Felidae,Felis lybica,African Wildcat,Appendix II – Trade regulated
36712,Greece,GR,GRC,Native,Mammalia,Felidae,Felis lybica,African Wildcat,Appendix II – Trade regulated
36712,Guinea,GN,GIN,Native,Mammalia,Felidae,Felis lybica,African Wildcat,Appendix II – Trade regulated
36712,Guinea Bissau,,,Native,Mammalia,Felidae,Felis lybica,African Wildcat,Appendix II – Trade regulated
36712,India,IN,IND,Native,Mammalia,Felidae,Felis lybica,African Wildcat,Appendix II – Trade regulated
36712,Iran (Islamic Republic of),,,Native,Mammalia,Felidae,Felis lybica,African Wildcat,Appendix II – Trade regulated
36712,Iraq,IQ,IRQ,Native,Mammalia,Felidae,Felis lybica,African Wildcat,Appendix II – Trade regulated
36712,Israel,IL,ISR,Native,Mammalia,Felidae,Felis lybica,African Wildcat,Appendix II – Trade regulated
36712,Italy,IT,ITA,Native,Mammalia,Felidae,Felis lybica,African Wildcat,Appendix II – Trade regulated
36712,Jordan,JO,JOR,Native,Mammalia,Felidae,Felis lybica,African Wildcat,Appendix II – Trade regulated
36712,Kazakhstan,KZ,KAZ,Native,Mammalia,Felidae,Felis lybica,African Wildcat,Appendix II – Trade regulated
36712,Kenya,KE,KEN,Native,Mammalia,Felidae,Felis lybica,African Wildcat,Appendix II – Trade regulated
36712,Kuwait,KW,KWT,Native,Mammalia,Felidae,Felis lybica,African Wildcat,Appendix II – Trade regulated
36712,Kyrgyzstan,KG,KGZ,Native,Mammalia,Felidae,Felis lybica,African Wildcat,Appendix II – Trade regulated
36712,Lebanon,LB,LBN,Native,Mammalia,Felidae,Felis lybica,African Wildcat,Appendix II – Trade regulated
36712,Lesotho,LS,LSO,Native,Mammalia,Felidae,Felis lybica,African Wildcat,Appendix II – Trade regulated
36712,Liberia,LR,LBR,Native,Mammalia,Felidae,Felis lybica,African Wildcat,Appendix II – Trade regulated
36712,Libya,LY,LBY,Native,Mammalia,Felidae,Felis lybica,African Wildcat,Appendix II – Trade regulated
36712,Malawi,MW,MWI,Native,Mammalia,Felidae,Felis lybica,African Wildcat,Appendix II – Trade regulated
36712,Mauritania,MR,MRT,Native,Mammalia,Felidae,Felis lybica,African Wildcat,Appendix II – Trade regulated
36712,Mongolia,MN,MNG,Native,Mammalia,Felidae,Felis lybica,African Wildcat,Appendix II – Trade regulated
36712,Morocco,MA,MAR,Native,Mammalia,Felidae,Felis lybica,African Wildcat,Appendix II – Trade regulated
36712,Mozambique,MZ,MOZ,Native,Mammalia,Felidae,Felis lybica,African Wildcat,Appendix II – Trade regulated
36712,Namibia,NA,NAM,Native,Mammalia,Felidae,Felis lybica,African Wildcat,Appendix II – Trade regulated
36712,Niger,NE,NER,Native,Mammalia,Felidae,Felis lybica,African Wildcat,Appendix II – Trade regulated
36712,Nigeria,NG,NGA,Native,Mammalia,Felidae,Felis lybica,African Wildcat,Appendix II – Trade regulated
36712,Oman,OM,OMN,Native,Mammalia,Felidae,Felis lybica,African Wildcat,Appendix II – Trade regulated
36712,Pakistan,PK,PAK,Native,Mammalia,Felidae,Felis lybica,African Wildcat,Appendix II – Trade regulated
36712,Rwanda,RW,RWA,Native,Mammalia,Felidae,Felis lybica,African Wildcat,Appendix II – Trade regulated
36712,Saudi Arabia,SA,SAU,Native,Mammalia,Felidae,Felis lybica,African Wildcat,Appendix II – Trade regulated
36712,Senegal,SN,SEN,Native,Mammalia,Felidae,Felis lybica,African Wildcat,Appendix II – Trade regulated
36712,Sierra Leone,SL,SLE,Native,Mammalia,Felidae,Felis lybica,African Wildcat,Appendix II – Trade regulated
36712,Somalia,SO,SOM,Native,Mammalia,Felidae,Felis lybica,African Wildcat,Appendix II – Trade regulated
36712,South Africa,ZA,ZAF,Native,Mammalia,Felidae,Felis lybica,African Wildcat,Appendix II – Trade regulated
36712,South Sudan,SS,SSD,Native,Mammalia,Felidae,Felis lybica,African Wildcat,Appendix II – Trade regulated
36712,Spain,ES,ESP,Native,Mammalia,Felidae,Felis lybica,African Wildcat,Appendix II – Trade regulated
36712,Sudan,SD,SDN,Native,Mammalia,Felidae,Felis lybica,African Wildcat,Appendix II – Trade regulated
36712,Syrian Arab Republic,,,Native,Mammalia,Felidae,Felis lybica,African Wildcat,Appendix II – Trade regulated
36712,Tajikistan,TJ,TJK,Native,Mammalia,Felidae,Felis lybica,African Wildcat,Appendix II – Trade regulated
36712,Togo,TG,TGO,Native,Mammalia,Felidae,Felis lybica,African Wildcat,Appendix II – Trade regulated
36712,Tunisia,TN,TUN,Native,Mammalia,Felidae,Felis lybica,African Wildcat,Appendix II – Trade regulated
36712,Turkmenistan,TM,TKM,Native,Mammalia,Felidae,Felis lybica,African Wildcat,Appendix II – Trade regulated
36712,Uganda,UG,UGA,Native,Mammalia,Felidae,Felis lybica,African Wildcat,Appendix II – Trade regulated
36712,United Arab Emirates,AE,ARE,Native,Mammalia,Felidae,Felis lybica,African Wildcat,Appendix II – Trade regulated
36712,Uzbekistan,UZ,UZB,Native,Mammalia,Felidae,Felis lybica,African Wildcat,Appendix II – Trade regulated
36712,Western Sahara,EH,ESH,Native,Mammalia,Felidae,Felis lybica,African Wildcat,Appendix II – Trade regulated
36712,Yemen,YE,YEM,Native,Mammalia,Felidae,Felis lybica,African Wildcat,Appendix II – Trade regulated
36712,Zambia,ZM,ZMB,Native,Mammalia,Felidae,Felis lybica,African Wildcat,Appendix II – Trade regulated
36712,Zimbabwe,ZW,ZWE,Native,Mammalia,Felidae,Felis lybica,African Wildcat,Appendix II – Trade regulated
9009,Algeria,DZ,DZA,Native,Mammalia,Felidae,Felis margarita,Sand Cat,Appendix II – Trade regulated
9009,Chad,TD,TCD,Native,Mammalia,Felidae,Felis margarita,Sand Cat,Appendix II – Trade regulated
9009,Egypt,EG,EGY,Native,Mammalia,Felidae,Felis margarita,Sand Cat,Appendix II – Trade regulated
9009,Iran (Islamic Republic of),,,Native,Mammalia,Felidae,Felis margarita,Sand Cat,Appendix II – Trade regulated
9009,Israel,IL,ISR,Native,Mammalia,Felidae,Felis margarita,Sand Cat,Appendix II – Trade regulated
9009,Jordan,JO,JOR,Native,Mammalia,Felidae,Felis margarita,Sand Cat,Appendix II – Trade regulated
9009,Kazakhstan,KZ,KAZ,Native,Mammalia,Felidae,Felis margarita,Sand Cat,Appendix II – Trade regulated
9009,Kuwait,KW,KWT,Native,Mammalia,Felidae,Felis margarita,Sand Cat,Appendix II – Trade regulated
9009,Lebanon,LB,LBN,Native,Mammalia,Felidae,Felis margarita,Sand Cat,Appendix II – Trade regulated
9009,Morocco,MA,MAR,Native,Mammalia,Felidae,Felis margarita,Sand Cat,Appendix II – Trade regulated
9009,Niger,NE,NER,Native,Mammalia,Felidae,Felis margarita,Sand Cat,Appendix II – Trade regulated
9009,Oman,OM,OMN,Native,Mammalia,Felidae,Felis margarita,Sand Cat,Appendix II – Trade regulated
9009,Pakistan,PK,PAK,Native,Mammalia,Felidae,Felis margarita,Sand Cat,Appendix II – Trade regulated
9009,Qatar,QA,QAT,Native,Mammalia,Felidae,Felis margarita,Sand Cat,Appendix II – Trade regulated
9009,Saudi Arabia,SA,SAU,Native,Mammalia,Felidae,Felis margarita,Sand Cat,Appendix II – Trade regulated
9009,Senegal,SN,SEN,Native,Mammalia,Felidae,Felis margarita,Sand Cat,Appendix II – Trade regulated
9009,Turkmenistan,TM,TKM,Native,Mammalia,Felidae,Felis margarita,Sand Cat,Appendix II – Trade regulated
9009,United Arab Emirates,AE,ARE,Native,Mammalia,Felidae,Felis margarita,Sand Cat,Appendix II – Trade regulated
9009,Uzbekistan,UZ,UZB,Native,Mammalia,Felidae,Felis margarita,Sand Cat,Appendix II – Trade regulated
9009,Yemen,YE,YEM,Native,Mammalia,Felidae,Felis margarita,Sand Cat,Appendix II – Trade regulated
6355,Botswana,BW,BWA,Native,Mammalia,Felidae,Felis nigripes,Black-footed Cat,Appendix I – Species threatened with extinction
6355,Namibia,NA,NAM,Native,Mammalia,Felidae,Felis nigripes,Black-footed Cat,Appendix I – Species threatened with extinction
6355,South Africa,ZA,ZAF,Native,Mammalia,Felidae,Felis nigripes,Black-footed Cat,Appendix I – Species threatened with extinction
6355,Zimbabwe,ZW,ZWE,Native,Mammalia,Felidae,Felis nigripes,Black-footed Cat,Appendix I – Species threatened with extinction
7300,Afghanistan,AF,AFG,Native,Mammalia,Felidae,Felis silvestris,European Wildcat,Appendix II – Trade regulated
7300,Albania,AL,ALB,Native,Mammalia,Felidae,Felis silvestris,European Wildcat,Appendix II – Trade regulated
7300,Algeria,DZ,DZA,Native,Mammalia,Felidae,Felis silvestris,European Wildcat,Appendix II – Trade regulated
7300,Angola,AO,AGO,Native,Mammalia,Felidae,Felis silvestris,European Wildcat,Appendix II – Trade regulated
7300,Armenia,AM,ARM,Native,Mammalia,Felidae,Felis silvestris,European Wildcat,Appendix II – Trade regulated
7300,Austria,AT,AUT,Native,Mammalia,Felidae,Felis silvestris,European Wildcat,Appendix II – Trade regulated
7300,Azerbaijan,AZ,AZE,Native,Mammalia,Felidae,Felis silvestris,European Wildcat,Appendix II – Trade regulated
7300,Belarus,BY,BLR,Native,Mammalia,Felidae,Felis silvestris,European Wildcat,Appendix II – Trade regulated
7300,Belgium,BE,BEL,Native,Mammalia,Felidae,Felis silvestris,European Wildcat,Appendix II – Trade regulated
7300,Benin,BJ,BEN,Native,Mammalia,Felidae,Felis silvestris,European Wildcat,Appendix II – Trade regulated
7300,Bosnia and Herzegovina,BA,BIH,Native,Mammalia,Felidae,Felis silvestris,European Wildcat,Appendix II – Trade regulated
7300,Botswana,BW,BWA,Native,Mammalia,Felidae,Felis silvestris,European Wildcat,Appendix II – Trade regulated
7300,Bulgaria,BG,BGR,Native,Mammalia,Felidae,Felis silvestris,European Wildcat,Appendix II – Trade regulated
7300,Burkina Faso,BF,BFA,Native,Mammalia,Felidae,Felis silvestris,European Wildcat,Appendix II – Trade regulated
7300,Burundi,BI,BDI,Native,Mammalia,Felidae,Felis silvestris,European Wildcat,Appendix II – Trade regulated
7300,Cameroon,CM,CMR,Native,Mammalia,Felidae,Felis silvestris,European Wildcat,Appendix II – Trade regulated
7300,Central African Republic,CF,CAF,Native,Mammalia,Felidae,Felis silvestris,European Wildcat,Appendix II – Trade regulated
7300,Chad,TD,TCD,Native,Mammalia,Felidae,Felis silvestris,European Wildcat,Appendix II – Trade regulated
7300,China,CN,CHN,Native,Mammalia,Felidae,Felis silvestris,European Wildcat,Appendix II – Trade regulated
7300,Congo,,,Native,Mammalia,Felidae,Felis silvestris,European Wildcat,Appendix II – Trade regulated
7300,Croatia,HR,HRV,Native,Mammalia,Felidae,Felis silvestris,European Wildcat,Appendix II – Trade regulated
7300,Czech Republic,,,Native,Mammalia,Felidae,Felis silvestris,European Wildcat,Appendix II – Trade regulated
7300,Democratic Republic of the Congo,CD,COD,Native,Mammalia,Felidae,Felis silvestris,European Wildcat,Appendix II – Trade regulated
7300,Djibouti,DJ,DJI,Native,Mammalia,Felidae,Felis silvestris,European Wildcat,Appendix II – Trade regulated
7300,Egypt,EG,EGY,Native,Mammalia,Felidae,Felis silvestris,European Wildcat,Appendix II – Trade regulated
7300,Eritrea,ER,ERI,Native,Mammalia,Felidae,Felis silvestris,European Wildcat,Appendix II – Trade regulated
7300,Eswatini,,,Native,Mammalia,Felidae,Felis silvestris,European Wildcat,Appendix II – Trade regulated
7300,France,-99,-99,Native,Mammalia,Felidae,Felis silvestris,European Wildcat,Appendix II – Trade regulated
7300,Gambia,GM,GMB,Native,Mammalia,Felidae,Felis silvestris,European Wildcat,Appendix II – Trade regulated
7300,Georgia,GE,GEO,Native,Mammalia,Felidae,Felis silvestris,European Wildcat,Appendix II – Trade regulated
7300,Germany,DE,DEU,Native,Mammalia,Felidae,Felis silvestris,European Wildcat,Appendix II – Trade regulated
7300,Ghana,GH,GHA,Native,Mammalia,Felidae,Felis silvestris,European Wildcat,Appendix II – Trade regulated
7300,Greece,GR,GRC,Native,Mammalia,Felidae,Felis silvestris,European Wildcat,Appendix II – Trade regulated
7300,Guinea,GN,GIN,Native,Mammalia,Felidae,Felis silvestris,European Wildcat,Appendix II – Trade regulated
7300,Guinea Bissau,,,Native,Mammalia,Felidae,Felis silvestris,European Wildcat,Appendix II – Trade regulated
7300,Hungary,HU,HUN,Native,Mammalia,Felidae,Felis silvestris,European Wildcat,Appendix II – Trade regulated
7300,India,IN,IND,Native,Mammalia,Felidae,Felis silvestris,European Wildcat,Appendix II – Trade regulated
7300,Iran (Islamic Republic of),,,Native,Mammalia,Felidae,Felis silvestris,European Wildcat,Appendix II – Trade regulated
7300,Iraq,IQ,IRQ,Native,Mammalia,Felidae,Felis silvestris,European Wildcat,Appendix II – Trade regulated
7300,Israel,IL,ISR,Native,Mammalia,Felidae,Felis silvestris,European Wildcat,Appendix II – Trade regulated
7300,Italy,IT,ITA,Native,Mammalia,Felidae,Felis silvestris,European Wildcat,Appendix II – Trade regulated
7300,Jordan,JO,JOR,Native,Mammalia,Felidae,Felis silvestris,European Wildcat,Appendix II – Trade regulated
7300,Kazakhstan,KZ,KAZ,Native,Mammalia,Felidae,Felis silvestris,European Wildcat,Appendix II – Trade regulated
7300,Kenya,KE,KEN,Native,Mammalia,Felidae,Felis silvestris,European Wildcat,Appendix II – Trade regulated
7300,Kuwait,KW,KWT,Native,Mammalia,Felidae,Felis silvestris,European Wildcat,Appendix II – Trade regulated
7300,Kyrgyzstan,KG,KGZ,Native,Mammalia,Felidae,Felis silvestris,European Wildcat,Appendix II – Trade regulated
7300,Lebanon,LB,LBN,Native,Mammalia,Felidae,Felis silvestris,European Wildcat,Appendix II – Trade regulated
7300,Lesotho,LS,LSO,Native,Mammalia,Felidae,Felis silvestris,European Wildcat,Appendix II – Trade regulated
7300,Libya,LY,LBY,Native,Mammalia,Felidae,Felis silvestris,European Wildcat,Appendix II – Trade regulated
7300,Luxembourg,LU,LUX,Native,Mammalia,Felidae,Felis silvestris,European Wildcat,Appendix II – Trade regulated
7300,Malawi,MW,MWI,Native,Mammalia,Felidae,Felis silvestris,European Wildcat,Appendix II – Trade regulated
7300,Mali,ML,MLI,Native,Mammalia,Felidae,Felis silvestris,European Wildcat,Appendix II – Trade regulated
7300,Mauritania,MR,MRT,Native,Mammalia,Felidae,Felis silvestris,European Wildcat,Appendix II – Trade regulated
7300,Mongolia,MN,MNG,Native,Mammalia,Felidae,Felis silvestris,European Wildcat,Appendix II – Trade regulated
7300,Montenegro,ME,MNE,Native,Mammalia,Felidae,Felis silvestris,European Wildcat,Appendix II – Trade regulated
7300,Morocco,MA,MAR,Native,Mammalia,Felidae,Felis silvestris,European Wildcat,Appendix II – Trade regulated
7300,Mozambique,MZ,MOZ,Native,Mammalia,Felidae,Felis silvestris,European Wildcat,Appendix II – Trade regulated
7300,Niger,NE,NER,Native,Mammalia,Felidae,Felis silvestris,European Wildcat,Appendix II – Trade regulated
7300,Nigeria,NG,NGA,Native,Mammalia,Felidae,Felis silvestris,European Wildcat,Appendix II – Trade regulated
7300,North Macedonia,MK,MKD,Native,Mammalia,Felidae,Felis silvestris,European Wildcat,Appendix II – Trade regulated
7300,Oman,OM,OMN,Native,Mammalia,Felidae,Felis silvestris,European Wildcat,Appendix II – Trade regulated
7300,Pakistan,PK,PAK,Native,Mammalia,Felidae,Felis silvestris,European Wildcat,Appendix II – Trade regulated
7300,Poland,PL,POL,Native,Mammalia,Felidae,Felis silvestris,European Wildcat,Appendix II – Trade regulated
7300,Portugal,PT,PRT,Native,Mammalia,Felidae,Felis silvestris,European Wildcat,Appendix II – Trade regulated
7300,Republic of Moldova,,,Native,Mammalia,Felidae,Felis silvestris,European Wildcat,Appendix II – Trade regulated
7300,Romania,RO,ROU,Native,Mammalia,Felidae,Felis silvestris,European Wildcat,Appendix II – Trade regulated
7300,Russian Federation,,,Native,Mammalia,Felidae,Felis silvestris,European Wildcat,Appendix II – Trade regulated
7300,Rwanda,RW,RWA,Native,Mammalia,Felidae,Felis silvestris,European Wildcat,Appendix II – Trade regulated
7300,Saudi Arabia,SA,SAU,Native,Mammalia,Felidae,Felis silvestris,European Wildcat,Appendix II – Trade regulated
7300,Senegal,SN,SEN,Native,Mammalia,Felidae,Felis silvestris,European Wildcat,Appendix II – Trade regulated
7300,Serbia,,,Native,Mammalia,Felidae,Felis silvestris,European Wildcat,Appendix II – Trade regulated
7300,Sierra Leone,SL,SLE,Native,Mammalia,Felidae,Felis silvestris,European Wildcat,Appendix II – Trade regulated
7300,Slovakia,SK,SVK,Native,Mammalia,Felidae,Felis silvestris,European Wildcat,Appendix II – Trade regulated
7300,Slovenia,SI,SVN,Native,Mammalia,Felidae,Felis silvestris,European Wildcat,Appendix II – Trade regulated
7300,Somalia,SO,SOM,Native,Mammalia,Felidae,Felis silvestris,European Wildcat,Appendix II – Trade regulated
7300,South Sudan,SS,SSD,Native,Mammalia,Felidae,Felis silvestris,European Wildcat,Appendix II – Trade regulated
7300,Spain,ES,ESP,Native,Mammalia,Felidae,Felis silvestris,European Wildcat,Appendix II – Trade regulated
7300,Sudan,SD,SDN,Native,Mammalia,Felidae,Felis silvestris,European Wildcat,Appendix II – Trade regulated
7300,Switzerland,CH,CHE,Native,Mammalia,Felidae,Felis silvestris,European Wildcat,Appendix II – Trade regulated
7300,Syrian Arab Republic,,,Native,Mammalia,Felidae,Felis silvestris,European Wildcat,Appendix II – Trade regulated
7300,Tajikistan,TJ,TJK,Native,Mammalia,Felidae,Felis silvestris,European Wildcat,Appendix II – Trade regulated
7300,Togo,TG,TGO,Native,Mammalia,Felidae,Felis silvestris,European Wildcat,Appendix II – Trade regulated
7300,Tunisia,TN,TUN,Native,Mammalia,Felidae,Felis silvestris,European Wildcat,Appendix II – Trade regulated
7300,T√ºrkiye,,,Native,Mammalia,Felidae,Felis silvestris,European Wildcat,Appendix II – Trade regulated
7300,Turkmenistan,TM,TKM,Native,Mammalia,Felidae,Felis silvestris,European Wildcat,Appendix II – Trade regulated
7300,Uganda,UG,UGA,Native,Mammalia,Felidae,Felis silvestris,European Wildcat,Appendix II – Trade regulated
7300,Ukraine,UA,UKR,Native,Mammalia,Felidae,Felis silvestris,European Wildcat,Appendix II – Trade regulated
7300,United Arab Emirates,AE,ARE,Native,Mammalia,Felidae,Felis silvestris,European Wildcat,Appendix II – Trade regulated
7300,United Kingdom of Great Britain and Northern Ireland,,,Native,Mammalia,Felidae,Felis silvestris,European Wildcat,Appendix II – Trade regulated
7300,United Republic of Tanzania,TZ,TZA,Native,Mammalia,Felidae,Felis silvestris,European Wildcat,Appendix II – Trade regulated
7300,United States of America,US,USA,Native,Mammalia,Felidae,Felis silvestris,European Wildcat,Appendix II – Trade regulated
7300,Uzbekistan,UZ,UZB,Native,Mammalia,Felidae,Felis silvestris,European Wildcat,Appendix II – Trade regulated
7300,Western Sahara,EH,ESH,Native,Mammalia,Felidae,Felis silvestris,European Wildcat,Appendix II – Trade regulated
7300,Yemen,YE,YEM,Native,Mammalia,Felidae,Felis silvestris,European Wildcat,Appendix II – Trade regulated
7300,Zambia,ZM,ZMB,Native,Mammalia,Felidae,Felis silvestris,European Wildcat,Appendix II – Trade regulated
7300,Latvia,LV,LVA,Extinct,Mammalia,Felidae,Felis silvestris,European Wildcat,Appendix II – Trade regulated
7300,Lithuania,LT,LTU,Extinct,Mammalia,Felidae,Felis silvestris,European Wildcat,Appendix II – Trade regulated
98332,Argentina,AR,ARG,Native,Mammalia,Felidae,Leopardus colocola,Pampas Cat,Appendix II – Trade regulated
98332,Bolivia (Plurinational State of),,,Native,Mammalia,Felidae,Leopardus colocola,Pampas Cat,Appendix II – Trade regulated
98332,Brazil,BR,BRA,Native,Mammalia,Felidae,Leopardus colocola,Pampas Cat,Appendix II – Trade regulated
98332,Chile,CL,CHL,Native,Mammalia,Felidae,Leopardus colocola,Pampas Cat,Appendix II – Trade regulated
98332,Colombia,CO,COL,Native,Mammalia,Felidae,Leopardus colocola,Pampas Cat,Appendix II – Trade regulated
98332,Ecuador,EC,ECU,Native,Mammalia,Felidae,Leopardus colocola,Pampas Cat,Appendix II – Trade regulated
98332,Paraguay,PY,PRY,Native,Mammalia,Felidae,Leopardus colocola,Pampas Cat,Appendix II – Trade regulated
98332,Peru,PE,PER,Native,Mammalia,Felidae,Leopardus colocola,Pampas Cat,Appendix II – Trade regulated
98332,Uruguay,UY,URY,Native,Mammalia,Felidae,Leopardus colocola,Pampas Cat,Appendix II – Trade regulated
3167,Argentina,AR,ARG,Native,Mammalia,Felidae,Leopardus geoffroyi,Geoffroy's Cat,Appendix I – Species threatened with extinction
3167,Bolivia (Plurinational State of),,,Native,Mammalia,Felidae,Leopardus geoffroyi,Geoffroy's Cat,Appendix I – Species threatened with extinction
3167,Brazil,BR,BRA,Native,Mammalia,Felidae,Leopardus geoffroyi,Geoffroy's Cat,Appendix I – Species threatened with extinction
3167,Chile,CL,CHL,Native,Mammalia,Felidae,Leopardus geoffroyi,Geoffroy's Cat,Appendix I – Species threatened with extinction
3167,Paraguay,PY,PRY,Native,Mammalia,Felidae,Leopardus geoffroyi,Geoffroy's Cat,Appendix I – Species threatened with extinction
3167,Uruguay,UY,URY,Native,Mammalia,Felidae,Leopardus geoffroyi,Geoffroy's Cat,Appendix I – Species threatened with extinction
7534,Argentina,AR,ARG,Native,Mammalia,Felidae,Leopardus guigna,Guigna (Kodkod),Appendix II – Trade regulated
7534,Chile,CL,CHL,Native,Mammalia,Felidae,Leopardus guigna,Guigna (Kodkod),Appendix II – Trade regulated
98882,Argentina,AR,ARG,Native,Mammalia,Felidae,Leopardus guttulus,Southern Tiger Cat,Appendix I – Species threatened with extinction
98882,Brazil,BR,BRA,Native,Mammalia,Felidae,Leopardus guttulus,Southern Tiger Cat,Appendix I – Species threatened with extinction
98335,Argentina,AR,ARG,Native,Mammalia,Felidae,Leopardus jacobita,Andean Cat,Appendix I – Species threatened with extinction
98335,Bolivia (Plurinational State of),,,Native,Mammalia,Felidae,Leopardus jacobita,Andean Cat,Appendix I – Species threatened with extinction
98335,Chile,CL,CHL,Native,Mammalia,Felidae,Leopardus jacobita,Andean Cat,Appendix I – Species threatened with extinction
98335,Peru,PE,PER,Native,Mammalia,Felidae,Leopardus jacobita,Andean Cat,Appendix I – Species threatened with extinction
10120,Argentina,AR,ARG,Native,Mammalia,Felidae,Leopardus pardalis,Ocelot,Appendix I – Species threatened with extinction
10120,Belize,BZ,BLZ,Native,Mammalia,Felidae,Leopardus pardalis,Ocelot,Appendix I – Species threatened with extinction
10120,Bolivia (Plurinational State of),,,Native,Mammalia,Felidae,Leopardus pardalis,Ocelot,Appendix I – Species threatened with extinction
10120,Brazil,BR,BRA,Native,Mammalia,Felidae,Leopardus pardalis,Ocelot,Appendix I – Species threatened with extinction
10120,Colombia,CO,COL,Native,Mammalia,Felidae,Leopardus pardalis,Ocelot,Appendix I – Species threatened with extinction
10120,Costa Rica,CR,CRI,Native,Mammalia,Felidae,Leopardus pardalis,Ocelot,Appendix I – Species threatened with extinction
10120,Ecuador,EC,ECU,Native,Mammalia,Felidae,Leopardus pardalis,Ocelot,Appendix I – Species threatened with extinction
10120,El Salvador,SV,SLV,Native,Mammalia,Felidae,Leopardus pardalis,Ocelot,Appendix I – Species threatened with extinction
10120,French Guiana [FR],,,Native,Mammalia,Felidae,Leopardus pardalis,Ocelot,Appendix I – Species threatened with extinction
10120,Guatemala,GT,GTM,Native,Mammalia,Felidae,Leopardus pardalis,Ocelot,Appendix I – Species threatened with extinction
10120,Guyana,GY,GUY,Native,Mammalia,Felidae,Leopardus pardalis,Ocelot,Appendix I – Species threatened with extinction
10120,Honduras,HN,HND,Native,Mammalia,Felidae,Leopardus pardalis,Ocelot,Appendix I – Species threatened with extinction
10120,Mexico,MX,MEX,Native,Mammalia,Felidae,Leopardus pardalis,Ocelot,Appendix I – Species threatened with extinction
10120,Nicaragua,NI,NIC,Native,Mammalia,Felidae,Leopardus pardalis,Ocelot,Appendix I – Species threatened with extinction
10120,Panama,PA,PAN,Native,Mammalia,Felidae,Leopardus pardalis,Ocelot,Appendix I – Species threatened with extinction
10120,Paraguay,PY,PRY,Native,Mammalia,Felidae,Leopardus pardalis,Ocelot,Appendix I – Species threatened with extinction
10120,Peru,PE,PER,Native,Mammalia,Felidae,Leopardus pardalis,Ocelot,Appendix I – Species threatened with extinction
10120,Suriname,SR,SUR,Native,Mammalia,Felidae,Leopardus pardalis,Ocelot,Appendix I – Species threatened with extinction
10120,Trinidad and Tobago,TT,TTO,Native,Mammalia,Felidae,Leopardus pardalis,Ocelot,Appendix I – Species threatened with extinction
10120,United States of America,US,USA,Native,Mammalia,Felidae,Leopardus pardalis,Ocelot,Appendix I – Species threatened with extinction
10120,Uruguay,UY,URY,Native,Mammalia,Felidae,Leopardus pardalis,Ocelot,Appendix I – Species threatened with extinction
10120,Venezuela (Bolivarian Republic of),,,Native,Mammalia,Felidae,Leopardus pardalis,Ocelot,Appendix I – Species threatened with extinction
3399,Argentina,AR,ARG,Native,Mammalia,Felidae,Leopardus tigrinus,Oncilla (Northern Tiger Cat),Appendix I – Species threatened with extinction
3399,Bolivia (Plurinational State of),,,Native,Mammalia,Felidae,Leopardus tigrinus,Oncilla (Northern Tiger Cat),Appendix I – Species threatened with extinction
3399,Brazil,BR,BRA,Native,Mammalia,Felidae,Leopardus tigrinus,Oncilla (Northern Tiger Cat),Appendix I – Species threatened with extinction
3399,Colombia,CO,COL,Native,Mammalia,Felidae,Leopardus tigrinus,Oncilla (Northern Tiger Cat),Appendix I – Species threatened with extinction
3399,Costa Rica,CR,CRI,Native,Mammalia,Felidae,Leopardus tigrinus,Oncilla (Northern Tiger Cat),Appendix I – Species threatened with extinction
3399,Ecuador,EC,ECU,Native,Mammalia,Felidae,Leopardus tigrinus,Oncilla (Northern Tiger Cat),Appendix I – Species threatened with extinction
3399,French Guiana [FR],,,Native,Mammalia,Felidae,Leopardus tigrinus,Oncilla (Northern Tiger Cat),Appendix I – Species threatened with extinction
3399,Guyana,GY,GUY,Native,Mammalia,Felidae,Leopardus tigrinus,Oncilla (Northern Tiger Cat),Appendix I – Species threatened with extinction
3399,Panama,PA,PAN,Native,Mammalia,Felidae,Leopardus tigrinus,Oncilla (Northern Tiger Cat),Appendix I – Species threatened with extinction
3399,Peru,PE,PER,Native,Mammalia,Felidae,Leopardus tigrinus,Oncilla (Northern Tiger Cat),Appendix I – Species threatened with extinction
3399,Suriname,SR,SUR,Native,Mammalia,Felidae,Leopardus tigrinus,Oncilla (Northern Tiger Cat),Appendix I – Species threatened with extinction
3399,Venezuela (Bolivarian Republic of),,,Native,Mammalia,Felidae,Leopardus tigrinus,Oncilla (Northern Tiger Cat),Appendix I – Species threatened with extinction
4427,Argentina,AR,ARG,Native,Mammalia,Felidae,Leopardus wiedii,Margay,Appendix I – Species threatened with extinction
4427,Belize,BZ,BLZ,Native,Mammalia,Felidae,Leopardus wiedii,Margay,Appendix I – Species threatened with extinction
4427,Bolivia (Plurinational State of),,,Native,Mammalia,Felidae,Leopardus wiedii,Margay,Appendix I – Species threatened with extinction
4427,Brazil,BR,BRA,Native,Mammalia,Felidae,Leopardus wiedii,Margay,Appendix I – Species threatened with extinction
4427,Colombia,CO,COL,Native,Mammalia,Felidae,Leopardus wiedii,Margay,Appendix I – Species threatened with extinction
4427,Costa Rica,CR,CRI,Native,Mammalia,Felidae,Leopardus wiedii,Margay,Appendix I – Species threatened with extinction
4427,Ecuador,EC,ECU,Native,Mammalia,Felidae,Leopardus wiedii,Margay,Appendix I – Species threatened with extinction
4427,El Salvador,SV,SLV,Native,Mammalia,Felidae,Leopardus wiedii,Margay,Appendix I – Species threatened with extinction
4427,French Guiana [FR],,,Native,Mammalia,Felidae,Leopardus wiedii,Margay,Appendix I – Species threatened with extinction
4427,Guatemala,GT,GTM,Native,Mammalia,Felidae,Leopardus wiedii,Margay,Appendix I – Species threatened with extinction
4427,Guyana,GY,GUY,Native,Mammalia,Felidae,Leopardus wiedii,Margay,Appendix I – Species threatened with extinction
4427,Honduras,HN,HND,Native,Mammalia,Felidae,Leopardus wiedii,Margay,Appendix I – Species threatened with extinction
4427,Mexico,MX,MEX,Native,Mammalia,Felidae,Leopardus wiedii,Margay,Appendix I – Species threatened with extinction
4427,Nicaragua,NI,NIC,Native,Mammalia,Felidae,Leopardus wiedii,Margay,Appendix I – Species threatened with extinction
4427,Panama,PA,PAN,Native,Mammalia,Felidae,Leopardus wiedii,Margay,Appendix I – Species threatened with extinction
4427,Paraguay,PY,PRY,Native,Mammalia,Felidae,Leopardus wiedii,Margay,Appendix I – Species threatened with extinction
4427,Peru,PE,PER,Native,Mammalia,Felidae,Leopardus wiedii,Margay,Appendix I – Species threatened with extinction
4427,Suriname,SR,SUR,Native,Mammalia,Felidae,Leopardus wiedii,Margay,Appendix I – Species threatened with extinction
4427,United States of America,US,USA,Native,Mammalia,Felidae,Leopardus wiedii,Margay,Appendix I – Species threatened with extinction
4427,Uruguay,UY,URY,Native,Mammalia,Felidae,Leopardus wiedii,Margay,Appendix I – Species threatened with extinction
4427,Venezuela (Bolivarian Republic of),,,Native,Mammalia,Felidae,Leopardus wiedii,Margay,Appendix I – Species threatened with extinction
9160,Angola,AO,AGO,Native,Mammalia,Felidae,Leptailurus serval,Serval,Appendix II – Trade regulated
9160,Benin,BJ,BEN,Native,Mammalia,Felidae,Leptailurus serval,Serval,Appendix II – Trade regulated
9160,Botswana,BW,BWA,Native,Mammalia,Felidae,Leptailurus serval,Serval,Appendix II – Trade regulated
9160,Burkina Faso,BF,BFA,Native,Mammalia,Felidae,Leptailurus serval,Serval,Appendix II – Trade regulated
9160,Burundi,BI,BDI,Native,Mammalia,Felidae,Leptailurus serval,Serval,Appendix II – Trade regulated
9160,Cameroon,CM,CMR,Native,Mammalia,Felidae,Leptailurus serval,Serval,Appendix II – Trade regulated
9160,Central African Republic,CF,CAF,Native,Mammalia,Felidae,Leptailurus serval,Serval,Appendix II – Trade regulated
9160,Chad,TD,TCD,Native,Mammalia,Felidae,Leptailurus serval,Serval,Appendix II – Trade regulated
9160,Congo,,,Native,Mammalia,Felidae,Leptailurus serval,Serval,Appendix II – Trade regulated
9160,C√¥te d'Ivoire,,,Native,Mammalia,Felidae,Leptailurus serval,Serval,Appendix II – Trade regulated
9160,Democratic Republic of the Congo,CD,COD,Native,Mammalia,Felidae,Leptailurus serval,Serval,Appendix II – Trade regulated
9160,Djibouti,DJ,DJI,Native,Mammalia,Felidae,Leptailurus serval,Serval,Appendix II – Trade regulated
9160,Eritrea,ER,ERI,Native,Mammalia,Felidae,Leptailurus serval,Serval,Appendix II – Trade regulated
9160,Eswatini,,,Native,Mammalia,Felidae,Leptailurus serval,Serval,Appendix II – Trade regulated
9160,Ethiopia,ET,ETH,Native,Mammalia,Felidae,Leptailurus serval,Serval,Appendix II – Trade regulated
9160,Gabon,GA,GAB,Native,Mammalia,Felidae,Leptailurus serval,Serval,Appendix II – Trade regulated
9160,Gambia,GM,GMB,Native,Mammalia,Felidae,Leptailurus serval,Serval,Appendix II – Trade regulated
9160,Ghana,GH,GHA,Native,Mammalia,Felidae,Leptailurus serval,Serval,Appendix II – Trade regulated
9160,Guinea,GN,GIN,Native,Mammalia,Felidae,Leptailurus serval,Serval,Appendix II – Trade regulated
9160,Guinea Bissau,,,Native,Mammalia,Felidae,Leptailurus serval,Serval,Appendix II – Trade regulated
9160,Kenya,KE,KEN,Native,Mammalia,Felidae,Leptailurus serval,Serval,Appendix II – Trade regulated
9160,Liberia,LR,LBR,Native,Mammalia,Felidae,Leptailurus serval,Serval,Appendix II – Trade regulated
9160,Malawi,MW,MWI,Native,Mammalia,Felidae,Leptailurus serval,Serval,Appendix II – Trade regulated
9160,Mali,ML,MLI,Native,Mammalia,Felidae,Leptailurus serval,Serval,Appendix II – Trade regulated
9160,Mauritania,MR,MRT,Native,Mammalia,Felidae,Leptailurus serval,Serval,Appendix II – Trade regulated
9160,Morocco,MA,MAR,Native,Mammalia,Felidae,Leptailurus serval,Serval,Appendix II – Trade regulated
9160,Mozambique,MZ,MOZ,Native,Mammalia,Felidae,Leptailurus serval,Serval,Appendix II – Trade regulated
9160,Namibia,NA,NAM,Native,Mammalia,Felidae,Leptailurus serval,Serval,Appendix II – Trade regulated
9160,Niger,NE,NER,Native,Mammalia,Felidae,Leptailurus serval,Serval,Appendix II – Trade regulated
9160,Nigeria,NG,NGA,Native,Mammalia,Felidae,Leptailurus serval,Serval,Appendix II – Trade regulated
9160,Rwanda,RW,RWA,Native,Mammalia,Felidae,Leptailurus serval,Serval,Appendix II – Trade regulated
9160,Senegal,SN,SEN,Native,Mammalia,Felidae,Leptailurus serval,Serval,Appendix II – Trade regulated
9160,Sierra Leone,SL,SLE,Native,Mammalia,Felidae,Leptailurus serval,Serval,Appendix II – Trade regulated
9160,Somalia,SO,SOM,Native,Mammalia,Felidae,Leptailurus serval,Serval,Appendix II – Trade regulated
9160,South Africa,ZA,ZAF,Native,Mammalia,Felidae,Leptailurus serval,Serval,Appendix II – Trade regulated
9160,South Sudan,SS,SSD,Native,Mammalia,Felidae,Leptailurus serval,Serval,Appendix II – Trade regulated
9160,Sudan,SD,SDN,Native,Mammalia,Felidae,Leptailurus serval,Serval,Appendix II – Trade regulated
9160,Togo,TG,TGO,Native,Mammalia,Felidae,Leptailurus serval,Serval,Appendix II – Trade regulated
9160,Uganda,UG,UGA,Native,Mammalia,Felidae,Leptailurus serval,Serval,Appendix II – Trade regulated
9160,United Republic of Tanzania,TZ,TZA,Native,Mammalia,Felidae,Leptailurus serval,Serval,Appendix II – Trade regulated
9160,Zambia,ZM,ZMB,Native,Mammalia,Felidae,Leptailurus serval,Serval,Appendix II – Trade regulated
9160,Zimbabwe,ZW,ZWE,Native,Mammalia,Felidae,Leptailurus serval,Serval,Appendix II – Trade regulated
7928,Canada,CA,CAN,Native,Mammalia,Felidae,Lynx canadensis,Canada Lynx,Appendix II – Trade regulated
7928,United States of America,US,USA,Native,Mammalia,Felidae,Lynx canadensis,Canada Lynx,Appendix II – Trade regulated
7414,Afghanistan,AF,AFG,Native,Mammalia,Felidae,Lynx lynx,Eurasian Lynx,Appendix II – Trade regulated
7414,Albania,AL,ALB,Native,Mammalia,Felidae,Lynx lynx,Eurasian Lynx,Appendix II – Trade regulated
7414,Armenia,AM,ARM,Native,Mammalia,Felidae,Lynx lynx,Eurasian Lynx,Appendix II – Trade regulated
7414,Austria,AT,AUT,Native,Mammalia,Felidae,Lynx lynx,Eurasian Lynx,Appendix II – Trade regulated
7414,Azerbaijan,AZ,AZE,Native,Mammalia,Felidae,Lynx lynx,Eurasian Lynx,Appendix II – Trade regulated
7414,Belarus,BY,BLR,Native,Mammalia,Felidae,Lynx lynx,Eurasian Lynx,Appendix II – Trade regulated
7414,Bhutan,BT,BTN,Native,Mammalia,Felidae,Lynx lynx,Eurasian Lynx,Appendix II – Trade regulated
7414,Bosnia and Herzegovina,BA,BIH,Native,Mammalia,Felidae,Lynx lynx,Eurasian Lynx,Appendix II – Trade regulated
7414,China,CN,CHN,Native,Mammalia,Felidae,Lynx lynx,Eurasian Lynx,Appendix II – Trade regulated
7414,Croatia,HR,HRV,Native,Mammalia,Felidae,Lynx lynx,Eurasian Lynx,Appendix II – Trade regulated
7414,Czech Republic,,,Native,Mammalia,Felidae,Lynx lynx,Eurasian Lynx,Appendix II – Trade regulated
7414,Democratic People's Republic of Korea,,,Native,Mammalia,Felidae,Lynx lynx,Eurasian Lynx,Appendix II – Trade regulated
7414,Estonia,EE,EST,Native,Mammalia,Felidae,Lynx lynx,Eurasian Lynx,Appendix II – Trade regulated
7414,Finland,FI,FIN,Native,Mammalia,Felidae,Lynx lynx,Eurasian Lynx,Appendix II – Trade regulated
7414,France,-99,-99,Native,Mammalia,Felidae,Lynx lynx,Eurasian Lynx,Appendix II – Trade regulated
7414,Georgia,GE,GEO,Native,Mammalia,Felidae,Lynx lynx,Eurasian Lynx,Appendix II – Trade regulated
7414,Germany,DE,DEU,Native,Mammalia,Felidae,Lynx lynx,Eurasian Lynx,Appendix II – Trade regulated
7414,Greece,GR,GRC,Native,Mammalia,Felidae,Lynx lynx,Eurasian Lynx,Appendix II – Trade regulated
7414,Hungary,HU,HUN,Native,Mammalia,Felidae,Lynx lynx,Eurasian Lynx,Appendix II – Trade regulated
7414,India,IN,IND,Native,Mammalia,Felidae,Lynx lynx,Eurasian Lynx,Appendix II – Trade regulated
7414,Iran (Islamic Republic of),,,Native,Mammalia,Felidae,Lynx lynx,Eurasian Lynx,Appendix II – Trade regulated
7414,Kazakhstan,KZ,KAZ,Native,Mammalia,Felidae,Lynx lynx,Eurasian Lynx,Appendix II – Trade regulated
7414,Kyrgyzstan,KG,KGZ,Native,Mammalia,Felidae,Lynx lynx,Eurasian Lynx,Appendix II – Trade regulated
7414,Latvia,LV,LVA,Native,Mammalia,Felidae,Lynx lynx,Eurasian Lynx,Appendix II – Trade regulated
7414,Lithuania,LT,LTU,Native,Mammalia,Felidae,Lynx lynx,Eurasian Lynx,Appendix II – Trade regulated
7414,Mongolia,MN,MNG,Native,Mammalia,Felidae,Lynx lynx,Eurasian Lynx,Appendix II – Trade regulated
7414,Montenegro,ME,MNE,Native,Mammalia,Felidae,Lynx lynx,Eurasian Lynx,Appendix II – Trade regulated
7414,Nepal,NP,NPL,Native,Mammalia,Felidae,Lynx lynx,Eurasian Lynx,Appendix II – Trade regulated
7414,North Macedonia,MK,MKD,Native,Mammalia,Felidae,Lynx lynx,Eurasian Lynx,Appendix II – Trade regulated
7414,Norway,-99,-99,Native,Mammalia,Felidae,Lynx lynx,Eurasian Lynx,Appendix II – Trade regulated
7414,Pakistan,PK,PAK,Native,Mammalia,Felidae,Lynx lynx,Eurasian Lynx,Appendix II – Trade regulated
7414,Poland,PL,POL,Native,Mammalia,Felidae,Lynx lynx,Eurasian Lynx,Appendix II – Trade regulated
7414,Romania,RO,ROU,Native,Mammalia,Felidae,Lynx lynx,Eurasian Lynx,Appendix II – Trade regulated
7414,Russian Federation,,,Native,Mammalia,Felidae,Lynx lynx,Eurasian Lynx,Appendix II – Trade regulated
7414,Serbia,,,Native,Mammalia,Felidae,Lynx lynx,Eurasian Lynx,Appendix II – Trade regulated
7414,Slovakia,SK,SVK,Native,Mammalia,Felidae,Lynx lynx,Eurasian Lynx,Appendix II – Trade regulated
7414,Spain,ES,ESP,Native,Mammalia,Felidae,Lynx lynx,Eurasian Lynx,Appendix II – Trade regulated
7414,Sweden,SE,SWE,Native,Mammalia,Felidae,Lynx lynx,Eurasian Lynx,Appendix II – Trade regulated
7414,Tajikistan,TJ,TJK,Native,Mammalia,Felidae,Lynx lynx,Eurasian Lynx,Appendix II – Trade regulated
7414,T√ºrkiye,,,Native,Mammalia,Felidae,Lynx lynx,Eurasian Lynx,Appendix II – Trade regulated
7414,Turkmenistan,TM,TKM,Native,Mammalia,Felidae,Lynx lynx,Eurasian Lynx,Appendix II – Trade regulated
7414,Ukraine,UA,UKR,Native,Mammalia,Felidae,Lynx lynx,Eurasian Lynx,Appendix II – Trade regulated
7414,Uzbekistan,UZ,UZB,Native,Mammalia,Felidae,Lynx lynx,Eurasian Lynx,Appendix II – Trade regulated
7414,Slovenia,SI,SVN,Reintroduced,Mammalia,Felidae,Lynx lynx,Eurasian Lynx,Appendix II – Trade regulated
7414,Switzerland,CH,CHE,Reintroduced,Mammalia,Felidae,Lynx lynx,Eurasian Lynx,Appendix II – Trade regulated
7414,Bulgaria,BG,BGR,Extinct,Mammalia,Felidae,Lynx lynx,Eurasian Lynx,Appendix II – Trade regulated
7414,Republic of Moldova,,,Extinct,Mammalia,Felidae,Lynx lynx,Eurasian Lynx,Appendix II – Trade regulated
7414,Slovenia,SI,SVN,Extinct,Mammalia,Felidae,Lynx lynx,Eurasian Lynx,Appendix II – Trade regulated
7414,Switzerland,CH,CHE,Extinct,Mammalia,Felidae,Lynx lynx,Eurasian Lynx,Appendix II – Trade regulated
8879,Portugal,PT,PRT,Native,Mammalia,Felidae,Lynx pardinus,Iberian Lynx,Appendix I – Species threatened with extinction
8879,Spain,ES,ESP,Native,Mammalia,Felidae,Lynx pardinus,Iberian Lynx,Appendix I – Species threatened with extinction
4992,Canada,CA,CAN,Native,Mammalia,Felidae,Lynx rufus,Bobcat,Appendix II – Trade regulated
4992,Mexico,MX,MEX,Native,Mammalia,Felidae,Lynx rufus,Bobcat,Appendix II – Trade regulated
4992,United States of America,US,USA,Native,Mammalia,Felidae,Lynx rufus,Bobcat,Appendix II – Trade regulated
35601,Brunei Darussalam,,,Native,Mammalia,Felidae,Neofelis diardi,Sunda Clouded Leopard,Appendix I – Species threatened with extinction
35601,Indonesia,ID,IDN,Native,Mammalia,Felidae,Neofelis diardi,Sunda Clouded Leopard,Appendix I – Species threatened with extinction
35601,Malaysia,MY,MYS,Native,Mammalia,Felidae,Neofelis diardi,Sunda Clouded Leopard,Appendix I – Species threatened with extinction
35601,Singapore,SG,SGP,Native,Mammalia,Felidae,Neofelis diardi,Sunda Clouded Leopard,Appendix I – Species threatened with extinction
10199,Bangladesh,BD,BGD,Native,Mammalia,Felidae,Neofelis nebulosa,Clouded Leopard,Appendix I – Species threatened with extinction
10199,Bhutan,BT,BTN,Native,Mammalia,Felidae,Neofelis nebulosa,Clouded Leopard,Appendix I – Species threatened with extinction
10199,Cambodia,KH,KHM,Native,Mammalia,Felidae,Neofelis nebulosa,Clouded Leopard,Appendix I – Species threatened with extinction
10199,China,CN,CHN,Native,Mammalia,Felidae,Neofelis nebulosa,Clouded Leopard,Appendix I – Species threatened with extinction
10199,India,IN,IND,Native,Mammalia,Felidae,Neofelis nebulosa,Clouded Leopard,Appendix I – Species threatened with extinction
10199,Lao People's Democratic Republic,,,Native,Mammalia,Felidae,Neofelis nebulosa,Clouded Leopard,Appendix I – Species threatened with extinction
10199,Myanmar,MM,MMR,Native,Mammalia,Felidae,Neofelis nebulosa,Clouded Leopard,Appendix I – Species threatened with extinction
10199,Nepal,NP,NPL,Native,Mammalia,Felidae,Neofelis nebulosa,Clouded Leopard,Appendix I – Species threatened with extinction
10199,Taiwan,CN-TW,TWN,Native,Mammalia,Felidae,Neofelis nebulosa,Clouded Leopard,Appendix I – Species threatened with extinction
10199,Province of China,,,Native,Mammalia,Felidae,Neofelis nebulosa,Clouded Leopard,Appendix I – Species threatened with extinction
10199,Thailand,TH,THA,Native,Mammalia,Felidae,Neofelis nebulosa,Clouded Leopard,Appendix I – Species threatened with extinction
10199,Viet Nam,,,Native,Mammalia,Felidae,Neofelis nebulosa,Clouded Leopard,Appendix I – Species threatened with extinction
98338,Afghanistan,AF,AFG,Native,Mammalia,Felidae,Otocolobus manul,Pallas's Cat,Appendix II – Trade regulated
98338,Armenia,AM,ARM,Native,Mammalia,Felidae,Otocolobus manul,Pallas's Cat,Appendix II – Trade regulated
98338,Azerbaijan,AZ,AZE,Native,Mammalia,Felidae,Otocolobus manul,Pallas's Cat,Appendix II – Trade regulated
98338,Bhutan,BT,BTN,Native,Mammalia,Felidae,Otocolobus manul,Pallas's Cat,Appendix II – Trade regulated
98338,China,CN,CHN,Native,Mammalia,Felidae,Otocolobus manul,Pallas's Cat,Appendix II – Trade regulated
98338,India,IN,IND,Native,Mammalia,Felidae,Otocolobus manul,Pallas's Cat,Appendix II – Trade regulated
98338,Iran (Islamic Republic of),,,Native,Mammalia,Felidae,Otocolobus manul,Pallas's Cat,Appendix II – Trade regulated
98338,Kazakhstan,KZ,KAZ,Native,Mammalia,Felidae,Otocolobus manul,Pallas's Cat,Appendix II – Trade regulated
98338,Kyrgyzstan,KG,KGZ,Native,Mammalia,Felidae,Otocolobus manul,Pallas's Cat,Appendix II – Trade regulated
98338,Mongolia,MN,MNG,Native,Mammalia,Felidae,Otocolobus manul,Pallas's Cat,Appendix II – Trade regulated
98338,Nepal,NP,NPL,Native,Mammalia,Felidae,Otocolobus manul,Pallas's Cat,Appendix II – Trade regulated
98338,Pakistan,PK,PAK,Native,Mammalia,Felidae,Otocolobus manul,Pallas's Cat,Appendix II – Trade regulated
98338,Russian Federation,,,Native,Mammalia,Felidae,Otocolobus manul,Pallas's Cat,Appendix II – Trade regulated
98338,Tajikistan,TJ,TJK,Native,Mammalia,Felidae,Otocolobus manul,Pallas's Cat,Appendix II – Trade regulated
98338,Turkmenistan,TM,TKM,Native,Mammalia,Felidae,Otocolobus manul,Pallas's Cat,Appendix II – Trade regulated
98338,Uzbekistan,UZ,UZB,Native,Mammalia,Felidae,Otocolobus manul,Pallas's Cat,Appendix II – Trade regulated
6353,Angola,AO,AGO,Native,Mammalia,Felidae,Panthera leo,Lion,Appendix I / II – Status depends on population
6353,Benin,BJ,BEN,Native,Mammalia,Felidae,Panthera leo,Lion,Appendix I / II – Status depends on population
6353,Botswana,BW,BWA,Native,Mammalia,Felidae,Panthera leo,Lion,Appendix I / II – Status depends on population
6353,Burkina Faso,BF,BFA,Native,Mammalia,Felidae,Panthera leo,Lion,Appendix I / II – Status depends on population
6353,Cameroon,CM,CMR,Native,Mammalia,Felidae,Panthera leo,Lion,Appendix I / II – Status depends on population
6353,Central African Republic,CF,CAF,Native,Mammalia,Felidae,Panthera leo,Lion,Appendix I / II – Status depends on population
6353,Chad,TD,TCD,Native,Mammalia,Felidae,Panthera leo,Lion,Appendix I / II – Status depends on population
6353,Democratic Republic of the Congo,CD,COD,Native,Mammalia,Felidae,Panthera leo,Lion,Appendix I / II – Status depends on population
6353,Eswatini,,,Native,Mammalia,Felidae,Panthera leo,Lion,Appendix I / II – Status depends on population
6353,Ethiopia,ET,ETH,Native,Mammalia,Felidae,Panthera leo,Lion,Appendix I / II – Status depends on population
6353,Guinea,GN,GIN,Native,Mammalia,Felidae,Panthera leo,Lion,Appendix I / II – Status depends on population
6353,India,IN,IND,Native,Mammalia,Felidae,Panthera leo,Lion,Appendix I / II – Status depends on population
6353,Kenya,KE,KEN,Native,Mammalia,Felidae,Panthera leo,Lion,Appendix I / II – Status depends on population
6353,Malawi,MW,MWI,Native,Mammalia,Felidae,Panthera leo,Lion,Appendix I / II – Status depends on population
6353,Mali,ML,MLI,Native,Mammalia,Felidae,Panthera leo,Lion,Appendix I / II – Status depends on population
6353,Mozambique,MZ,MOZ,Native,Mammalia,Felidae,Panthera leo,Lion,Appendix I / II – Status depends on population
6353,Namibia,NA,NAM,Native,Mammalia,Felidae,Panthera leo,Lion,Appendix I / II – Status depends on population
6353,Niger,NE,NER,Native,Mammalia,Felidae,Panthera leo,Lion,Appendix I / II – Status depends on population
6353,Nigeria,NG,NGA,Native,Mammalia,Felidae,Panthera leo,Lion,Appendix I / II – Status depends on population
6353,Senegal,SN,SEN,Native,Mammalia,Felidae,Panthera leo,Lion,Appendix I / II – Status depends on population
6353,Somalia,SO,SOM,Native,Mammalia,Felidae,Panthera leo,Lion,Appendix I / II – Status depends on population
6353,South Africa,ZA,ZAF,Native,Mammalia,Felidae,Panthera leo,Lion,Appendix I / II – Status depends on population
6353,South Sudan,SS,SSD,Native,Mammalia,Felidae,Panthera leo,Lion,Appendix I / II – Status depends on population
6353,Sudan,SD,SDN,Native,Mammalia,Felidae,Panthera leo,Lion,Appendix I / II – Status depends on population
6353,Uganda,UG,UGA,Native,Mammalia,Felidae,Panthera leo,Lion,Appendix I / II – Status depends on population
6353,United Republic of Tanzania,TZ,TZA,Native,Mammalia,Felidae,Panthera leo,Lion,Appendix I / II – Status depends on population
6353,Zambia,ZM,ZMB,Native,Mammalia,Felidae,Panthera leo,Lion,Appendix I / II – Status depends on population
6353,Zimbabwe,ZW,ZWE,Native,Mammalia,Felidae,Panthera leo,Lion,Appendix I / II – Status depends on population
6353,Afghanistan,AF,AFG,Extinct,Mammalia,Felidae,Panthera leo,Lion,Appendix I / II – Status depends on population
6353,Algeria,DZ,DZA,Extinct,Mammalia,Felidae,Panthera leo,Lion,Appendix I / II – Status depends on population
6353,Burundi,BI,BDI,Extinct,Mammalia,Felidae,Panthera leo,Lion,Appendix I / II – Status depends on population
6353,Congo,,,Extinct,Mammalia,Felidae,Panthera leo,Lion,Appendix I / II – Status depends on population
6353,Djibouti,DJ,DJI,Extinct,Mammalia,Felidae,Panthera leo,Lion,Appendix I / II – Status depends on population
6353,Egypt,EG,EGY,Extinct,Mammalia,Felidae,Panthera leo,Lion,Appendix I / II – Status depends on population
6353,Eritrea,ER,ERI,Extinct,Mammalia,Felidae,Panthera leo,Lion,Appendix I / II – Status depends on population
6353,Gabon,GA,GAB,Extinct,Mammalia,Felidae,Panthera leo,Lion,Appendix I / II – Status depends on population
6353,Gambia,GM,GMB,Extinct,Mammalia,Felidae,Panthera leo,Lion,Appendix I / II – Status depends on population
6353,Greece,GR,GRC,Extinct,Mammalia,Felidae,Panthera leo,Lion,Appendix I / II – Status depends on population
6353,Iran (Islamic Republic of),,,Extinct,Mammalia,Felidae,Panthera leo,Lion,Appendix I / II – Status depends on population
6353,Iraq,IQ,IRQ,Extinct,Mammalia,Felidae,Panthera leo,Lion,Appendix I / II – Status depends on population
6353,Israel,IL,ISR,Extinct,Mammalia,Felidae,Panthera leo,Lion,Appendix I / II – Status depends on population
6353,Jordan,JO,JOR,Extinct,Mammalia,Felidae,Panthera leo,Lion,Appendix I / II – Status depends on population
6353,Kuwait,KW,KWT,Extinct,Mammalia,Felidae,Panthera leo,Lion,Appendix I / II – Status depends on population
6353,Lebanon,LB,LBN,Extinct,Mammalia,Felidae,Panthera leo,Lion,Appendix I / II – Status depends on population
6353,Lesotho,LS,LSO,Extinct,Mammalia,Felidae,Panthera leo,Lion,Appendix I / II – Status depends on population
6353,Libya,LY,LBY,Extinct,Mammalia,Felidae,Panthera leo,Lion,Appendix I / II – Status depends on population
6353,Mauritania,MR,MRT,Extinct,Mammalia,Felidae,Panthera leo,Lion,Appendix I / II – Status depends on population
6353,Morocco,MA,MAR,Extinct,Mammalia,Felidae,Panthera leo,Lion,Appendix I / II – Status depends on population
6353,Pakistan,PK,PAK,Extinct,Mammalia,Felidae,Panthera leo,Lion,Appendix I / II – Status depends on population
6353,Rwanda,RW,RWA,Extinct,Mammalia,Felidae,Panthera leo,Lion,Appendix I / II – Status depends on population
6353,Saudi Arabia,SA,SAU,Extinct,Mammalia,Felidae,Panthera leo,Lion,Appendix I / II – Status depends on population
6353,Sierra Leone,SL,SLE,Extinct,Mammalia,Felidae,Panthera leo,Lion,Appendix I / II – Status depends on population
6353,Syrian Arab Republic,,,Extinct,Mammalia,Felidae,Panthera leo,Lion,Appendix I / II – Status depends on population
6353,Tunisia,TN,TUN,Extinct,Mammalia,Felidae,Panthera leo,Lion,Appendix I / II – Status depends on population
6353,T√ºrkiye,,,Extinct,Mammalia,Felidae,Panthera leo,Lion,Appendix I / II – Status depends on population
6353,Western Sahara,EH,ESH,Extinct,Mammalia,Felidae,Panthera leo,Lion,Appendix I / II – Status depends on population
6385,Argentina,AR,ARG,Native,Mammalia,Felidae,Panthera onca,Jaguar,Appendix I – Species threatened with extinction
6385,Belize,BZ,BLZ,Native,Mammalia,Felidae,Panthera onca,Jaguar,Appendix I – Species threatened with extinction
6385,Bolivia (Plurinational State of),,,Native,Mammalia,Felidae,Panthera onca,Jaguar,Appendix I – Species threatened with extinction
6385,Brazil,BR,BRA,Native,Mammalia,Felidae,Panthera onca,Jaguar,Appendix I – Species threatened with extinction
6385,Colombia,CO,COL,Native,Mammalia,Felidae,Panthera onca,Jaguar,Appendix I – Species threatened with extinction
6385,Costa Rica,CR,CRI,Native,Mammalia,Felidae,Panthera onca,Jaguar,Appendix I – Species threatened with extinction
6385,Ecuador,EC,ECU,Native,Mammalia,Felidae,Panthera onca,Jaguar,Appendix I – Species threatened with extinction
6385,French Guiana [FR],,,Native,Mammalia,Felidae,Panthera onca,Jaguar,Appendix I – Species threatened with extinction
6385,Guatemala,GT,GTM,Native,Mammalia,Felidae,Panthera onca,Jaguar,Appendix I – Species threatened with extinction
6385,Guyana,GY,GUY,Native,Mammalia,Felidae,Panthera onca,Jaguar,Appendix I – Species threatened with extinction
6385,Honduras,HN,HND,Native,Mammalia,Felidae,Panthera onca,Jaguar,Appendix I – Species threatened with extinction
6385,Mexico,MX,MEX,Native,Mammalia,Felidae,Panthera onca,Jaguar,Appendix I – Species threatened with extinction
6385,Nicaragua,NI,NIC,Native,Mammalia,Felidae,Panthera onca,Jaguar,Appendix I – Species threatened with extinction
6385,Panama,PA,PAN,Native,Mammalia,Felidae,Panthera onca,Jaguar,Appendix I – Species threatened with extinction
6385,Paraguay,PY,PRY,Native,Mammalia,Felidae,Panthera onca,Jaguar,Appendix I – Species threatened with extinction
6385,Peru,PE,PER,Native,Mammalia,Felidae,Panthera onca,Jaguar,Appendix I – Species threatened with extinction
6385,Suriname,SR,SUR,Native,Mammalia,Felidae,Panthera onca,Jaguar,Appendix I – Species threatened with extinction
6385,Venezuela (Bolivarian Republic of),,,Native,Mammalia,Felidae,Panthera onca,Jaguar,Appendix I – Species threatened with extinction
6385,El Salvador,SV,SLV,Extinct,Mammalia,Felidae,Panthera onca,Jaguar,Appendix I – Species threatened with extinction
6385,United States of America,US,USA,Extinct,Mammalia,Felidae,Panthera onca,Jaguar,Appendix I – Species threatened with extinction
6385,Uruguay,UY,URY,Extinct,Mammalia,Felidae,Panthera onca,Jaguar,Appendix I – Species threatened with extinction
8619,Afghanistan,AF,AFG,Native,Mammalia,Felidae,Panthera pardus,Leopard,Appendix I – Species threatened with extinction
8619,Algeria,DZ,DZA,Native,Mammalia,Felidae,Panthera pardus,Leopard,Appendix I – Species threatened with extinction
8619,Angola,AO,AGO,Native,Mammalia,Felidae,Panthera pardus,Leopard,Appendix I – Species threatened with extinction
8619,Armenia,AM,ARM,Native,Mammalia,Felidae,Panthera pardus,Leopard,Appendix I – Species threatened with extinction
8619,Azerbaijan,AZ,AZE,Native,Mammalia,Felidae,Panthera pardus,Leopard,Appendix I – Species threatened with extinction
8619,Bangladesh,BD,BGD,Native,Mammalia,Felidae,Panthera pardus,Leopard,Appendix I – Species threatened with extinction
8619,Benin,BJ,BEN,Native,Mammalia,Felidae,Panthera pardus,Leopard,Appendix I – Species threatened with extinction
8619,Bhutan,BT,BTN,Native,Mammalia,Felidae,Panthera pardus,Leopard,Appendix I – Species threatened with extinction
8619,Botswana,BW,BWA,Native,Mammalia,Felidae,Panthera pardus,Leopard,Appendix I – Species threatened with extinction
8619,Burkina Faso,BF,BFA,Native,Mammalia,Felidae,Panthera pardus,Leopard,Appendix I – Species threatened with extinction
8619,Burundi,BI,BDI,Native,Mammalia,Felidae,Panthera pardus,Leopard,Appendix I – Species threatened with extinction
8619,Cambodia,KH,KHM,Native,Mammalia,Felidae,Panthera pardus,Leopard,Appendix I – Species threatened with extinction
8619,Cameroon,CM,CMR,Native,Mammalia,Felidae,Panthera pardus,Leopard,Appendix I – Species threatened with extinction
8619,Central African Republic,CF,CAF,Native,Mammalia,Felidae,Panthera pardus,Leopard,Appendix I – Species threatened with extinction
8619,Chad,TD,TCD,Native,Mammalia,Felidae,Panthera pardus,Leopard,Appendix I – Species threatened with extinction
8619,China,CN,CHN,Native,Mammalia,Felidae,Panthera pardus,Leopard,Appendix I – Species threatened with extinction
8619,Congo,,,Native,Mammalia,Felidae,Panthera pardus,Leopard,Appendix I – Species threatened with extinction
8619,C√¥te d'Ivoire,,,Native,Mammalia,Felidae,Panthera pardus,Leopard,Appendix I – Species threatened with extinction
8619,Democratic People's Republic of Korea,,,Native,Mammalia,Felidae,Panthera pardus,Leopard,Appendix I – Species threatened with extinction
8619,Democratic Republic of the Congo,CD,COD,Native,Mammalia,Felidae,Panthera pardus,Leopard,Appendix I – Species threatened with extinction
8619,Djibouti,DJ,DJI,Native,Mammalia,Felidae,Panthera pardus,Leopard,Appendix I – Species threatened with extinction
8619,Egypt,EG,EGY,Native,Mammalia,Felidae,Panthera pardus,Leopard,Appendix I – Species threatened with extinction
8619,Equatorial Guinea,GQ,GNQ,Native,Mammalia,Felidae,Panthera pardus,Leopard,Appendix I – Species threatened with extinction
8619,Eritrea,ER,ERI,Native,Mammalia,Felidae,Panthera pardus,Leopard,Appendix I – Species threatened with extinction
8619,Ethiopia,ET,ETH,Native,Mammalia,Felidae,Panthera pardus,Leopard,Appendix I – Species threatened with extinction
8619,Gabon,GA,GAB,Native,Mammalia,Felidae,Panthera pardus,Leopard,Appendix I – Species threatened with extinction
8619,Gambia,GM,GMB,Native,Mammalia,Felidae,Panthera pardus,Leopard,Appendix I – Species threatened with extinction
8619,Georgia,GE,GEO,Native,Mammalia,Felidae,Panthera pardus,Leopard,Appendix I – Species threatened with extinction
8619,Ghana,GH,GHA,Native,Mammalia,Felidae,Panthera pardus,Leopard,Appendix I – Species threatened with extinction
8619,Guinea,GN,GIN,Native,Mammalia,Felidae,Panthera pardus,Leopard,Appendix I – Species threatened with extinction
8619,Guinea Bissau,,,Native,Mammalia,Felidae,Panthera pardus,Leopard,Appendix I – Species threatened with extinction
8619,India,IN,IND,Native,Mammalia,Felidae,Panthera pardus,Leopard,Appendix I – Species threatened with extinction
8619,Indonesia,ID,IDN,Native,Mammalia,Felidae,Panthera pardus,Leopard,Appendix I – Species threatened with extinction
8619,Iran (Islamic Republic of),,,Native,Mammalia,Felidae,Panthera pardus,Leopard,Appendix I – Species threatened with extinction
8619,Iraq,IQ,IRQ,Native,Mammalia,Felidae,Panthera pardus,Leopard,Appendix I – Species threatened with extinction
8619,Kenya,KE,KEN,Native,Mammalia,Felidae,Panthera pardus,Leopard,Appendix I – Species threatened with extinction
8619,Lao People's Democratic Republic,,,Native,Mammalia,Felidae,Panthera pardus,Leopard,Appendix I – Species threatened with extinction
8619,Lebanon,LB,LBN,Native,Mammalia,Felidae,Panthera pardus,Leopard,Appendix I – Species threatened with extinction
8619,Lesotho,LS,LSO,Native,Mammalia,Felidae,Panthera pardus,Leopard,Appendix I – Species threatened with extinction
8619,Liberia,LR,LBR,Native,Mammalia,Felidae,Panthera pardus,Leopard,Appendix I – Species threatened with extinction
8619,Malawi,MW,MWI,Native,Mammalia,Felidae,Panthera pardus,Leopard,Appendix I – Species threatened with extinction
8619,Malaysia,MY,MYS,Native,Mammalia,Felidae,Panthera pardus,Leopard,Appendix I – Species threatened with extinction
8619,Mali,ML,MLI,Native,Mammalia,Felidae,Panthera pardus,Leopard,Appendix I – Species threatened with extinction
8619,Morocco,MA,MAR,Native,Mammalia,Felidae,Panthera pardus,Leopard,Appendix I – Species threatened with extinction
8619,Mozambique,MZ,MOZ,Native,Mammalia,Felidae,Panthera pardus,Leopard,Appendix I – Species threatened with extinction
8619,Myanmar,MM,MMR,Native,Mammalia,Felidae,Panthera pardus,Leopard,Appendix I – Species threatened with extinction
8619,Namibia,NA,NAM,Native,Mammalia,Felidae,Panthera pardus,Leopard,Appendix I – Species threatened with extinction
8619,Nepal,NP,NPL,Native,Mammalia,Felidae,Panthera pardus,Leopard,Appendix I – Species threatened with extinction
8619,Niger,NE,NER,Native,Mammalia,Felidae,Panthera pardus,Leopard,Appendix I – Species threatened with extinction
8619,Nigeria,NG,NGA,Native,Mammalia,Felidae,Panthera pardus,Leopard,Appendix I – Species threatened with extinction
8619,Oman,OM,OMN,Native,Mammalia,Felidae,Panthera pardus,Leopard,Appendix I – Species threatened with extinction
8619,Pakistan,PK,PAK,Native,Mammalia,Felidae,Panthera pardus,Leopard,Appendix I – Species threatened with extinction
8619,Republic of Korea,,,Native,Mammalia,Felidae,Panthera pardus,Leopard,Appendix I – Species threatened with extinction
8619,Russian Federation,,,Native,Mammalia,Felidae,Panthera pardus,Leopard,Appendix I – Species threatened with extinction
8619,Rwanda,RW,RWA,Native,Mammalia,Felidae,Panthera pardus,Leopard,Appendix I – Species threatened with extinction
8619,Senegal,SN,SEN,Native,Mammalia,Felidae,Panthera pardus,Leopard,Appendix I – Species threatened with extinction
8619,Sierra Leone,SL,SLE,Native,Mammalia,Felidae,Panthera pardus,Leopard,Appendix I – Species threatened with extinction
8619,Somalia,SO,SOM,Native,Mammalia,Felidae,Panthera pardus,Leopard,Appendix I – Species threatened with extinction
8619,South Africa,ZA,ZAF,Native,Mammalia,Felidae,Panthera pardus,Leopard,Appendix I – Species threatened with extinction
8619,South Sudan,SS,SSD,Native,Mammalia,Felidae,Panthera pardus,Leopard,Appendix I – Species threatened with extinction
8619,Sri Lanka,LK,LKA,Native,Mammalia,Felidae,Panthera pardus,Leopard,Appendix I – Species threatened with extinction
8619,Sudan,SD,SDN,Native,Mammalia,Felidae,Panthera pardus,Leopard,Appendix I – Species threatened with extinction
8619,Tajikistan,TJ,TJK,Native,Mammalia,Felidae,Panthera pardus,Leopard,Appendix I – Species threatened with extinction
8619,Thailand,TH,THA,Native,Mammalia,Felidae,Panthera pardus,Leopard,Appendix I – Species threatened with extinction
8619,Togo,TG,TGO,Native,Mammalia,Felidae,Panthera pardus,Leopard,Appendix I – Species threatened with extinction
8619,Tunisia,TN,TUN,Native,Mammalia,Felidae,Panthera pardus,Leopard,Appendix I – Species threatened with extinction
8619,T√ºrkiye,,,Native,Mammalia,Felidae,Panthera pardus,Leopard,Appendix I – Species threatened with extinction
8619,Turkmenistan,TM,TKM,Native,Mammalia,Felidae,Panthera pardus,Leopard,Appendix I – Species threatened with extinction
8619,Uganda,UG,UGA,Native,Mammalia,Felidae,Panthera pardus,Leopard,Appendix I – Species threatened with extinction
8619,United Arab Emirates,AE,ARE,Native,Mammalia,Felidae,Panthera pardus,Leopard,Appendix I – Species threatened with extinction
8619,United Republic of Tanzania,TZ,TZA,Native,Mammalia,Felidae,Panthera pardus,Leopard,Appendix I – Species threatened with extinction
8619,Viet Nam,,,Native,Mammalia,Felidae,Panthera pardus,Leopard,Appendix I – Species threatened with extinction
8619,Yemen,YE,YEM,Native,Mammalia,Felidae,Panthera pardus,Leopard,Appendix I – Species threatened with extinction
8619,Zambia,ZM,ZMB,Native,Mammalia,Felidae,Panthera pardus,Leopard,Appendix I – Species threatened with extinction
8619,Zimbabwe,ZW,ZWE,Native,Mammalia,Felidae,Panthera pardus,Leopard,Appendix I – Species threatened with extinction
8619,Hong Kong,,,Extinct,Mammalia,Felidae,Panthera pardus,Leopard,Appendix I – Species threatened with extinction
8619,SAR,,,Extinct,Mammalia,Felidae,Panthera pardus,Leopard,Appendix I – Species threatened with extinction
8619,Israel,IL,ISR,Extinct,Mammalia,Felidae,Panthera pardus,Leopard,Appendix I – Species threatened with extinction
8619,Jordan,JO,JOR,Extinct,Mammalia,Felidae,Panthera pardus,Leopard,Appendix I – Species threatened with extinction
8619,Libya,LY,LBY,Extinct,Mammalia,Felidae,Panthera pardus,Leopard,Appendix I – Species threatened with extinction
8619,Saudi Arabia,SA,SAU,Extinct,Mammalia,Felidae,Panthera pardus,Leopard,Appendix I – Species threatened with extinction
8619,Singapore,SG,SGP,Extinct,Mammalia,Felidae,Panthera pardus,Leopard,Appendix I – Species threatened with extinction
8619,Syrian Arab Republic,,,Extinct,Mammalia,Felidae,Panthera pardus,Leopard,Appendix I – Species threatened with extinction
6047,Afghanistan,AF,AFG,Native,Mammalia,Felidae,Panthera tigris,Tiger,Appendix I – Species threatened with extinction
6047,Bangladesh,BD,BGD,Native,Mammalia,Felidae,Panthera tigris,Tiger,Appendix I – Species threatened with extinction
6047,Bhutan,BT,BTN,Native,Mammalia,Felidae,Panthera tigris,Tiger,Appendix I – Species threatened with extinction
6047,Cambodia,KH,KHM,Native,Mammalia,Felidae,Panthera tigris,Tiger,Appendix I – Species threatened with extinction
6047,China,CN,CHN,Native,Mammalia,Felidae,Panthera tigris,Tiger,Appendix I – Species threatened with extinction
6047,Democratic People's Republic of Korea,,,Native,Mammalia,Felidae,Panthera tigris,Tiger,Appendix I – Species threatened with extinction
6047,India,IN,IND,Native,Mammalia,Felidae,Panthera tigris,Tiger,Appendix I – Species threatened with extinction
6047,Indonesia,ID,IDN,Native,Mammalia,Felidae,Panthera tigris,Tiger,Appendix I – Species threatened with extinction
6047,Lao People's Democratic Republic,,,Native,Mammalia,Felidae,Panthera tigris,Tiger,Appendix I – Species threatened with extinction
6047,Malaysia,MY,MYS,Native,Mammalia,Felidae,Panthera tigris,Tiger,Appendix I – Species threatened with extinction
6047,Myanmar,MM,MMR,Native,Mammalia,Felidae,Panthera tigris,Tiger,Appendix I – Species threatened with extinction
6047,Nepal,NP,NPL,Native,Mammalia,Felidae,Panthera tigris,Tiger,Appendix I – Species threatened with extinction
6047,Russian Federation,,,Native,Mammalia,Felidae,Panthera tigris,Tiger,Appendix I – Species threatened with extinction
6047,Thailand,TH,THA,Native,Mammalia,Felidae,Panthera tigris,Tiger,Appendix I – Species threatened with extinction
6047,Viet Nam,,,Native,Mammalia,Felidae,Panthera tigris,Tiger,Appendix I – Species threatened with extinction
6047,Georgia,GE,GEO,Extinct,Mammalia,Felidae,Panthera tigris,Tiger,Appendix I – Species threatened with extinction
6047,Iran (Islamic Republic of),,,Extinct,Mammalia,Felidae,Panthera tigris,Tiger,Appendix I – Species threatened with extinction
6047,Iraq,IQ,IRQ,Extinct,Mammalia,Felidae,Panthera tigris,Tiger,Appendix I – Species threatened with extinction
6047,Kazakhstan,KZ,KAZ,Extinct,Mammalia,Felidae,Panthera tigris,Tiger,Appendix I – Species threatened with extinction
6047,Kyrgyzstan,KG,KGZ,Extinct,Mammalia,Felidae,Panthera tigris,Tiger,Appendix I – Species threatened with extinction
6047,Pakistan,PK,PAK,Extinct,Mammalia,Felidae,Panthera tigris,Tiger,Appendix I – Species threatened with extinction
6047,Republic of Korea,,,Extinct,Mammalia,Felidae,Panthera tigris,Tiger,Appendix I – Species threatened with extinction
6047,Singapore,SG,SGP,Extinct,Mammalia,Felidae,Panthera tigris,Tiger,Appendix I – Species threatened with extinction
6047,Tajikistan,TJ,TJK,Extinct,Mammalia,Felidae,Panthera tigris,Tiger,Appendix I – Species threatened with extinction
6047,T√ºrkiye,,,Extinct,Mammalia,Felidae,Panthera tigris,Tiger,Appendix I – Species threatened with extinction
6047,Turkmenistan,TM,TKM,Extinct,Mammalia,Felidae,Panthera tigris,Tiger,Appendix I – Species threatened with extinction
6047,Uzbekistan,UZ,UZB,Extinct,Mammalia,Felidae,Panthera tigris,Tiger,Appendix I – Species threatened with extinction
32743,Afghanistan,AF,AFG,Native,Mammalia,Felidae,Panthera uncia,Snow Leopard,Appendix I – Species threatened with extinction
32743,Bhutan,BT,BTN,Native,Mammalia,Felidae,Panthera uncia,Snow Leopard,Appendix I – Species threatened with extinction
32743,China,CN,CHN,Native,Mammalia,Felidae,Panthera uncia,Snow Leopard,Appendix I – Species threatened with extinction
32743,India,IN,IND,Native,Mammalia,Felidae,Panthera uncia,Snow Leopard,Appendix I – Species threatened with extinction
32743,Kazakhstan,KZ,KAZ,Native,Mammalia,Felidae,Panthera uncia,Snow Leopard,Appendix I – Species threatened with extinction
32743,Kyrgyzstan,KG,KGZ,Native,Mammalia,Felidae,Panthera uncia,Snow Leopard,Appendix I – Species threatened with extinction
32743,Mongolia,MN,MNG,Native,Mammalia,Felidae,Panthera uncia,Snow Leopard,Appendix I – Species threatened with extinction
32743,Myanmar,MM,MMR,Native,Mammalia,Felidae,Panthera uncia,Snow Leopard,Appendix I – Species threatened with extinction
32743,Nepal,NP,NPL,Native,Mammalia,Felidae,Panthera uncia,Snow Leopard,Appendix I – Species threatened with extinction
32743,Pakistan,PK,PAK,Native,Mammalia,Felidae,Panthera uncia,Snow Leopard,Appendix I – Species threatened with extinction
32743,Russian Federation,,,Native,Mammalia,Felidae,Panthera uncia,Snow Leopard,Appendix I – Species threatened with extinction
32743,Tajikistan,TJ,TJK,Native,Mammalia,Felidae,Panthera uncia,Snow Leopard,Appendix I – Species threatened with extinction
32743,Uzbekistan,UZ,UZB,Native,Mammalia,Felidae,Panthera uncia,Snow Leopard,Appendix I – Species threatened with extinction
7454,Brunei Darussalam,,,Native,Mammalia,Felidae,Pardofelis marmorata,Marbled Cat,Appendix I – Species threatened with extinction
7454,Cambodia,KH,KHM,Native,Mammalia,Felidae,Pardofelis marmorata,Marbled Cat,Appendix I – Species threatened with extinction
7454,China,CN,CHN,Native,Mammalia,Felidae,Pardofelis marmorata,Marbled Cat,Appendix I – Species threatened with extinction
7454,India,IN,IND,Native,Mammalia,Felidae,Pardofelis marmorata,Marbled Cat,Appendix I – Species threatened with extinction
7454,Indonesia,ID,IDN,Native,Mammalia,Felidae,Pardofelis marmorata,Marbled Cat,Appendix I – Species threatened with extinction
7454,Lao People's Democratic Republic,,,Native,Mammalia,Felidae,Pardofelis marmorata,Marbled Cat,Appendix I – Species threatened with extinction
7454,Malaysia,MY,MYS,Native,Mammalia,Felidae,Pardofelis marmorata,Marbled Cat,Appendix I – Species threatened with extinction
7454,Myanmar,MM,MMR,Native,Mammalia,Felidae,Pardofelis marmorata,Marbled Cat,Appendix I – Species threatened with extinction
7454,Nepal,NP,NPL,Native,Mammalia,Felidae,Pardofelis marmorata,Marbled Cat,Appendix I – Species threatened with extinction
7454,Thailand,TH,THA,Native,Mammalia,Felidae,Pardofelis marmorata,Marbled Cat,Appendix I – Species threatened with extinction
7454,Viet Nam,,,Native,Mammalia,Felidae,Pardofelis marmorata,Marbled Cat,Appendix I – Species threatened with extinction
10598,Afghanistan,AF,AFG,Native,Mammalia,Felidae,Prionailurus bengalensis,Leopard Cat,Appendix II – Trade regulated
10598,Bangladesh,BD,BGD,Native,Mammalia,Felidae,Prionailurus bengalensis,Leopard Cat,Appendix II – Trade regulated
10598,Bhutan,BT,BTN,Native,Mammalia,Felidae,Prionailurus bengalensis,Leopard Cat,Appendix II – Trade regulated
10598,Brunei Darussalam,,,Native,Mammalia,Felidae,Prionailurus bengalensis,Leopard Cat,Appendix II – Trade regulated
10598,Cambodia,KH,KHM,Native,Mammalia,Felidae,Prionailurus bengalensis,Leopard Cat,Appendix II – Trade regulated
10598,China,CN,CHN,Native,Mammalia,Felidae,Prionailurus bengalensis,Leopard Cat,Appendix II – Trade regulated
10598,Democratic People's Republic of Korea,,,Native,Mammalia,Felidae,Prionailurus bengalensis,Leopard Cat,Appendix II – Trade regulated
10598,Hong Kong,,,Native,Mammalia,Felidae,Prionailurus bengalensis,Leopard Cat,Appendix II – Trade regulated
10598,SAR,,,Native,Mammalia,Felidae,Prionailurus bengalensis,Leopard Cat,Appendix II – Trade regulated
10598,India,IN,IND,Native,Mammalia,Felidae,Prionailurus bengalensis,Leopard Cat,Appendix II – Trade regulated
10598,Indonesia,ID,IDN,Native,Mammalia,Felidae,Prionailurus bengalensis,Leopard Cat,Appendix II – Trade regulated
10598,Japan,JP,JPN,Native,Mammalia,Felidae,Prionailurus bengalensis,Leopard Cat,Appendix II – Trade regulated
10598,Lao People's Democratic Republic,,,Native,Mammalia,Felidae,Prionailurus bengalensis,Leopard Cat,Appendix II – Trade regulated
10598,Malaysia,MY,MYS,Native,Mammalia,Felidae,Prionailurus bengalensis,Leopard Cat,Appendix II – Trade regulated
10598,Myanmar,MM,MMR,Native,Mammalia,Felidae,Prionailurus bengalensis,Leopard Cat,Appendix II – Trade regulated
10598,Nepal,NP,NPL,Native,Mammalia,Felidae,Prionailurus bengalensis,Leopard Cat,Appendix II – Trade regulated
10598,Pakistan,PK,PAK,Native,Mammalia,Felidae,Prionailurus bengalensis,Leopard Cat,Appendix II – Trade regulated
10598,Philippines,PH,PHL,Native,Mammalia,Felidae,Prionailurus bengalensis,Leopard Cat,Appendix II – Trade regulated
10598,Republic of Korea,,,Native,Mammalia,Felidae,Prionailurus bengalensis,Leopard Cat,Appendix II – Trade regulated
10598,Russian Federation,,,Native,Mammalia,Felidae,Prionailurus bengalensis,Leopard Cat,Appendix II – Trade regulated
10598,Singapore,SG,SGP,Native,Mammalia,Felidae,Prionailurus bengalensis,Leopard Cat,Appendix II – Trade regulated
10598,Taiwan,CN-TW,TWN,Native,Mammalia,Felidae,Prionailurus bengalensis,Leopard Cat,Appendix II – Trade regulated
10598,Province of China,,,Native,Mammalia,Felidae,Prionailurus bengalensis,Leopard Cat,Appendix II – Trade regulated
10598,Thailand,TH,THA,Native,Mammalia,Felidae,Prionailurus bengalensis,Leopard Cat,Appendix II – Trade regulated
10598,Viet Nam,,,Native,Mammalia,Felidae,Prionailurus bengalensis,Leopard Cat,Appendix II – Trade regulated
12271,Bangladesh,BD,BGD,Native,Mammalia,Felidae,Prionailurus bengalensis bengalensis,Leopard Cat (mainland subspecies),Appendix I / II – Status depends on population
12271,Cambodia,KH,KHM,Native,Mammalia,Felidae,Prionailurus bengalensis bengalensis,Leopard Cat (mainland subspecies),Appendix I / II – Status depends on population
12271,China,CN,CHN,Native,Mammalia,Felidae,Prionailurus bengalensis bengalensis,Leopard Cat (mainland subspecies),Appendix I / II – Status depends on population
12271,India,IN,IND,Native,Mammalia,Felidae,Prionailurus bengalensis bengalensis,Leopard Cat (mainland subspecies),Appendix I / II – Status depends on population
12271,Lao People's Democratic Republic,,,Native,Mammalia,Felidae,Prionailurus bengalensis bengalensis,Leopard Cat (mainland subspecies),Appendix I / II – Status depends on population
12271,Myanmar,MM,MMR,Native,Mammalia,Felidae,Prionailurus bengalensis bengalensis,Leopard Cat (mainland subspecies),Appendix I / II – Status depends on population
12271,Pakistan,PK,PAK,Native,Mammalia,Felidae,Prionailurus bengalensis bengalensis,Leopard Cat (mainland subspecies),Appendix I / II – Status depends on population
12271,Thailand,TH,THA,Native,Mammalia,Felidae,Prionailurus bengalensis bengalensis,Leopard Cat (mainland subspecies),Appendix I / II – Status depends on population
12271,Viet Nam,,,Native,Mammalia,Felidae,Prionailurus bengalensis bengalensis,Leopard Cat (mainland subspecies),Appendix I / II – Status depends on population
98333,Indonesia,ID,IDN,Native,Mammalia,Felidae,Prionailurus javanensis,Sunda Leopard Cat,Appendix II – Trade regulated
98333,Malaysia,MY,MYS,Native,Mammalia,Felidae,Prionailurus javanensis,Sunda Leopard Cat,Appendix II – Trade regulated
98333,Philippines,PH,PHL,Native,Mammalia,Felidae,Prionailurus javanensis,Sunda Leopard Cat,Appendix II – Trade regulated
9833,Brunei Darussalam,,,Native,Mammalia,Felidae,Prionailurus planiceps,Flat-headed Cat,Appendix I – Species threatened with extinction
9833,Indonesia,ID,IDN,Native,Mammalia,Felidae,Prionailurus planiceps,Flat-headed Cat,Appendix I – Species threatened with extinction
9833,Malaysia,MY,MYS,Native,Mammalia,Felidae,Prionailurus planiceps,Flat-headed Cat,Appendix I – Species threatened with extinction
9833,Myanmar,MM,MMR,Native,Mammalia,Felidae,Prionailurus planiceps,Flat-headed Cat,Appendix I – Species threatened with extinction
9833,Thailand,TH,THA,Native,Mammalia,Felidae,Prionailurus planiceps,Flat-headed Cat,Appendix I – Species threatened with extinction
9833,Singapore,SG,SGP,Introduced,Mammalia,Felidae,Prionailurus planiceps,Flat-headed Cat,Appendix I – Species threatened with extinction
9151,India,IN,IND,Native,Mammalia,Felidae,Prionailurus rubiginosus,Rusty-spotted Cat,Appendix I / II – Status depends on population
9151,Nepal,NP,NPL,Native,Mammalia,Felidae,Prionailurus rubiginosus,Rusty-spotted Cat,Appendix I / II – Status depends on population
9151,Sri Lanka,LK,LKA,Native,Mammalia,Felidae,Prionailurus rubiginosus,Rusty-spotted Cat,Appendix I / II – Status depends on population
8400,Bangladesh,BD,BGD,Native,Mammalia,Felidae,Prionailurus viverrinus,Fishing Cat,Appendix II – Trade regulated
8400,Bhutan,BT,BTN,Native,Mammalia,Felidae,Prionailurus viverrinus,Fishing Cat,Appendix II – Trade regulated
8400,Brunei Darussalam,,,Native,Mammalia,Felidae,Prionailurus viverrinus,Fishing Cat,Appendix II – Trade regulated
8400,Cambodia,KH,KHM,Native,Mammalia,Felidae,Prionailurus viverrinus,Fishing Cat,Appendix II – Trade regulated
8400,China,CN,CHN,Native,Mammalia,Felidae,Prionailurus viverrinus,Fishing Cat,Appendix II – Trade regulated
8400,India,IN,IND,Native,Mammalia,Felidae,Prionailurus viverrinus,Fishing Cat,Appendix II – Trade regulated
8400,Indonesia,ID,IDN,Native,Mammalia,Felidae,Prionailurus viverrinus,Fishing Cat,Appendix II – Trade regulated
8400,Lao People's Democratic Republic,,,Native,Mammalia,Felidae,Prionailurus viverrinus,Fishing Cat,Appendix II – Trade regulated
8400,Malaysia,MY,MYS,Native,Mammalia,Felidae,Prionailurus viverrinus,Fishing Cat,Appendix II – Trade regulated
8400,Myanmar,MM,MMR,Native,Mammalia,Felidae,Prionailurus viverrinus,Fishing Cat,Appendix II – Trade regulated
8400,Nepal,NP,NPL,Native,Mammalia,Felidae,Prionailurus viverrinus,Fishing Cat,Appendix II – Trade regulated
8400,Pakistan,PK,PAK,Native,Mammalia,Felidae,Prionailurus viverrinus,Fishing Cat,Appendix II – Trade regulated
8400,Sri Lanka,LK,LKA,Native,Mammalia,Felidae,Prionailurus viverrinus,Fishing Cat,Appendix II – Trade regulated
8400,Taiwan,CN-TW,TWN,Native,Mammalia,Felidae,Prionailurus viverrinus,Fishing Cat,Appendix II – Trade regulated
8400,Province of China,,,Native,Mammalia,Felidae,Prionailurus viverrinus,Fishing Cat,Appendix II – Trade regulated
8400,Thailand,TH,THA,Native,Mammalia,Felidae,Prionailurus viverrinus,Fishing Cat,Appendix II – Trade regulated
8400,Viet Nam,,,Native,Mammalia,Felidae,Prionailurus viverrinus,Fishing Cat,Appendix II – Trade regulated
10277,Afghanistan,AF,AFG,Native,Mammalia,Herpestidae,Herpestes edwardsi,Indian Gray Mongoose,Appendix III – National protection
10277,Bahrain,BH,BHR,Native,Mammalia,Herpestidae,Herpestes edwardsi,Indian Gray Mongoose,Appendix III – National protection
10277,Bangladesh,BD,BGD,Native,Mammalia,Herpestidae,Herpestes edwardsi,Indian Gray Mongoose,Appendix III – National protection
10277,India,IN,IND,Native,Mammalia,Herpestidae,Herpestes edwardsi,Indian Gray Mongoose,Appendix III – National protection
10277,Indonesia,ID,IDN,Native,Mammalia,Herpestidae,Herpestes edwardsi,Indian Gray Mongoose,Appendix III – National protection
10277,Iran (Islamic Republic of),,,Native,Mammalia,Herpestidae,Herpestes edwardsi,Indian Gray Mongoose,Appendix III – National protection
10277,Iraq,IQ,IRQ,Native,Mammalia,Herpestidae,Herpestes edwardsi,Indian Gray Mongoose,Appendix III – National protection
10277,Japan,JP,JPN,Native,Mammalia,Herpestidae,Herpestes edwardsi,Indian Gray Mongoose,Appendix III – National protection
10277,Kuwait,KW,KWT,Native,Mammalia,Herpestidae,Herpestes edwardsi,Indian Gray Mongoose,Appendix III – National protection
10277,Nepal,NP,NPL,Native,Mammalia,Herpestidae,Herpestes edwardsi,Indian Gray Mongoose,Appendix III – National protection
10277,Pakistan,PK,PAK,Native,Mammalia,Herpestidae,Herpestes edwardsi,Indian Gray Mongoose,Appendix III – National protection
10277,Saudi Arabia,SA,SAU,Native,Mammalia,Herpestidae,Herpestes edwardsi,Indian Gray Mongoose,Appendix III – National protection
10277,Sri Lanka,LK,LKA,Native,Mammalia,Herpestidae,Herpestes edwardsi,Indian Gray Mongoose,Appendix III – National protection
10277,T√ºrkiye,,,Native,Mammalia,Herpestidae,Herpestes edwardsi,Indian Gray Mongoose,Appendix III – National protection
10277,United Arab Emirates,AE,ARE,Native,Mammalia,Herpestidae,Herpestes edwardsi,Indian Gray Mongoose,Appendix III – National protection
10277,Italy,IT,ITA,Introduced,Mammalia,Herpestidae,Herpestes edwardsi,Indian Gray Mongoose,Appendix III – National protection
10277,Malaysia,MY,MYS,Introduced,Mammalia,Herpestidae,Herpestes edwardsi,Indian Gray Mongoose,Appendix III – National protection
7168,India,IN,IND,Native,Mammalia,Herpestidae,Herpestes fuscus,Indian Brown Mongoose,Appendix III – National protection
7168,Sri Lanka,LK,LKA,Native,Mammalia,Herpestidae,Herpestes fuscus,Indian Brown Mongoose,Appendix III – National protection
6973,Afghanistan,AF,AFG,Native,Mammalia,Herpestidae,Herpestes javanicus,Small Asian Mongoose,Appendix III – National protection
6973,Bangladesh,BD,BGD,Native,Mammalia,Herpestidae,Herpestes javanicus,Small Asian Mongoose,Appendix III – National protection
6973,Bhutan,BT,BTN,Native,Mammalia,Herpestidae,Herpestes javanicus,Small Asian Mongoose,Appendix III – National protection
6973,Cambodia,KH,KHM,Native,Mammalia,Herpestidae,Herpestes javanicus,Small Asian Mongoose,Appendix III – National protection
6973,China,CN,CHN,Native,Mammalia,Herpestidae,Herpestes javanicus,Small Asian Mongoose,Appendix III – National protection
6973,Hong Kong,,,Native,Mammalia,Herpestidae,Herpestes javanicus,Small Asian Mongoose,Appendix III – National protection
6973,SAR,,,Native,Mammalia,Herpestidae,Herpestes javanicus,Small Asian Mongoose,Appendix III – National protection
6973,India,IN,IND,Native,Mammalia,Herpestidae,Herpestes javanicus,Small Asian Mongoose,Appendix III – National protection
6973,Indonesia,ID,IDN,Native,Mammalia,Herpestidae,Herpestes javanicus,Small Asian Mongoose,Appendix III – National protection
6973,Iran (Islamic Republic of),,,Native,Mammalia,Herpestidae,Herpestes javanicus,Small Asian Mongoose,Appendix III – National protection
6973,Iraq,IQ,IRQ,Native,Mammalia,Herpestidae,Herpestes javanicus,Small Asian Mongoose,Appendix III – National protection
6973,Jordan,JO,JOR,Native,Mammalia,Herpestidae,Herpestes javanicus,Small Asian Mongoose,Appendix III – National protection
6973,Lao People's Democratic Republic,,,Native,Mammalia,Herpestidae,Herpestes javanicus,Small Asian Mongoose,Appendix III – National protection
6973,Malaysia,MY,MYS,Native,Mammalia,Herpestidae,Herpestes javanicus,Small Asian Mongoose,Appendix III – National protection
6973,Myanmar,MM,MMR,Native,Mammalia,Herpestidae,Herpestes javanicus,Small Asian Mongoose,Appendix III – National protection
6973,Nepal,NP,NPL,Native,Mammalia,Herpestidae,Herpestes javanicus,Small Asian Mongoose,Appendix III – National protection
6973,Oman,OM,OMN,Native,Mammalia,Herpestidae,Herpestes javanicus,Small Asian Mongoose,Appendix III – National protection
6973,Pakistan,PK,PAK,Native,Mammalia,Herpestidae,Herpestes javanicus,Small Asian Mongoose,Appendix III – National protection
6973,Saudi Arabia,SA,SAU,Native,Mammalia,Herpestidae,Herpestes javanicus,Small Asian Mongoose,Appendix III – National protection
6973,Thailand,TH,THA,Native,Mammalia,Herpestidae,Herpestes javanicus,Small Asian Mongoose,Appendix III – National protection
6973,Viet Nam,,,Native,Mammalia,Herpestidae,Herpestes javanicus,Small Asian Mongoose,Appendix III – National protection
6973,Antigua and Barbuda,AG,ATG,Introduced,Mammalia,Herpestidae,Herpestes javanicus,Small Asian Mongoose,Appendix III – National protection
6973,Barbados,BB,BRB,Introduced,Mammalia,Herpestidae,Herpestes javanicus,Small Asian Mongoose,Appendix III – National protection
6973,Bosnia and Herzegovina,BA,BIH,Introduced,Mammalia,Herpestidae,Herpestes javanicus,Small Asian Mongoose,Appendix III – National protection
6973,British Virgin Islands (United Kingdom),,,Introduced,Mammalia,Herpestidae,Herpestes javanicus,Small Asian Mongoose,Appendix III – National protection
6973,Croatia,HR,HRV,Introduced,Mammalia,Herpestidae,Herpestes javanicus,Small Asian Mongoose,Appendix III – National protection
6973,Cuba,CU,CUB,Introduced,Mammalia,Herpestidae,Herpestes javanicus,Small Asian Mongoose,Appendix III – National protection
6973,Dominica,DM,DMA,Introduced,Mammalia,Herpestidae,Herpestes javanicus,Small Asian Mongoose,Appendix III – National protection
6973,Dominican Republic,DO,DOM,Introduced,Mammalia,Herpestidae,Herpestes javanicus,Small Asian Mongoose,Appendix III – National protection
6973,Fiji,FJ,FJI,Introduced,Mammalia,Herpestidae,Herpestes javanicus,Small Asian Mongoose,Appendix III – National protection
6973,French Guiana [FR],,,Introduced,Mammalia,Herpestidae,Herpestes javanicus,Small Asian Mongoose,Appendix III – National protection
6973,Grenada,GD,GRD,Introduced,Mammalia,Herpestidae,Herpestes javanicus,Small Asian Mongoose,Appendix III – National protection
6973,Guadeloupe,,,Introduced,Mammalia,Herpestidae,Herpestes javanicus,Small Asian Mongoose,Appendix III – National protection
6973,Guyana,GY,GUY,Introduced,Mammalia,Herpestidae,Herpestes javanicus,Small Asian Mongoose,Appendix III – National protection
6973,Haiti,HT,HTI,Introduced,Mammalia,Herpestidae,Herpestes javanicus,Small Asian Mongoose,Appendix III – National protection
6973,Jamaica,JM,JAM,Introduced,Mammalia,Herpestidae,Herpestes javanicus,Small Asian Mongoose,Appendix III – National protection
6973,Japan,JP,JPN,Introduced,Mammalia,Herpestidae,Herpestes javanicus,Small Asian Mongoose,Appendix III – National protection
6973,Martinique,,,Introduced,Mammalia,Herpestidae,Herpestes javanicus,Small Asian Mongoose,Appendix III – National protection
6973,Netherlands Antilles,,,Introduced,Mammalia,Herpestidae,Herpestes javanicus,Small Asian Mongoose,Appendix III – National protection
6973,Puerto Rico,PR,PRI,Introduced,Mammalia,Herpestidae,Herpestes javanicus,Small Asian Mongoose,Appendix III – National protection
6973,Saint Kitts and Nevis,KN,KNA,Introduced,Mammalia,Herpestidae,Herpestes javanicus,Small Asian Mongoose,Appendix III – National protection
6973,Saint Lucia,LC,LCA,Introduced,Mammalia,Herpestidae,Herpestes javanicus,Small Asian Mongoose,Appendix III – National protection
6973,Saint Vincent and the Grenadines,VC,VCT,Introduced,Mammalia,Herpestidae,Herpestes javanicus,Small Asian Mongoose,Appendix III – National protection
6973,Suriname,SR,SUR,Introduced,Mammalia,Herpestidae,Herpestes javanicus,Small Asian Mongoose,Appendix III – National protection
6973,Trinidad and Tobago,TT,TTO,Introduced,Mammalia,Herpestidae,Herpestes javanicus,Small Asian Mongoose,Appendix III – National protection
6973,United Republic of Tanzania,TZ,TZA,Introduced,Mammalia,Herpestidae,Herpestes javanicus,Small Asian Mongoose,Appendix III – National protection
6973,United States of America,US,USA,Introduced,Mammalia,Herpestidae,Herpestes javanicus,Small Asian Mongoose,Appendix III – National protection
6973,Virgin Islands of the USA,,,Introduced,Mammalia,Herpestidae,Herpestes javanicus,Small Asian Mongoose,Appendix III – National protection
6973,Dominica,DM,DMA,Extinct,Mammalia,Herpestidae,Herpestes javanicus,Small Asian Mongoose,Appendix III – National protection
12195,Afghanistan,AF,AFG,Native,Mammalia,Herpestidae,Herpestes javanicus auropunctatus,Small Asian Mongoose (introduced subspecies),Appendix III – National protection
12195,Bangladesh,BD,BGD,Native,Mammalia,Herpestidae,Herpestes javanicus auropunctatus,Small Asian Mongoose (introduced subspecies),Appendix III – National protection
12195,Bhutan,BT,BTN,Native,Mammalia,Herpestidae,Herpestes javanicus auropunctatus,Small Asian Mongoose (introduced subspecies),Appendix III – National protection
12195,China,CN,CHN,Native,Mammalia,Herpestidae,Herpestes javanicus auropunctatus,Small Asian Mongoose (introduced subspecies),Appendix III – National protection
12195,India,IN,IND,Native,Mammalia,Herpestidae,Herpestes javanicus auropunctatus,Small Asian Mongoose (introduced subspecies),Appendix III – National protection
12195,Iran (Islamic Republic of),,,Native,Mammalia,Herpestidae,Herpestes javanicus auropunctatus,Small Asian Mongoose (introduced subspecies),Appendix III – National protection
12195,Iraq,IQ,IRQ,Native,Mammalia,Herpestidae,Herpestes javanicus auropunctatus,Small Asian Mongoose (introduced subspecies),Appendix III – National protection
12195,Lao People's Democratic Republic,,,Native,Mammalia,Herpestidae,Herpestes javanicus auropunctatus,Small Asian Mongoose (introduced subspecies),Appendix III – National protection
12195,Myanmar,MM,MMR,Native,Mammalia,Herpestidae,Herpestes javanicus auropunctatus,Small Asian Mongoose (introduced subspecies),Appendix III – National protection
12195,Nepal,NP,NPL,Native,Mammalia,Herpestidae,Herpestes javanicus auropunctatus,Small Asian Mongoose (introduced subspecies),Appendix III – National protection
12195,Pakistan,PK,PAK,Native,Mammalia,Herpestidae,Herpestes javanicus auropunctatus,Small Asian Mongoose (introduced subspecies),Appendix III – National protection
12195,Viet Nam,,,Native,Mammalia,Herpestidae,Herpestes javanicus auropunctatus,Small Asian Mongoose (introduced subspecies),Appendix III – National protection
12195,Antigua and Barbuda,AG,ATG,Introduced,Mammalia,Herpestidae,Herpestes javanicus auropunctatus,Small Asian Mongoose (introduced subspecies),Appendix III – National protection
12195,Barbados,BB,BRB,Introduced,Mammalia,Herpestidae,Herpestes javanicus auropunctatus,Small Asian Mongoose (introduced subspecies),Appendix III – National protection
12195,Bosnia and Herzegovina,BA,BIH,Introduced,Mammalia,Herpestidae,Herpestes javanicus auropunctatus,Small Asian Mongoose (introduced subspecies),Appendix III – National protection
12195,British Virgin Islands (United Kingdom),,,Introduced,Mammalia,Herpestidae,Herpestes javanicus auropunctatus,Small Asian Mongoose (introduced subspecies),Appendix III – National protection
12195,Croatia,HR,HRV,Introduced,Mammalia,Herpestidae,Herpestes javanicus auropunctatus,Small Asian Mongoose (introduced subspecies),Appendix III – National protection
12195,Cuba,CU,CUB,Introduced,Mammalia,Herpestidae,Herpestes javanicus auropunctatus,Small Asian Mongoose (introduced subspecies),Appendix III – National protection
12195,Dominica,DM,DMA,Introduced,Mammalia,Herpestidae,Herpestes javanicus auropunctatus,Small Asian Mongoose (introduced subspecies),Appendix III – National protection
12195,Dominican Republic,DO,DOM,Introduced,Mammalia,Herpestidae,Herpestes javanicus auropunctatus,Small Asian Mongoose (introduced subspecies),Appendix III – National protection
12195,Fiji,FJ,FJI,Introduced,Mammalia,Herpestidae,Herpestes javanicus auropunctatus,Small Asian Mongoose (introduced subspecies),Appendix III – National protection
12195,French Guiana [FR],,,Introduced,Mammalia,Herpestidae,Herpestes javanicus auropunctatus,Small Asian Mongoose (introduced subspecies),Appendix III – National protection
12195,Grenada,GD,GRD,Introduced,Mammalia,Herpestidae,Herpestes javanicus auropunctatus,Small Asian Mongoose (introduced subspecies),Appendix III – National protection
12195,Guadeloupe,,,Introduced,Mammalia,Herpestidae,Herpestes javanicus auropunctatus,Small Asian Mongoose (introduced subspecies),Appendix III – National protection
12195,Guyana,GY,GUY,Introduced,Mammalia,Herpestidae,Herpestes javanicus auropunctatus,Small Asian Mongoose (introduced subspecies),Appendix III – National protection
12195,Haiti,HT,HTI,Introduced,Mammalia,Herpestidae,Herpestes javanicus auropunctatus,Small Asian Mongoose (introduced subspecies),Appendix III – National protection
12195,Jamaica,JM,JAM,Introduced,Mammalia,Herpestidae,Herpestes javanicus auropunctatus,Small Asian Mongoose (introduced subspecies),Appendix III – National protection
12195,Martinique,,,Introduced,Mammalia,Herpestidae,Herpestes javanicus auropunctatus,Small Asian Mongoose (introduced subspecies),Appendix III – National protection
12195,Netherlands Antilles,,,Introduced,Mammalia,Herpestidae,Herpestes javanicus auropunctatus,Small Asian Mongoose (introduced subspecies),Appendix III – National protection
12195,Puerto Rico,PR,PRI,Introduced,Mammalia,Herpestidae,Herpestes javanicus auropunctatus,Small Asian Mongoose (introduced subspecies),Appendix III – National protection
12195,Saint Kitts and Nevis,KN,KNA,Introduced,Mammalia,Herpestidae,Herpestes javanicus auropunctatus,Small Asian Mongoose (introduced subspecies),Appendix III – National protection
12195,Saint Lucia,LC,LCA,Introduced,Mammalia,Herpestidae,Herpestes javanicus auropunctatus,Small Asian Mongoose (introduced subspecies),Appendix III – National protection
12195,Saint Vincent and the Grenadines,VC,VCT,Introduced,Mammalia,Herpestidae,Herpestes javanicus auropunctatus,Small Asian Mongoose (introduced subspecies),Appendix III – National protection
12195,Saudi Arabia,SA,SAU,Introduced,Mammalia,Herpestidae,Herpestes javanicus auropunctatus,Small Asian Mongoose (introduced subspecies),Appendix III – National protection
12195,Suriname,SR,SUR,Introduced,Mammalia,Herpestidae,Herpestes javanicus auropunctatus,Small Asian Mongoose (introduced subspecies),Appendix III – National protection
12195,Trinidad and Tobago,TT,TTO,Introduced,Mammalia,Herpestidae,Herpestes javanicus auropunctatus,Small Asian Mongoose (introduced subspecies),Appendix III – National protection
12195,United Republic of Tanzania,TZ,TZA,Introduced,Mammalia,Herpestidae,Herpestes javanicus auropunctatus,Small Asian Mongoose (introduced subspecies),Appendix III – National protection
12195,United States of America,US,USA,Introduced,Mammalia,Herpestidae,Herpestes javanicus auropunctatus,Small Asian Mongoose (introduced subspecies),Appendix III – National protection
12195,Virgin Islands of the USA,,,Introduced,Mammalia,Herpestidae,Herpestes javanicus auropunctatus,Small Asian Mongoose (introduced subspecies),Appendix III – National protection
12195,Dominica,DM,DMA,Extinct,Mammalia,Herpestidae,Herpestes javanicus auropunctatus,Small Asian Mongoose (introduced subspecies),Appendix III – National protection
6814,India,IN,IND,Native,Mammalia,Herpestidae,Herpestes smithii,Ruddy Mongoose,Appendix III – National protection
6814,Sri Lanka,LK,LKA,Native,Mammalia,Herpestidae,Herpestes smithii,Ruddy Mongoose,Appendix III – National protection
11150,Bangladesh,BD,BGD,Native,Mammalia,Herpestidae,Herpestes urva,Crab-eating Mongoose,Appendix III – National protection
11150,China,CN,CHN,Native,Mammalia,Herpestidae,Herpestes urva,Crab-eating Mongoose,Appendix III – National protection
11150,India,IN,IND,Native,Mammalia,Herpestidae,Herpestes urva,Crab-eating Mongoose,Appendix III – National protection
11150,Lao People's Democratic Republic,,,Native,Mammalia,Herpestidae,Herpestes urva,Crab-eating Mongoose,Appendix III – National protection
11150,Malaysia,MY,MYS,Native,Mammalia,Herpestidae,Herpestes urva,Crab-eating Mongoose,Appendix III – National protection
11150,Myanmar,MM,MMR,Native,Mammalia,Herpestidae,Herpestes urva,Crab-eating Mongoose,Appendix III – National protection
11150,Nepal,NP,NPL,Native,Mammalia,Herpestidae,Herpestes urva,Crab-eating Mongoose,Appendix III – National protection
11150,Taiwan,CN-TW,TWN,Native,Mammalia,Herpestidae,Herpestes urva,Crab-eating Mongoose,Appendix III – National protection
11150,Province of China,,,Native,Mammalia,Herpestidae,Herpestes urva,Crab-eating Mongoose,Appendix III – National protection
11150,Thailand,TH,THA,Native,Mammalia,Herpestidae,Herpestes urva,Crab-eating Mongoose,Appendix III – National protection
11150,Viet Nam,,,Native,Mammalia,Herpestidae,Herpestes urva,Crab-eating Mongoose,Appendix III – National protection
11150,Hong Kong,,,Extinct,Mammalia,Herpestidae,Herpestes urva,Crab-eating Mongoose,Appendix III – National protection
11150,SAR,,,Extinct,Mammalia,Herpestidae,Herpestes urva,Crab-eating Mongoose,Appendix III – National protection
8897,India,IN,IND,Native,Mammalia,Herpestidae,Herpestes vitticollis,Stripe-necked Mongoose,Appendix III – National protection
8897,Sri Lanka,LK,LKA,Native,Mammalia,Herpestidae,Herpestes vitticollis,Stripe-necked Mongoose,Appendix III – National protection
10154,Afghanistan,AF,AFG,Native,Mammalia,Hyaenidae,Hyaena hyaena,Striped Hyena,Appendix III – National protection
10154,Algeria,DZ,DZA,Native,Mammalia,Hyaenidae,Hyaena hyaena,Striped Hyena,Appendix III – National protection
10154,Armenia,AM,ARM,Native,Mammalia,Hyaenidae,Hyaena hyaena,Striped Hyena,Appendix III – National protection
10154,Azerbaijan,AZ,AZE,Native,Mammalia,Hyaenidae,Hyaena hyaena,Striped Hyena,Appendix III – National protection
10154,Benin,BJ,BEN,Native,Mammalia,Hyaenidae,Hyaena hyaena,Striped Hyena,Appendix III – National protection
10154,Burkina Faso,BF,BFA,Native,Mammalia,Hyaenidae,Hyaena hyaena,Striped Hyena,Appendix III – National protection
10154,Cameroon,CM,CMR,Native,Mammalia,Hyaenidae,Hyaena hyaena,Striped Hyena,Appendix III – National protection
10154,Central African Republic,CF,CAF,Native,Mammalia,Hyaenidae,Hyaena hyaena,Striped Hyena,Appendix III – National protection
10154,Chad,TD,TCD,Native,Mammalia,Hyaenidae,Hyaena hyaena,Striped Hyena,Appendix III – National protection
10154,Djibouti,DJ,DJI,Native,Mammalia,Hyaenidae,Hyaena hyaena,Striped Hyena,Appendix III – National protection
10154,Egypt,EG,EGY,Native,Mammalia,Hyaenidae,Hyaena hyaena,Striped Hyena,Appendix III – National protection
10154,Eritrea,ER,ERI,Native,Mammalia,Hyaenidae,Hyaena hyaena,Striped Hyena,Appendix III – National protection
10154,Ethiopia,ET,ETH,Native,Mammalia,Hyaenidae,Hyaena hyaena,Striped Hyena,Appendix III – National protection
10154,Georgia,GE,GEO,Native,Mammalia,Hyaenidae,Hyaena hyaena,Striped Hyena,Appendix III – National protection
10154,Ghana,GH,GHA,Native,Mammalia,Hyaenidae,Hyaena hyaena,Striped Hyena,Appendix III – National protection
10154,Guinea,GN,GIN,Native,Mammalia,Hyaenidae,Hyaena hyaena,Striped Hyena,Appendix III – National protection
10154,India,IN,IND,Native,Mammalia,Hyaenidae,Hyaena hyaena,Striped Hyena,Appendix III – National protection
10154,Iran (Islamic Republic of),,,Native,Mammalia,Hyaenidae,Hyaena hyaena,Striped Hyena,Appendix III – National protection
10154,Iraq,IQ,IRQ,Native,Mammalia,Hyaenidae,Hyaena hyaena,Striped Hyena,Appendix III – National protection
10154,Israel,IL,ISR,Native,Mammalia,Hyaenidae,Hyaena hyaena,Striped Hyena,Appendix III – National protection
10154,Jordan,JO,JOR,Native,Mammalia,Hyaenidae,Hyaena hyaena,Striped Hyena,Appendix III – National protection
10154,Kenya,KE,KEN,Native,Mammalia,Hyaenidae,Hyaena hyaena,Striped Hyena,Appendix III – National protection
10154,Kuwait,KW,KWT,Native,Mammalia,Hyaenidae,Hyaena hyaena,Striped Hyena,Appendix III – National protection
10154,Lebanon,LB,LBN,Native,Mammalia,Hyaenidae,Hyaena hyaena,Striped Hyena,Appendix III – National protection
10154,Libya,LY,LBY,Native,Mammalia,Hyaenidae,Hyaena hyaena,Striped Hyena,Appendix III – National protection
10154,Mali,ML,MLI,Native,Mammalia,Hyaenidae,Hyaena hyaena,Striped Hyena,Appendix III – National protection
10154,Mauritania,MR,MRT,Native,Mammalia,Hyaenidae,Hyaena hyaena,Striped Hyena,Appendix III – National protection
10154,Morocco,MA,MAR,Native,Mammalia,Hyaenidae,Hyaena hyaena,Striped Hyena,Appendix III – National protection
10154,Nepal,NP,NPL,Native,Mammalia,Hyaenidae,Hyaena hyaena,Striped Hyena,Appendix III – National protection
10154,Niger,NE,NER,Native,Mammalia,Hyaenidae,Hyaena hyaena,Striped Hyena,Appendix III – National protection
10154,Nigeria,NG,NGA,Native,Mammalia,Hyaenidae,Hyaena hyaena,Striped Hyena,Appendix III – National protection
10154,Oman,OM,OMN,Native,Mammalia,Hyaenidae,Hyaena hyaena,Striped Hyena,Appendix III – National protection
10154,Pakistan,PK,PAK,Native,Mammalia,Hyaenidae,Hyaena hyaena,Striped Hyena,Appendix III – National protection
10154,Saudi Arabia,SA,SAU,Native,Mammalia,Hyaenidae,Hyaena hyaena,Striped Hyena,Appendix III – National protection
10154,Senegal,SN,SEN,Native,Mammalia,Hyaenidae,Hyaena hyaena,Striped Hyena,Appendix III – National protection
10154,Sierra Leone,SL,SLE,Native,Mammalia,Hyaenidae,Hyaena hyaena,Striped Hyena,Appendix III – National protection
10154,Somalia,SO,SOM,Native,Mammalia,Hyaenidae,Hyaena hyaena,Striped Hyena,Appendix III – National protection
10154,South Africa,ZA,ZAF,Native,Mammalia,Hyaenidae,Hyaena hyaena,Striped Hyena,Appendix III – National protection
10154,Sudan [prior to secession of South Sudan],,,Native,Mammalia,Hyaenidae,Hyaena hyaena,Striped Hyena,Appendix III – National protection
10154,Syrian Arab Republic,,,Native,Mammalia,Hyaenidae,Hyaena hyaena,Striped Hyena,Appendix III – National protection
10154,Tajikistan,TJ,TJK,Native,Mammalia,Hyaenidae,Hyaena hyaena,Striped Hyena,Appendix III – National protection
10154,Tunisia,TN,TUN,Native,Mammalia,Hyaenidae,Hyaena hyaena,Striped Hyena,Appendix III – National protection
10154,T√ºrkiye,,,Native,Mammalia,Hyaenidae,Hyaena hyaena,Striped Hyena,Appendix III – National protection
10154,Turkmenistan,TM,TKM,Native,Mammalia,Hyaenidae,Hyaena hyaena,Striped Hyena,Appendix III – National protection
10154,Uganda,UG,UGA,Native,Mammalia,Hyaenidae,Hyaena hyaena,Striped Hyena,Appendix III – National protection
10154,United Arab Emirates,AE,ARE,Native,Mammalia,Hyaenidae,Hyaena hyaena,Striped Hyena,Appendix III – National protection
10154,United Republic of Tanzania,TZ,TZA,Native,Mammalia,Hyaenidae,Hyaena hyaena,Striped Hyena,Appendix III – National protection
10154,Uzbekistan,UZ,UZB,Native,Mammalia,Hyaenidae,Hyaena hyaena,Striped Hyena,Appendix III – National protection
10154,Yemen,YE,YEM,Native,Mammalia,Hyaenidae,Hyaena hyaena,Striped Hyena,Appendix III – National protection
7432,Angola,AO,AGO,Native,Mammalia,Hyaenidae,Proteles cristata,Aardwolf,Appendix III – National protection
7432,Botswana,BW,BWA,Native,Mammalia,Hyaenidae,Proteles cristata,Aardwolf,Appendix III – National protection
7432,Central African Republic,CF,CAF,Native,Mammalia,Hyaenidae,Proteles cristata,Aardwolf,Appendix III – National protection
7432,Djibouti,DJ,DJI,Native,Mammalia,Hyaenidae,Proteles cristata,Aardwolf,Appendix III – National protection
7432,Egypt,EG,EGY,Native,Mammalia,Hyaenidae,Proteles cristata,Aardwolf,Appendix III – National protection
7432,Eritrea,ER,ERI,Native,Mammalia,Hyaenidae,Proteles cristata,Aardwolf,Appendix III – National protection
7432,Eswatini,,,Native,Mammalia,Hyaenidae,Proteles cristata,Aardwolf,Appendix III – National protection
7432,Ethiopia,ET,ETH,Native,Mammalia,Hyaenidae,Proteles cristata,Aardwolf,Appendix III – National protection
7432,Kenya,KE,KEN,Native,Mammalia,Hyaenidae,Proteles cristata,Aardwolf,Appendix III – National protection
7432,Mozambique,MZ,MOZ,Native,Mammalia,Hyaenidae,Proteles cristata,Aardwolf,Appendix III – National protection
7432,Namibia,NA,NAM,Native,Mammalia,Hyaenidae,Proteles cristata,Aardwolf,Appendix III – National protection
7432,Somalia,SO,SOM,Native,Mammalia,Hyaenidae,Proteles cristata,Aardwolf,Appendix III – National protection
7432,South Africa,ZA,ZAF,Native,Mammalia,Hyaenidae,Proteles cristata,Aardwolf,Appendix III – National protection
7432,Sudan,SD,SDN,Native,Mammalia,Hyaenidae,Proteles cristata,Aardwolf,Appendix III – National protection
7432,Uganda,UG,UGA,Native,Mammalia,Hyaenidae,Proteles cristata,Aardwolf,Appendix III – National protection
7432,United Republic of Tanzania,TZ,TZA,Native,Mammalia,Hyaenidae,Proteles cristata,Aardwolf,Appendix III – National protection
7432,Zambia,ZM,ZMB,Native,Mammalia,Hyaenidae,Proteles cristata,Aardwolf,Appendix III – National protection
7432,Zimbabwe,ZW,ZWE,Native,Mammalia,Hyaenidae,Proteles cristata,Aardwolf,Appendix III – National protection
9154,Argentina,AR,ARG,Native,Mammalia,Mephitidae,Conepatus humboldtii,Humboldt's Hog-nosed Skunk,Appendix II – Trade regulated
9154,Chile,CL,CHL,Native,Mammalia,Mephitidae,Conepatus humboldtii,Humboldt's Hog-nosed Skunk,Appendix II – Trade regulated
9154,Paraguay,PY,PRY,Native,Mammalia,Mephitidae,Conepatus humboldtii,Humboldt's Hog-nosed Skunk,Appendix II – Trade regulated
5285,Angola,AO,AGO,Native,Mammalia,Mustelidae,Aonyx capensis,African Clawless Otter,Appendix II – Trade regulated
5285,Benin,BJ,BEN,Native,Mammalia,Mustelidae,Aonyx capensis,African Clawless Otter,Appendix II – Trade regulated
5285,Botswana,BW,BWA,Native,Mammalia,Mustelidae,Aonyx capensis,African Clawless Otter,Appendix II – Trade regulated
5285,Burkina Faso,BF,BFA,Native,Mammalia,Mustelidae,Aonyx capensis,African Clawless Otter,Appendix II – Trade regulated
5285,Cameroon,CM,CMR,Native,Mammalia,Mustelidae,Aonyx capensis,African Clawless Otter,Appendix II – Trade regulated
5285,Central African Republic,CF,CAF,Native,Mammalia,Mustelidae,Aonyx capensis,African Clawless Otter,Appendix II – Trade regulated
5285,Chad,TD,TCD,Native,Mammalia,Mustelidae,Aonyx capensis,African Clawless Otter,Appendix II – Trade regulated
5285,Congo,,,Native,Mammalia,Mustelidae,Aonyx capensis,African Clawless Otter,Appendix II – Trade regulated
5285,C√¥te d'Ivoire,,,Native,Mammalia,Mustelidae,Aonyx capensis,African Clawless Otter,Appendix II – Trade regulated
5285,Democratic Republic of the Congo,CD,COD,Native,Mammalia,Mustelidae,Aonyx capensis,African Clawless Otter,Appendix II – Trade regulated
5285,Eritrea,ER,ERI,Native,Mammalia,Mustelidae,Aonyx capensis,African Clawless Otter,Appendix II – Trade regulated
5285,Eswatini,,,Native,Mammalia,Mustelidae,Aonyx capensis,African Clawless Otter,Appendix II – Trade regulated
5285,Ethiopia,ET,ETH,Native,Mammalia,Mustelidae,Aonyx capensis,African Clawless Otter,Appendix II – Trade regulated
5285,Gabon,GA,GAB,Native,Mammalia,Mustelidae,Aonyx capensis,African Clawless Otter,Appendix II – Trade regulated
5285,Gambia,GM,GMB,Native,Mammalia,Mustelidae,Aonyx capensis,African Clawless Otter,Appendix II – Trade regulated
5285,Ghana,GH,GHA,Native,Mammalia,Mustelidae,Aonyx capensis,African Clawless Otter,Appendix II – Trade regulated
5285,Guinea,GN,GIN,Native,Mammalia,Mustelidae,Aonyx capensis,African Clawless Otter,Appendix II – Trade regulated
5285,Guinea Bissau,,,Native,Mammalia,Mustelidae,Aonyx capensis,African Clawless Otter,Appendix II – Trade regulated
5285,Kenya,KE,KEN,Native,Mammalia,Mustelidae,Aonyx capensis,African Clawless Otter,Appendix II – Trade regulated
5285,Lesotho,LS,LSO,Native,Mammalia,Mustelidae,Aonyx capensis,African Clawless Otter,Appendix II – Trade regulated
5285,Liberia,LR,LBR,Native,Mammalia,Mustelidae,Aonyx capensis,African Clawless Otter,Appendix II – Trade regulated
5285,Malawi,MW,MWI,Native,Mammalia,Mustelidae,Aonyx capensis,African Clawless Otter,Appendix II – Trade regulated
5285,Mali,ML,MLI,Native,Mammalia,Mustelidae,Aonyx capensis,African Clawless Otter,Appendix II – Trade regulated
5285,Mauritania,MR,MRT,Native,Mammalia,Mustelidae,Aonyx capensis,African Clawless Otter,Appendix II – Trade regulated
5285,Mozambique,MZ,MOZ,Native,Mammalia,Mustelidae,Aonyx capensis,African Clawless Otter,Appendix II – Trade regulated
5285,Namibia,NA,NAM,Native,Mammalia,Mustelidae,Aonyx capensis,African Clawless Otter,Appendix II – Trade regulated
5285,Niger,NE,NER,Native,Mammalia,Mustelidae,Aonyx capensis,African Clawless Otter,Appendix II – Trade regulated
5285,Nigeria,NG,NGA,Native,Mammalia,Mustelidae,Aonyx capensis,African Clawless Otter,Appendix II – Trade regulated
5285,Rwanda,RW,RWA,Native,Mammalia,Mustelidae,Aonyx capensis,African Clawless Otter,Appendix II – Trade regulated
5285,Senegal,SN,SEN,Native,Mammalia,Mustelidae,Aonyx capensis,African Clawless Otter,Appendix II – Trade regulated
5285,Sierra Leone,SL,SLE,Native,Mammalia,Mustelidae,Aonyx capensis,African Clawless Otter,Appendix II – Trade regulated
5285,South Africa,ZA,ZAF,Native,Mammalia,Mustelidae,Aonyx capensis,African Clawless Otter,Appendix II – Trade regulated
5285,South Sudan,SS,SSD,Native,Mammalia,Mustelidae,Aonyx capensis,African Clawless Otter,Appendix II – Trade regulated
5285,Togo,TG,TGO,Native,Mammalia,Mustelidae,Aonyx capensis,African Clawless Otter,Appendix II – Trade regulated
5285,Uganda,UG,UGA,Native,Mammalia,Mustelidae,Aonyx capensis,African Clawless Otter,Appendix II – Trade regulated
5285,United Republic of Tanzania,TZ,TZA,Native,Mammalia,Mustelidae,Aonyx capensis,African Clawless Otter,Appendix II – Trade regulated
5285,Zambia,ZM,ZMB,Native,Mammalia,Mustelidae,Aonyx capensis,African Clawless Otter,Appendix II – Trade regulated
5285,Zimbabwe,ZW,ZWE,Native,Mammalia,Mustelidae,Aonyx capensis,African Clawless Otter,Appendix II – Trade regulated
37340,Bangladesh,BD,BGD,Native,Mammalia,Mustelidae,Aonyx cinereus,Asian Small-clawed Otter,Appendix I – Species threatened with extinction
37340,Brunei Darussalam,,,Native,Mammalia,Mustelidae,Aonyx cinereus,Asian Small-clawed Otter,Appendix I – Species threatened with extinction
37340,Cambodia,KH,KHM,Native,Mammalia,Mustelidae,Aonyx cinereus,Asian Small-clawed Otter,Appendix I – Species threatened with extinction
37340,China,CN,CHN,Native,Mammalia,Mustelidae,Aonyx cinereus,Asian Small-clawed Otter,Appendix I – Species threatened with extinction
37340,India,IN,IND,Native,Mammalia,Mustelidae,Aonyx cinereus,Asian Small-clawed Otter,Appendix I – Species threatened with extinction
37340,Indonesia,ID,IDN,Native,Mammalia,Mustelidae,Aonyx cinereus,Asian Small-clawed Otter,Appendix I – Species threatened with extinction
37340,Lao People's Democratic Republic,,,Native,Mammalia,Mustelidae,Aonyx cinereus,Asian Small-clawed Otter,Appendix I – Species threatened with extinction
37340,Malaysia,MY,MYS,Native,Mammalia,Mustelidae,Aonyx cinereus,Asian Small-clawed Otter,Appendix I – Species threatened with extinction
37340,Myanmar,MM,MMR,Native,Mammalia,Mustelidae,Aonyx cinereus,Asian Small-clawed Otter,Appendix I – Species threatened with extinction
37340,Nepal,NP,NPL,Native,Mammalia,Mustelidae,Aonyx cinereus,Asian Small-clawed Otter,Appendix I – Species threatened with extinction
37340,Philippines,PH,PHL,Native,Mammalia,Mustelidae,Aonyx cinereus,Asian Small-clawed Otter,Appendix I – Species threatened with extinction
37340,Singapore,SG,SGP,Native,Mammalia,Mustelidae,Aonyx cinereus,Asian Small-clawed Otter,Appendix I – Species threatened with extinction
37340,Taiwan,CN-TW,TWN,Native,Mammalia,Mustelidae,Aonyx cinereus,Asian Small-clawed Otter,Appendix I – Species threatened with extinction
37340,Province of China,,,Native,Mammalia,Mustelidae,Aonyx cinereus,Asian Small-clawed Otter,Appendix I – Species threatened with extinction
37340,Thailand,TH,THA,Native,Mammalia,Mustelidae,Aonyx cinereus,Asian Small-clawed Otter,Appendix I – Species threatened with extinction
37340,Viet Nam,,,Native,Mammalia,Mustelidae,Aonyx cinereus,Asian Small-clawed Otter,Appendix I – Species threatened with extinction
7275,Canada,CA,CAN,Native,Mammalia,Mustelidae,Enhydra lutris,Sea Otter,Appendix II – Trade regulated
7275,Russian Federation,,,Native,Mammalia,Mustelidae,Enhydra lutris,Sea Otter,Appendix II – Trade regulated
7275,United States of America,US,USA,Native,Mammalia,Mustelidae,Enhydra lutris,Sea Otter,Appendix II – Trade regulated
7275,Japan,JP,JPN,Extinct,Mammalia,Mustelidae,Enhydra lutris,Sea Otter,Appendix II – Trade regulated
7275,Mexico,MX,MEX,Extinct,Mammalia,Mustelidae,Enhydra lutris,Sea Otter,Appendix II – Trade regulated
12273,Canada,CA,CAN,Native,Mammalia,Mustelidae,Enhydra lutris nereis,Southern Sea Otter,Appendix I – Species threatened with extinction
12273,Mexico,MX,MEX,Native,Mammalia,Mustelidae,Enhydra lutris nereis,Southern Sea Otter,Appendix I – Species threatened with extinction
12273,United States of America,US,USA,Native,Mammalia,Mustelidae,Enhydra lutris nereis,Southern Sea Otter,Appendix I – Species threatened with extinction
9899,Angola,AO,AGO,Native,Mammalia,Mustelidae,Hydrictis maculicollis,Spotted-necked Otter,Appendix II – Trade regulated
9899,Benin,BJ,BEN,Native,Mammalia,Mustelidae,Hydrictis maculicollis,Spotted-necked Otter,Appendix II – Trade regulated
9899,Botswana,BW,BWA,Native,Mammalia,Mustelidae,Hydrictis maculicollis,Spotted-necked Otter,Appendix II – Trade regulated
9899,Burkina Faso,BF,BFA,Native,Mammalia,Mustelidae,Hydrictis maculicollis,Spotted-necked Otter,Appendix II – Trade regulated
9899,Burundi,BI,BDI,Native,Mammalia,Mustelidae,Hydrictis maculicollis,Spotted-necked Otter,Appendix II – Trade regulated
9899,Cameroon,CM,CMR,Native,Mammalia,Mustelidae,Hydrictis maculicollis,Spotted-necked Otter,Appendix II – Trade regulated
9899,Central African Republic,CF,CAF,Native,Mammalia,Mustelidae,Hydrictis maculicollis,Spotted-necked Otter,Appendix II – Trade regulated
9899,Chad,TD,TCD,Native,Mammalia,Mustelidae,Hydrictis maculicollis,Spotted-necked Otter,Appendix II – Trade regulated
9899,Congo,,,Native,Mammalia,Mustelidae,Hydrictis maculicollis,Spotted-necked Otter,Appendix II – Trade regulated
9899,C√¥te d'Ivoire,,,Native,Mammalia,Mustelidae,Hydrictis maculicollis,Spotted-necked Otter,Appendix II – Trade regulated
9899,Democratic Republic of the Congo,CD,COD,Native,Mammalia,Mustelidae,Hydrictis maculicollis,Spotted-necked Otter,Appendix II – Trade regulated
9899,Equatorial Guinea,GQ,GNQ,Native,Mammalia,Mustelidae,Hydrictis maculicollis,Spotted-necked Otter,Appendix II – Trade regulated
9899,Eritrea,ER,ERI,Native,Mammalia,Mustelidae,Hydrictis maculicollis,Spotted-necked Otter,Appendix II – Trade regulated
9899,Ethiopia,ET,ETH,Native,Mammalia,Mustelidae,Hydrictis maculicollis,Spotted-necked Otter,Appendix II – Trade regulated
9899,Gabon,GA,GAB,Native,Mammalia,Mustelidae,Hydrictis maculicollis,Spotted-necked Otter,Appendix II – Trade regulated
9899,Guinea,GN,GIN,Native,Mammalia,Mustelidae,Hydrictis maculicollis,Spotted-necked Otter,Appendix II – Trade regulated
9899,Guinea Bissau,,,Native,Mammalia,Mustelidae,Hydrictis maculicollis,Spotted-necked Otter,Appendix II – Trade regulated
9899,Kenya,KE,KEN,Native,Mammalia,Mustelidae,Hydrictis maculicollis,Spotted-necked Otter,Appendix II – Trade regulated
9899,Liberia,LR,LBR,Native,Mammalia,Mustelidae,Hydrictis maculicollis,Spotted-necked Otter,Appendix II – Trade regulated
9899,Malawi,MW,MWI,Native,Mammalia,Mustelidae,Hydrictis maculicollis,Spotted-necked Otter,Appendix II – Trade regulated
9899,Mali,ML,MLI,Native,Mammalia,Mustelidae,Hydrictis maculicollis,Spotted-necked Otter,Appendix II – Trade regulated
9899,Mozambique,MZ,MOZ,Native,Mammalia,Mustelidae,Hydrictis maculicollis,Spotted-necked Otter,Appendix II – Trade regulated
9899,Namibia,NA,NAM,Native,Mammalia,Mustelidae,Hydrictis maculicollis,Spotted-necked Otter,Appendix II – Trade regulated
9899,Niger,NE,NER,Native,Mammalia,Mustelidae,Hydrictis maculicollis,Spotted-necked Otter,Appendix II – Trade regulated
9899,Nigeria,NG,NGA,Native,Mammalia,Mustelidae,Hydrictis maculicollis,Spotted-necked Otter,Appendix II – Trade regulated
9899,Rwanda,RW,RWA,Native,Mammalia,Mustelidae,Hydrictis maculicollis,Spotted-necked Otter,Appendix II – Trade regulated
9899,Sierra Leone,SL,SLE,Native,Mammalia,Mustelidae,Hydrictis maculicollis,Spotted-necked Otter,Appendix II – Trade regulated
9899,South Africa,ZA,ZAF,Native,Mammalia,Mustelidae,Hydrictis maculicollis,Spotted-necked Otter,Appendix II – Trade regulated
9899,South Sudan,SS,SSD,Native,Mammalia,Mustelidae,Hydrictis maculicollis,Spotted-necked Otter,Appendix II – Trade regulated
9899,Togo,TG,TGO,Native,Mammalia,Mustelidae,Hydrictis maculicollis,Spotted-necked Otter,Appendix II – Trade regulated
9899,Uganda,UG,UGA,Native,Mammalia,Mustelidae,Hydrictis maculicollis,Spotted-necked Otter,Appendix II – Trade regulated
9899,United Republic of Tanzania,TZ,TZA,Native,Mammalia,Mustelidae,Hydrictis maculicollis,Spotted-necked Otter,Appendix II – Trade regulated
9899,Zambia,ZM,ZMB,Native,Mammalia,Mustelidae,Hydrictis maculicollis,Spotted-necked Otter,Appendix II – Trade regulated
9899,Zimbabwe,ZW,ZWE,Native,Mammalia,Mustelidae,Hydrictis maculicollis,Spotted-necked Otter,Appendix II – Trade regulated
4227,Canada,CA,CAN,Native,Mammalia,Mustelidae,Lontra canadensis,North American River Otter,Appendix II – Trade regulated
4227,United States of America,US,USA,Native,Mammalia,Mustelidae,Lontra canadensis,North American River Otter,Appendix II – Trade regulated
7817,Argentina,AR,ARG,Native,Mammalia,Mustelidae,Lontra felina,Marine Otter,Appendix I – Species threatened with extinction
7817,Chile,CL,CHL,Native,Mammalia,Mustelidae,Lontra felina,Marine Otter,Appendix I – Species threatened with extinction
7817,Peru,PE,PER,Native,Mammalia,Mustelidae,Lontra felina,Marine Otter,Appendix I – Species threatened with extinction
4391,Argentina,AR,ARG,Native,Mammalia,Mustelidae,Lontra longicaudis,Neotropical River Otter,Appendix I – Species threatened with extinction
4391,Belize,BZ,BLZ,Native,Mammalia,Mustelidae,Lontra longicaudis,Neotropical River Otter,Appendix I – Species threatened with extinction
4391,Bolivia (Plurinational State of),,,Native,Mammalia,Mustelidae,Lontra longicaudis,Neotropical River Otter,Appendix I – Species threatened with extinction
4391,Brazil,BR,BRA,Native,Mammalia,Mustelidae,Lontra longicaudis,Neotropical River Otter,Appendix I – Species threatened with extinction
4391,Colombia,CO,COL,Native,Mammalia,Mustelidae,Lontra longicaudis,Neotropical River Otter,Appendix I – Species threatened with extinction
4391,Costa Rica,CR,CRI,Native,Mammalia,Mustelidae,Lontra longicaudis,Neotropical River Otter,Appendix I – Species threatened with extinction
4391,El Salvador,SV,SLV,Native,Mammalia,Mustelidae,Lontra longicaudis,Neotropical River Otter,Appendix I – Species threatened with extinction
4391,French Guiana [FR],,,Native,Mammalia,Mustelidae,Lontra longicaudis,Neotropical River Otter,Appendix I – Species threatened with extinction
4391,Guyana,GY,GUY,Native,Mammalia,Mustelidae,Lontra longicaudis,Neotropical River Otter,Appendix I – Species threatened with extinction
4391,Mexico,MX,MEX,Native,Mammalia,Mustelidae,Lontra longicaudis,Neotropical River Otter,Appendix I – Species threatened with extinction
4391,Paraguay,PY,PRY,Native,Mammalia,Mustelidae,Lontra longicaudis,Neotropical River Otter,Appendix I – Species threatened with extinction
4391,Peru,PE,PER,Native,Mammalia,Mustelidae,Lontra longicaudis,Neotropical River Otter,Appendix I – Species threatened with extinction
4391,Suriname,SR,SUR,Native,Mammalia,Mustelidae,Lontra longicaudis,Neotropical River Otter,Appendix I – Species threatened with extinction
4391,Uruguay,UY,URY,Native,Mammalia,Mustelidae,Lontra longicaudis,Neotropical River Otter,Appendix I – Species threatened with extinction
4391,Venezuela (Bolivarian Republic of),,,Native,Mammalia,Mustelidae,Lontra longicaudis,Neotropical River Otter,Appendix I – Species threatened with extinction
5716,Argentina,AR,ARG,Native,Mammalia,Mustelidae,Lontra provocax,Southern River Otter,Appendix I – Species threatened with extinction
5716,Chile,CL,CHL,Native,Mammalia,Mustelidae,Lontra provocax,Southern River Otter,Appendix I – Species threatened with extinction
10941,Afghanistan,AF,AFG,Native,Mammalia,Mustelidae,Lutra lutra,Eurasian Otter,Appendix I – Species threatened with extinction
10941,Albania,AL,ALB,Native,Mammalia,Mustelidae,Lutra lutra,Eurasian Otter,Appendix I – Species threatened with extinction
10941,Algeria,DZ,DZA,Native,Mammalia,Mustelidae,Lutra lutra,Eurasian Otter,Appendix I – Species threatened with extinction
10941,Andorra,AD,AND,Native,Mammalia,Mustelidae,Lutra lutra,Eurasian Otter,Appendix I – Species threatened with extinction
10941,Armenia,AM,ARM,Native,Mammalia,Mustelidae,Lutra lutra,Eurasian Otter,Appendix I – Species threatened with extinction
10941,Austria,AT,AUT,Native,Mammalia,Mustelidae,Lutra lutra,Eurasian Otter,Appendix I – Species threatened with extinction
10941,Azerbaijan,AZ,AZE,Native,Mammalia,Mustelidae,Lutra lutra,Eurasian Otter,Appendix I – Species threatened with extinction
10941,Bangladesh,BD,BGD,Native,Mammalia,Mustelidae,Lutra lutra,Eurasian Otter,Appendix I – Species threatened with extinction
10941,Belarus,BY,BLR,Native,Mammalia,Mustelidae,Lutra lutra,Eurasian Otter,Appendix I – Species threatened with extinction
10941,Belgium,BE,BEL,Native,Mammalia,Mustelidae,Lutra lutra,Eurasian Otter,Appendix I – Species threatened with extinction
10941,Bhutan,BT,BTN,Native,Mammalia,Mustelidae,Lutra lutra,Eurasian Otter,Appendix I – Species threatened with extinction
10941,Bosnia and Herzegovina,BA,BIH,Native,Mammalia,Mustelidae,Lutra lutra,Eurasian Otter,Appendix I – Species threatened with extinction
10941,Bulgaria,BG,BGR,Native,Mammalia,Mustelidae,Lutra lutra,Eurasian Otter,Appendix I – Species threatened with extinction
10941,Cambodia,KH,KHM,Native,Mammalia,Mustelidae,Lutra lutra,Eurasian Otter,Appendix I – Species threatened with extinction
10941,China,CN,CHN,Native,Mammalia,Mustelidae,Lutra lutra,Eurasian Otter,Appendix I – Species threatened with extinction
10941,Croatia,HR,HRV,Native,Mammalia,Mustelidae,Lutra lutra,Eurasian Otter,Appendix I – Species threatened with extinction
10941,Czech Republic,,,Native,Mammalia,Mustelidae,Lutra lutra,Eurasian Otter,Appendix I – Species threatened with extinction
10941,Democratic People's Republic of Korea,,,Native,Mammalia,Mustelidae,Lutra lutra,Eurasian Otter,Appendix I – Species threatened with extinction
10941,Denmark,DK,DNK,Native,Mammalia,Mustelidae,Lutra lutra,Eurasian Otter,Appendix I – Species threatened with extinction
10941,Estonia,EE,EST,Native,Mammalia,Mustelidae,Lutra lutra,Eurasian Otter,Appendix I – Species threatened with extinction
10941,Finland,FI,FIN,Native,Mammalia,Mustelidae,Lutra lutra,Eurasian Otter,Appendix I – Species threatened with extinction
10941,France,-99,-99,Native,Mammalia,Mustelidae,Lutra lutra,Eurasian Otter,Appendix I – Species threatened with extinction
10941,Georgia,GE,GEO,Native,Mammalia,Mustelidae,Lutra lutra,Eurasian Otter,Appendix I – Species threatened with extinction
10941,Germany,DE,DEU,Native,Mammalia,Mustelidae,Lutra lutra,Eurasian Otter,Appendix I – Species threatened with extinction
10941,Greece,GR,GRC,Native,Mammalia,Mustelidae,Lutra lutra,Eurasian Otter,Appendix I – Species threatened with extinction
10941,Hong Kong,,,Native,Mammalia,Mustelidae,Lutra lutra,Eurasian Otter,Appendix I – Species threatened with extinction
10941,SAR,,,Native,Mammalia,Mustelidae,Lutra lutra,Eurasian Otter,Appendix I – Species threatened with extinction
10941,Hungary,HU,HUN,Native,Mammalia,Mustelidae,Lutra lutra,Eurasian Otter,Appendix I – Species threatened with extinction
10941,India,IN,IND,Native,Mammalia,Mustelidae,Lutra lutra,Eurasian Otter,Appendix I – Species threatened with extinction
10941,Indonesia,ID,IDN,Native,Mammalia,Mustelidae,Lutra lutra,Eurasian Otter,Appendix I – Species threatened with extinction
10941,Iran (Islamic Republic of),,,Native,Mammalia,Mustelidae,Lutra lutra,Eurasian Otter,Appendix I – Species threatened with extinction
10941,Iraq,IQ,IRQ,Native,Mammalia,Mustelidae,Lutra lutra,Eurasian Otter,Appendix I – Species threatened with extinction
10941,Ireland,IE,IRL,Native,Mammalia,Mustelidae,Lutra lutra,Eurasian Otter,Appendix I – Species threatened with extinction
10941,Israel,IL,ISR,Native,Mammalia,Mustelidae,Lutra lutra,Eurasian Otter,Appendix I – Species threatened with extinction
10941,Italy,IT,ITA,Native,Mammalia,Mustelidae,Lutra lutra,Eurasian Otter,Appendix I – Species threatened with extinction
10941,Jordan,JO,JOR,Native,Mammalia,Mustelidae,Lutra lutra,Eurasian Otter,Appendix I – Species threatened with extinction
10941,Kazakhstan,KZ,KAZ,Native,Mammalia,Mustelidae,Lutra lutra,Eurasian Otter,Appendix I – Species threatened with extinction
10941,Kyrgyzstan,KG,KGZ,Native,Mammalia,Mustelidae,Lutra lutra,Eurasian Otter,Appendix I – Species threatened with extinction
10941,Lao People's Democratic Republic,,,Native,Mammalia,Mustelidae,Lutra lutra,Eurasian Otter,Appendix I – Species threatened with extinction
10941,Latvia,LV,LVA,Native,Mammalia,Mustelidae,Lutra lutra,Eurasian Otter,Appendix I – Species threatened with extinction
10941,Lebanon,LB,LBN,Native,Mammalia,Mustelidae,Lutra lutra,Eurasian Otter,Appendix I – Species threatened with extinction
10941,Lithuania,LT,LTU,Native,Mammalia,Mustelidae,Lutra lutra,Eurasian Otter,Appendix I – Species threatened with extinction
10941,Luxembourg,LU,LUX,Native,Mammalia,Mustelidae,Lutra lutra,Eurasian Otter,Appendix I – Species threatened with extinction
10941,Mongolia,MN,MNG,Native,Mammalia,Mustelidae,Lutra lutra,Eurasian Otter,Appendix I – Species threatened with extinction
10941,Montenegro,ME,MNE,Native,Mammalia,Mustelidae,Lutra lutra,Eurasian Otter,Appendix I – Species threatened with extinction
10941,Morocco,MA,MAR,Native,Mammalia,Mustelidae,Lutra lutra,Eurasian Otter,Appendix I – Species threatened with extinction
10941,Myanmar,MM,MMR,Native,Mammalia,Mustelidae,Lutra lutra,Eurasian Otter,Appendix I – Species threatened with extinction
10941,Nepal,NP,NPL,Native,Mammalia,Mustelidae,Lutra lutra,Eurasian Otter,Appendix I – Species threatened with extinction
10941,Netherlands,NL,NLD,Native,Mammalia,Mustelidae,Lutra lutra,Eurasian Otter,Appendix I – Species threatened with extinction
10941,North Macedonia,MK,MKD,Native,Mammalia,Mustelidae,Lutra lutra,Eurasian Otter,Appendix I – Species threatened with extinction
10941,Norway,-99,-99,Native,Mammalia,Mustelidae,Lutra lutra,Eurasian Otter,Appendix I – Species threatened with extinction
10941,Pakistan,PK,PAK,Native,Mammalia,Mustelidae,Lutra lutra,Eurasian Otter,Appendix I – Species threatened with extinction
10941,Poland,PL,POL,Native,Mammalia,Mustelidae,Lutra lutra,Eurasian Otter,Appendix I – Species threatened with extinction
10941,Portugal,PT,PRT,Native,Mammalia,Mustelidae,Lutra lutra,Eurasian Otter,Appendix I – Species threatened with extinction
10941,Republic of Korea,,,Native,Mammalia,Mustelidae,Lutra lutra,Eurasian Otter,Appendix I – Species threatened with extinction
10941,Republic of Moldova,,,Native,Mammalia,Mustelidae,Lutra lutra,Eurasian Otter,Appendix I – Species threatened with extinction
10941,Romania,RO,ROU,Native,Mammalia,Mustelidae,Lutra lutra,Eurasian Otter,Appendix I – Species threatened with extinction
10941,Russian Federation,,,Native,Mammalia,Mustelidae,Lutra lutra,Eurasian Otter,Appendix I – Species threatened with extinction
10941,Serbia,,,Native,Mammalia,Mustelidae,Lutra lutra,Eurasian Otter,Appendix I – Species threatened with extinction
10941,Slovakia,SK,SVK,Native,Mammalia,Mustelidae,Lutra lutra,Eurasian Otter,Appendix I – Species threatened with extinction
10941,Slovenia,SI,SVN,Native,Mammalia,Mustelidae,Lutra lutra,Eurasian Otter,Appendix I – Species threatened with extinction
10941,Spain,ES,ESP,Native,Mammalia,Mustelidae,Lutra lutra,Eurasian Otter,Appendix I – Species threatened with extinction
10941,Sri Lanka,LK,LKA,Native,Mammalia,Mustelidae,Lutra lutra,Eurasian Otter,Appendix I – Species threatened with extinction
10941,Sweden,SE,SWE,Native,Mammalia,Mustelidae,Lutra lutra,Eurasian Otter,Appendix I – Species threatened with extinction
10941,Syrian Arab Republic,,,Native,Mammalia,Mustelidae,Lutra lutra,Eurasian Otter,Appendix I – Species threatened with extinction
10941,Taiwan,CN-TW,TWN,Native,Mammalia,Mustelidae,Lutra lutra,Eurasian Otter,Appendix I – Species threatened with extinction
10941,Province of China,,,Native,Mammalia,Mustelidae,Lutra lutra,Eurasian Otter,Appendix I – Species threatened with extinction
10941,Tajikistan,TJ,TJK,Native,Mammalia,Mustelidae,Lutra lutra,Eurasian Otter,Appendix I – Species threatened with extinction
10941,Thailand,TH,THA,Native,Mammalia,Mustelidae,Lutra lutra,Eurasian Otter,Appendix I – Species threatened with extinction
10941,Tunisia,TN,TUN,Native,Mammalia,Mustelidae,Lutra lutra,Eurasian Otter,Appendix I – Species threatened with extinction
10941,T√ºrkiye,,,Native,Mammalia,Mustelidae,Lutra lutra,Eurasian Otter,Appendix I – Species threatened with extinction
10941,Turkmenistan,TM,TKM,Native,Mammalia,Mustelidae,Lutra lutra,Eurasian Otter,Appendix I – Species threatened with extinction
10941,Ukraine,UA,UKR,Native,Mammalia,Mustelidae,Lutra lutra,Eurasian Otter,Appendix I – Species threatened with extinction
10941,United Kingdom of Great Britain and Northern Ireland,,,Native,Mammalia,Mustelidae,Lutra lutra,Eurasian Otter,Appendix I – Species threatened with extinction
10941,Uzbekistan,UZ,UZB,Native,Mammalia,Mustelidae,Lutra lutra,Eurasian Otter,Appendix I – Species threatened with extinction
10941,Viet Nam,,,Native,Mammalia,Mustelidae,Lutra lutra,Eurasian Otter,Appendix I – Species threatened with extinction
10941,Switzerland,CH,CHE,Reintroduced,Mammalia,Mustelidae,Lutra lutra,Eurasian Otter,Appendix I – Species threatened with extinction
10941,Liechtenstein,LI,LIE,Extinct,Mammalia,Mustelidae,Lutra lutra,Eurasian Otter,Appendix I – Species threatened with extinction
10941,Switzerland,CH,CHE,Extinct,Mammalia,Mustelidae,Lutra lutra,Eurasian Otter,Appendix I – Species threatened with extinction
3348,Japan,JP,JPN,Extinct,Mammalia,Mustelidae,Lutra nippon,Japanese River Otter,Appendix I – Species threatened with extinction
7756,Brunei Darussalam,,,Native,Mammalia,Mustelidae,Lutra sumatrana,Hairy-nosed Otter,Appendix II – Trade regulated
7756,Cambodia,KH,KHM,Native,Mammalia,Mustelidae,Lutra sumatrana,Hairy-nosed Otter,Appendix II – Trade regulated
7756,Indonesia,ID,IDN,Native,Mammalia,Mustelidae,Lutra sumatrana,Hairy-nosed Otter,Appendix II – Trade regulated
7756,Malaysia,MY,MYS,Native,Mammalia,Mustelidae,Lutra sumatrana,Hairy-nosed Otter,Appendix II – Trade regulated
7756,Myanmar,MM,MMR,Native,Mammalia,Mustelidae,Lutra sumatrana,Hairy-nosed Otter,Appendix II – Trade regulated
7756,Singapore,SG,SGP,Native,Mammalia,Mustelidae,Lutra sumatrana,Hairy-nosed Otter,Appendix II – Trade regulated
7181,Afghanistan,AF,AFG,Native,Mammalia,Mustelidae,Lutrogale perspicillata,Smooth-coated Otter,Appendix I – Species threatened with extinction
7181,Bangladesh,BD,BGD,Native,Mammalia,Mustelidae,Lutrogale perspicillata,Smooth-coated Otter,Appendix I – Species threatened with extinction
7181,Bhutan,BT,BTN,Native,Mammalia,Mustelidae,Lutrogale perspicillata,Smooth-coated Otter,Appendix I – Species threatened with extinction
7181,Brunei Darussalam,,,Native,Mammalia,Mustelidae,Lutrogale perspicillata,Smooth-coated Otter,Appendix I – Species threatened with extinction
7181,Cambodia,KH,KHM,Native,Mammalia,Mustelidae,Lutrogale perspicillata,Smooth-coated Otter,Appendix I – Species threatened with extinction
7181,China,CN,CHN,Native,Mammalia,Mustelidae,Lutrogale perspicillata,Smooth-coated Otter,Appendix I – Species threatened with extinction
7181,India,IN,IND,Native,Mammalia,Mustelidae,Lutrogale perspicillata,Smooth-coated Otter,Appendix I – Species threatened with extinction
7181,Indonesia,ID,IDN,Native,Mammalia,Mustelidae,Lutrogale perspicillata,Smooth-coated Otter,Appendix I – Species threatened with extinction
7181,Iraq,IQ,IRQ,Native,Mammalia,Mustelidae,Lutrogale perspicillata,Smooth-coated Otter,Appendix I – Species threatened with extinction
7181,Lao People's Democratic Republic,,,Native,Mammalia,Mustelidae,Lutrogale perspicillata,Smooth-coated Otter,Appendix I – Species threatened with extinction
7181,Malaysia,MY,MYS,Native,Mammalia,Mustelidae,Lutrogale perspicillata,Smooth-coated Otter,Appendix I – Species threatened with extinction
7181,Myanmar,MM,MMR,Native,Mammalia,Mustelidae,Lutrogale perspicillata,Smooth-coated Otter,Appendix I – Species threatened with extinction
7181,Nepal,NP,NPL,Native,Mammalia,Mustelidae,Lutrogale perspicillata,Smooth-coated Otter,Appendix I – Species threatened with extinction
7181,Pakistan,PK,PAK,Native,Mammalia,Mustelidae,Lutrogale perspicillata,Smooth-coated Otter,Appendix I – Species threatened with extinction
7181,Singapore,SG,SGP,Native,Mammalia,Mustelidae,Lutrogale perspicillata,Smooth-coated Otter,Appendix I – Species threatened with extinction
7181,Thailand,TH,THA,Native,Mammalia,Mustelidae,Lutrogale perspicillata,Smooth-coated Otter,Appendix I – Species threatened with extinction
7181,Viet Nam,,,Native,Mammalia,Mustelidae,Lutrogale perspicillata,Smooth-coated Otter,Appendix I – Species threatened with extinction
6787,Argentina,AR,ARG,Native,Mammalia,Mustelidae,Pteronura brasiliensis,Giant Otter,Appendix I – Species threatened with extinction
6787,Brazil,BR,BRA,Native,Mammalia,Mustelidae,Pteronura brasiliensis,Giant Otter,Appendix I – Species threatened with extinction
6787,Colombia,CO,COL,Native,Mammalia,Mustelidae,Pteronura brasiliensis,Giant Otter,Appendix I – Species threatened with extinction
6787,Ecuador,EC,ECU,Native,Mammalia,Mustelidae,Pteronura brasiliensis,Giant Otter,Appendix I – Species threatened with extinction
6787,French Guiana [FR],,,Native,Mammalia,Mustelidae,Pteronura brasiliensis,Giant Otter,Appendix I – Species threatened with extinction
6787,Guyana,GY,GUY,Native,Mammalia,Mustelidae,Pteronura brasiliensis,Giant Otter,Appendix I – Species threatened with extinction
6787,Paraguay,PY,PRY,Native,Mammalia,Mustelidae,Pteronura brasiliensis,Giant Otter,Appendix I – Species threatened with extinction
6787,Peru,PE,PER,Native,Mammalia,Mustelidae,Pteronura brasiliensis,Giant Otter,Appendix I – Species threatened with extinction
6787,Suriname,SR,SUR,Native,Mammalia,Mustelidae,Pteronura brasiliensis,Giant Otter,Appendix I – Species threatened with extinction
6787,Uruguay,UY,URY,Native,Mammalia,Mustelidae,Pteronura brasiliensis,Giant Otter,Appendix I – Species threatened with extinction
6787,Venezuela (Bolivarian Republic of),,,Native,Mammalia,Mustelidae,Pteronura brasiliensis,Giant Otter,Appendix I – Species threatened with extinction
6048,Argentina,AR,ARG,Native,Mammalia,Mustelidae,Eira barbara,Tayra,Appendix III – National protection
6048,Belize,BZ,BLZ,Native,Mammalia,Mustelidae,Eira barbara,Tayra,Appendix III – National protection
6048,Bolivia (Plurinational State of),,,Native,Mammalia,Mustelidae,Eira barbara,Tayra,Appendix III – National protection
6048,Brazil,BR,BRA,Native,Mammalia,Mustelidae,Eira barbara,Tayra,Appendix III – National protection
6048,Colombia,CO,COL,Native,Mammalia,Mustelidae,Eira barbara,Tayra,Appendix III – National protection
6048,Costa Rica,CR,CRI,Native,Mammalia,Mustelidae,Eira barbara,Tayra,Appendix III – National protection
6048,Ecuador,EC,ECU,Native,Mammalia,Mustelidae,Eira barbara,Tayra,Appendix III – National protection
6048,El Salvador,SV,SLV,Native,Mammalia,Mustelidae,Eira barbara,Tayra,Appendix III – National protection
6048,French Guiana [FR],,,Native,Mammalia,Mustelidae,Eira barbara,Tayra,Appendix III – National protection
6048,Guatemala,GT,GTM,Native,Mammalia,Mustelidae,Eira barbara,Tayra,Appendix III – National protection
6048,Guyana,GY,GUY,Native,Mammalia,Mustelidae,Eira barbara,Tayra,Appendix III – National protection
6048,Honduras,HN,HND,Native,Mammalia,Mustelidae,Eira barbara,Tayra,Appendix III – National protection
6048,Mexico,MX,MEX,Native,Mammalia,Mustelidae,Eira barbara,Tayra,Appendix III – National protection
6048,Nicaragua,NI,NIC,Native,Mammalia,Mustelidae,Eira barbara,Tayra,Appendix III – National protection
6048,Panama,PA,PAN,Native,Mammalia,Mustelidae,Eira barbara,Tayra,Appendix III – National protection
6048,Paraguay,PY,PRY,Native,Mammalia,Mustelidae,Eira barbara,Tayra,Appendix III – National protection
6048,Peru,PE,PER,Native,Mammalia,Mustelidae,Eira barbara,Tayra,Appendix III – National protection
6048,Suriname,SR,SUR,Native,Mammalia,Mustelidae,Eira barbara,Tayra,Appendix III – National protection
6048,Trinidad and Tobago,TT,TTO,Native,Mammalia,Mustelidae,Eira barbara,Tayra,Appendix III – National protection
6048,Uruguay,UY,URY,Native,Mammalia,Mustelidae,Eira barbara,Tayra,Appendix III – National protection
6048,Venezuela (Bolivarian Republic of),,,Native,Mammalia,Mustelidae,Eira barbara,Tayra,Appendix III – National protection
8053,Afghanistan,AF,AFG,Native,Mammalia,Mustelidae,Martes flavigula,Yellow-throated Marten,Appendix III – National protection
8053,Bhutan,BT,BTN,Native,Mammalia,Mustelidae,Martes flavigula,Yellow-throated Marten,Appendix III – National protection
8053,Brunei Darussalam,,,Native,Mammalia,Mustelidae,Martes flavigula,Yellow-throated Marten,Appendix III – National protection
8053,China,CN,CHN,Native,Mammalia,Mustelidae,Martes flavigula,Yellow-throated Marten,Appendix III – National protection
8053,Democratic People's Republic of Korea,,,Native,Mammalia,Mustelidae,Martes flavigula,Yellow-throated Marten,Appendix III – National protection
8053,India,IN,IND,Native,Mammalia,Mustelidae,Martes flavigula,Yellow-throated Marten,Appendix III – National protection
8053,Indonesia,ID,IDN,Native,Mammalia,Mustelidae,Martes flavigula,Yellow-throated Marten,Appendix III – National protection
8053,Lao People's Democratic Republic,,,Native,Mammalia,Mustelidae,Martes flavigula,Yellow-throated Marten,Appendix III – National protection
8053,Malaysia,MY,MYS,Native,Mammalia,Mustelidae,Martes flavigula,Yellow-throated Marten,Appendix III – National protection
8053,Myanmar,MM,MMR,Native,Mammalia,Mustelidae,Martes flavigula,Yellow-throated Marten,Appendix III – National protection
8053,Nepal,NP,NPL,Native,Mammalia,Mustelidae,Martes flavigula,Yellow-throated Marten,Appendix III – National protection
8053,Pakistan,PK,PAK,Native,Mammalia,Mustelidae,Martes flavigula,Yellow-throated Marten,Appendix III – National protection
8053,Republic of Korea,,,Native,Mammalia,Mustelidae,Martes flavigula,Yellow-throated Marten,Appendix III – National protection
8053,Russian Federation,,,Native,Mammalia,Mustelidae,Martes flavigula,Yellow-throated Marten,Appendix III – National protection
8053,Taiwan,CN-TW,TWN,Native,Mammalia,Mustelidae,Martes flavigula,Yellow-throated Marten,Appendix III – National protection
8053,Province of China,,,Native,Mammalia,Mustelidae,Martes flavigula,Yellow-throated Marten,Appendix III – National protection
8053,Thailand,TH,THA,Native,Mammalia,Mustelidae,Martes flavigula,Yellow-throated Marten,Appendix III – National protection
8053,Viet Nam,,,Native,Mammalia,Mustelidae,Martes flavigula,Yellow-throated Marten,Appendix III – National protection
12265,Afghanistan,AF,AFG,Native,Mammalia,Mustelidae,Martes foina intermedia,Beech Marten (intermediate subspecies),Appendix III – National protection
12265,Bhutan,BT,BTN,Native,Mammalia,Mustelidae,Martes foina intermedia,Beech Marten (intermediate subspecies),Appendix III – National protection
12265,China,CN,CHN,Native,Mammalia,Mustelidae,Martes foina intermedia,Beech Marten (intermediate subspecies),Appendix III – National protection
12265,India,IN,IND,Native,Mammalia,Mustelidae,Martes foina intermedia,Beech Marten (intermediate subspecies),Appendix III – National protection
12265,Iran (Islamic Republic of),,,Native,Mammalia,Mustelidae,Martes foina intermedia,Beech Marten (intermediate subspecies),Appendix III – National protection
12265,Kazakhstan,KZ,KAZ,Native,Mammalia,Mustelidae,Martes foina intermedia,Beech Marten (intermediate subspecies),Appendix III – National protection
12265,Kyrgyzstan,KG,KGZ,Native,Mammalia,Mustelidae,Martes foina intermedia,Beech Marten (intermediate subspecies),Appendix III – National protection
12265,Mongolia,MN,MNG,Native,Mammalia,Mustelidae,Martes foina intermedia,Beech Marten (intermediate subspecies),Appendix III – National protection
12265,Nepal,NP,NPL,Native,Mammalia,Mustelidae,Martes foina intermedia,Beech Marten (intermediate subspecies),Appendix III – National protection
12265,Pakistan,PK,PAK,Native,Mammalia,Mustelidae,Martes foina intermedia,Beech Marten (intermediate subspecies),Appendix III – National protection
12265,Russian Federation,,,Native,Mammalia,Mustelidae,Martes foina intermedia,Beech Marten (intermediate subspecies),Appendix III – National protection
12265,Turkmenistan,TM,TKM,Native,Mammalia,Mustelidae,Martes foina intermedia,Beech Marten (intermediate subspecies),Appendix III – National protection
12265,Uzbekistan,UZ,UZB,Native,Mammalia,Mustelidae,Martes foina intermedia,Beech Marten (intermediate subspecies),Appendix III – National protection
7173,India,IN,IND,Native,Mammalia,Mustelidae,Martes gwatkinsii,Nilgiri Marten,Appendix III – National protection
9613,Afghanistan,AF,AFG,Native,Mammalia,Mustelidae,Mellivora capensis,Honey Badger (Ratel),Appendix III – National protection
9613,Algeria,DZ,DZA,Native,Mammalia,Mustelidae,Mellivora capensis,Honey Badger (Ratel),Appendix III – National protection
9613,Angola,AO,AGO,Native,Mammalia,Mustelidae,Mellivora capensis,Honey Badger (Ratel),Appendix III – National protection
9613,Botswana,BW,BWA,Native,Mammalia,Mustelidae,Mellivora capensis,Honey Badger (Ratel),Appendix III – National protection
9613,Burkina Faso,BF,BFA,Native,Mammalia,Mustelidae,Mellivora capensis,Honey Badger (Ratel),Appendix III – National protection
9613,Cameroon,CM,CMR,Native,Mammalia,Mustelidae,Mellivora capensis,Honey Badger (Ratel),Appendix III – National protection
9613,Central African Republic,CF,CAF,Native,Mammalia,Mustelidae,Mellivora capensis,Honey Badger (Ratel),Appendix III – National protection
9613,Chad,TD,TCD,Native,Mammalia,Mustelidae,Mellivora capensis,Honey Badger (Ratel),Appendix III – National protection
9613,Congo,,,Native,Mammalia,Mustelidae,Mellivora capensis,Honey Badger (Ratel),Appendix III – National protection
9613,C√¥te d'Ivoire,,,Native,Mammalia,Mustelidae,Mellivora capensis,Honey Badger (Ratel),Appendix III – National protection
9613,Democratic Republic of the Congo,CD,COD,Native,Mammalia,Mustelidae,Mellivora capensis,Honey Badger (Ratel),Appendix III – National protection
9613,Djibouti,DJ,DJI,Native,Mammalia,Mustelidae,Mellivora capensis,Honey Badger (Ratel),Appendix III – National protection
9613,Equatorial Guinea,GQ,GNQ,Native,Mammalia,Mustelidae,Mellivora capensis,Honey Badger (Ratel),Appendix III – National protection
9613,Eritrea,ER,ERI,Native,Mammalia,Mustelidae,Mellivora capensis,Honey Badger (Ratel),Appendix III – National protection
9613,Eswatini,,,Native,Mammalia,Mustelidae,Mellivora capensis,Honey Badger (Ratel),Appendix III – National protection
9613,Ethiopia,ET,ETH,Native,Mammalia,Mustelidae,Mellivora capensis,Honey Badger (Ratel),Appendix III – National protection
9613,Gabon,GA,GAB,Native,Mammalia,Mustelidae,Mellivora capensis,Honey Badger (Ratel),Appendix III – National protection
9613,Gambia,GM,GMB,Native,Mammalia,Mustelidae,Mellivora capensis,Honey Badger (Ratel),Appendix III – National protection
9613,Ghana,GH,GHA,Native,Mammalia,Mustelidae,Mellivora capensis,Honey Badger (Ratel),Appendix III – National protection
9613,Guinea,GN,GIN,Native,Mammalia,Mustelidae,Mellivora capensis,Honey Badger (Ratel),Appendix III – National protection
9613,India,IN,IND,Native,Mammalia,Mustelidae,Mellivora capensis,Honey Badger (Ratel),Appendix III – National protection
9613,Iran (Islamic Republic of),,,Native,Mammalia,Mustelidae,Mellivora capensis,Honey Badger (Ratel),Appendix III – National protection
9613,Iraq,IQ,IRQ,Native,Mammalia,Mustelidae,Mellivora capensis,Honey Badger (Ratel),Appendix III – National protection
9613,Israel,IL,ISR,Native,Mammalia,Mustelidae,Mellivora capensis,Honey Badger (Ratel),Appendix III – National protection
9613,Jordan,JO,JOR,Native,Mammalia,Mustelidae,Mellivora capensis,Honey Badger (Ratel),Appendix III – National protection
9613,Kazakhstan,KZ,KAZ,Native,Mammalia,Mustelidae,Mellivora capensis,Honey Badger (Ratel),Appendix III – National protection
9613,Kenya,KE,KEN,Native,Mammalia,Mustelidae,Mellivora capensis,Honey Badger (Ratel),Appendix III – National protection
9613,Kuwait,KW,KWT,Native,Mammalia,Mustelidae,Mellivora capensis,Honey Badger (Ratel),Appendix III – National protection
9613,Lebanon,LB,LBN,Native,Mammalia,Mustelidae,Mellivora capensis,Honey Badger (Ratel),Appendix III – National protection
9613,Liberia,LR,LBR,Native,Mammalia,Mustelidae,Mellivora capensis,Honey Badger (Ratel),Appendix III – National protection
9613,Malawi,MW,MWI,Native,Mammalia,Mustelidae,Mellivora capensis,Honey Badger (Ratel),Appendix III – National protection
9613,Mali,ML,MLI,Native,Mammalia,Mustelidae,Mellivora capensis,Honey Badger (Ratel),Appendix III – National protection
9613,Mauritania,MR,MRT,Native,Mammalia,Mustelidae,Mellivora capensis,Honey Badger (Ratel),Appendix III – National protection
9613,Morocco,MA,MAR,Native,Mammalia,Mustelidae,Mellivora capensis,Honey Badger (Ratel),Appendix III – National protection
9613,Mozambique,MZ,MOZ,Native,Mammalia,Mustelidae,Mellivora capensis,Honey Badger (Ratel),Appendix III – National protection
9613,Namibia,NA,NAM,Native,Mammalia,Mustelidae,Mellivora capensis,Honey Badger (Ratel),Appendix III – National protection
9613,Nepal,NP,NPL,Native,Mammalia,Mustelidae,Mellivora capensis,Honey Badger (Ratel),Appendix III – National protection
9613,Niger,NE,NER,Native,Mammalia,Mustelidae,Mellivora capensis,Honey Badger (Ratel),Appendix III – National protection
9613,Nigeria,NG,NGA,Native,Mammalia,Mustelidae,Mellivora capensis,Honey Badger (Ratel),Appendix III – National protection
9613,Oman,OM,OMN,Native,Mammalia,Mustelidae,Mellivora capensis,Honey Badger (Ratel),Appendix III – National protection
9613,Pakistan,PK,PAK,Native,Mammalia,Mustelidae,Mellivora capensis,Honey Badger (Ratel),Appendix III – National protection
9613,Rwanda,RW,RWA,Native,Mammalia,Mustelidae,Mellivora capensis,Honey Badger (Ratel),Appendix III – National protection
9613,Saudi Arabia,SA,SAU,Native,Mammalia,Mustelidae,Mellivora capensis,Honey Badger (Ratel),Appendix III – National protection
9613,Senegal,SN,SEN,Native,Mammalia,Mustelidae,Mellivora capensis,Honey Badger (Ratel),Appendix III – National protection
9613,Sierra Leone,SL,SLE,Native,Mammalia,Mustelidae,Mellivora capensis,Honey Badger (Ratel),Appendix III – National protection
9613,Somalia,SO,SOM,Native,Mammalia,Mustelidae,Mellivora capensis,Honey Badger (Ratel),Appendix III – National protection
9613,South Africa,ZA,ZAF,Native,Mammalia,Mustelidae,Mellivora capensis,Honey Badger (Ratel),Appendix III – National protection
9613,South Sudan,SS,SSD,Native,Mammalia,Mustelidae,Mellivora capensis,Honey Badger (Ratel),Appendix III – National protection
9613,Sudan,SD,SDN,Native,Mammalia,Mustelidae,Mellivora capensis,Honey Badger (Ratel),Appendix III – National protection
9613,Syrian Arab Republic,,,Native,Mammalia,Mustelidae,Mellivora capensis,Honey Badger (Ratel),Appendix III – National protection
9613,Turkmenistan,TM,TKM,Native,Mammalia,Mustelidae,Mellivora capensis,Honey Badger (Ratel),Appendix III – National protection
9613,Uganda,UG,UGA,Native,Mammalia,Mustelidae,Mellivora capensis,Honey Badger (Ratel),Appendix III – National protection
9613,United Republic of Tanzania,TZ,TZA,Native,Mammalia,Mustelidae,Mellivora capensis,Honey Badger (Ratel),Appendix III – National protection
9613,Uzbekistan,UZ,UZB,Native,Mammalia,Mustelidae,Mellivora capensis,Honey Badger (Ratel),Appendix III – National protection
9613,Western Sahara,EH,ESH,Native,Mammalia,Mustelidae,Mellivora capensis,Honey Badger (Ratel),Appendix III – National protection
9613,Yemen,YE,YEM,Native,Mammalia,Mustelidae,Mellivora capensis,Honey Badger (Ratel),Appendix III – National protection
9613,Zambia,ZM,ZMB,Native,Mammalia,Mustelidae,Mellivora capensis,Honey Badger (Ratel),Appendix III – National protection
9613,Zimbabwe,ZW,ZWE,Native,Mammalia,Mustelidae,Mellivora capensis,Honey Badger (Ratel),Appendix III – National protection
9613,Egypt,EG,EGY,Extinct,Mammalia,Mustelidae,Mellivora capensis,Honey Badger (Ratel),Appendix III – National protection
10866,China,CN,CHN,Native,Mammalia,Mustelidae,Mustela altaica,Alpine Weasel,Appendix III – National protection
10866,India,IN,IND,Native,Mammalia,Mustelidae,Mustela altaica,Alpine Weasel,Appendix III – National protection
10866,Kazakhstan,KZ,KAZ,Native,Mammalia,Mustelidae,Mustela altaica,Alpine Weasel,Appendix III – National protection
10866,Kyrgyzstan,KG,KGZ,Native,Mammalia,Mustelidae,Mustela altaica,Alpine Weasel,Appendix III – National protection
10866,Mongolia,MN,MNG,Native,Mammalia,Mustelidae,Mustela altaica,Alpine Weasel,Appendix III – National protection
10866,Nepal,NP,NPL,Native,Mammalia,Mustelidae,Mustela altaica,Alpine Weasel,Appendix III – National protection
10866,Pakistan,PK,PAK,Native,Mammalia,Mustelidae,Mustela altaica,Alpine Weasel,Appendix III – National protection
10866,Russian Federation,,,Native,Mammalia,Mustelidae,Mustela altaica,Alpine Weasel,Appendix III – National protection
10866,Tajikistan,TJ,TJK,Native,Mammalia,Mustelidae,Mustela altaica,Alpine Weasel,Appendix III – National protection
12172,Afghanistan,AF,AFG,Native,Mammalia,Mustelidae,Mustela erminea ferghanae,Stoat (Fergana subspecies),Appendix III – National protection
12172,China,CN,CHN,Native,Mammalia,Mustelidae,Mustela erminea ferghanae,Stoat (Fergana subspecies),Appendix III – National protection
12172,India,IN,IND,Native,Mammalia,Mustelidae,Mustela erminea ferghanae,Stoat (Fergana subspecies),Appendix III – National protection
12172,Nepal,NP,NPL,Native,Mammalia,Mustelidae,Mustela erminea ferghanae,Stoat (Fergana subspecies),Appendix III – National protection
12172,Pakistan,PK,PAK,Native,Mammalia,Mustelidae,Mustela erminea ferghanae,Stoat (Fergana subspecies),Appendix III – National protection
12172,Tajikistan,TJ,TJK,Native,Mammalia,Mustelidae,Mustela erminea ferghanae,Stoat (Fergana subspecies),Appendix III – National protection
12172,Uzbekistan,UZ,UZB,Native,Mammalia,Mustelidae,Mustela erminea ferghanae,Stoat (Fergana subspecies),Appendix III – National protection
3096,Bhutan,BT,BTN,Native,Mammalia,Mustelidae,Mustela kathiah,Yellow-bellied Weasel,Appendix III – National protection
3096,Cambodia,KH,KHM,Native,Mammalia,Mustelidae,Mustela kathiah,Yellow-bellied Weasel,Appendix III – National protection
3096,China,CN,CHN,Native,Mammalia,Mustelidae,Mustela kathiah,Yellow-bellied Weasel,Appendix III – National protection
3096,India,IN,IND,Native,Mammalia,Mustelidae,Mustela kathiah,Yellow-bellied Weasel,Appendix III – National protection
3096,Lao People's Democratic Republic,,,Native,Mammalia,Mustelidae,Mustela kathiah,Yellow-bellied Weasel,Appendix III – National protection
3096,Myanmar,MM,MMR,Native,Mammalia,Mustelidae,Mustela kathiah,Yellow-bellied Weasel,Appendix III – National protection
3096,Nepal,NP,NPL,Native,Mammalia,Mustelidae,Mustela kathiah,Yellow-bellied Weasel,Appendix III – National protection
3096,Pakistan,PK,PAK,Native,Mammalia,Mustelidae,Mustela kathiah,Yellow-bellied Weasel,Appendix III – National protection
3096,Thailand,TH,THA,Native,Mammalia,Mustelidae,Mustela kathiah,Yellow-bellied Weasel,Appendix III – National protection
3096,Viet Nam,,,Native,Mammalia,Mustelidae,Mustela kathiah,Yellow-bellied Weasel,Appendix III – National protection
10039,United States of America,US,USA,Native,Mammalia,Mustelidae,Mustela nigripes,Black-footed Ferret,Appendix I – Species threatened with extinction
10039,Mexico,MX,MEX,Reintroduced,Mammalia,Mustelidae,Mustela nigripes,Black-footed Ferret,Appendix I – Species threatened with extinction
10039,Canada,CA,CAN,Extinct,Mammalia,Mustelidae,Mustela nigripes,Black-footed Ferret,Appendix I – Species threatened with extinction
10039,Mexico,MX,MEX,Extinct,Mammalia,Mustelidae,Mustela nigripes,Black-footed Ferret,Appendix I – Species threatened with extinction
6268,Bhutan,BT,BTN,Native,Mammalia,Mustelidae,Mustela sibirica,Siberian Weasel,Appendix III – National protection
6268,China,CN,CHN,Native,Mammalia,Mustelidae,Mustela sibirica,Siberian Weasel,Appendix III – National protection
6268,Democratic People's Republic of Korea,,,Native,Mammalia,Mustelidae,Mustela sibirica,Siberian Weasel,Appendix III – National protection
6268,India,IN,IND,Native,Mammalia,Mustelidae,Mustela sibirica,Siberian Weasel,Appendix III – National protection
6268,Japan,JP,JPN,Native,Mammalia,Mustelidae,Mustela sibirica,Siberian Weasel,Appendix III – National protection
6268,Lao People's Democratic Republic,,,Native,Mammalia,Mustelidae,Mustela sibirica,Siberian Weasel,Appendix III – National protection
6268,Mongolia,MN,MNG,Native,Mammalia,Mustelidae,Mustela sibirica,Siberian Weasel,Appendix III – National protection
6268,Myanmar,MM,MMR,Native,Mammalia,Mustelidae,Mustela sibirica,Siberian Weasel,Appendix III – National protection
6268,Nepal,NP,NPL,Native,Mammalia,Mustelidae,Mustela sibirica,Siberian Weasel,Appendix III – National protection
6268,Pakistan,PK,PAK,Native,Mammalia,Mustelidae,Mustela sibirica,Siberian Weasel,Appendix III – National protection
6268,Republic of Korea,,,Native,Mammalia,Mustelidae,Mustela sibirica,Siberian Weasel,Appendix III – National protection
6268,Russian Federation,,,Native,Mammalia,Mustelidae,Mustela sibirica,Siberian Weasel,Appendix III – National protection
6268,Taiwan,CN-TW,TWN,Native,Mammalia,Mustelidae,Mustela sibirica,Siberian Weasel,Appendix III – National protection
6268,Province of China,,,Native,Mammalia,Mustelidae,Mustela sibirica,Siberian Weasel,Appendix III – National protection
6268,Thailand,TH,THA,Native,Mammalia,Mustelidae,Mustela sibirica,Siberian Weasel,Appendix III – National protection
6268,Viet Nam,,,Native,Mammalia,Mustelidae,Mustela sibirica,Siberian Weasel,Appendix III – National protection
9179,Canada,CA,CAN,Native,Mammalia,Odobenidae,Odobenus rosmarus,Walrus,Appendix III – National protection
9179,Greenland,GL,GRL,Native,Mammalia,Odobenidae,Odobenus rosmarus,Walrus,Appendix III – National protection
9179,Iceland,IS,ISL,Native,Mammalia,Odobenidae,Odobenus rosmarus,Walrus,Appendix III – National protection
9179,Norway,-99,-99,Native,Mammalia,Odobenidae,Odobenus rosmarus,Walrus,Appendix III – National protection
9179,Russian Federation,,,Native,Mammalia,Odobenidae,Odobenus rosmarus,Walrus,Appendix III – National protection
9179,Svalbard and Jan Mayen Islands,,,Native,Mammalia,Odobenidae,Odobenus rosmarus,Walrus,Appendix III – National protection
9179,United States of America,US,USA,Native,Mammalia,Odobenidae,Odobenus rosmarus,Walrus,Appendix III – National protection
9396,Argentina,AR,ARG,Native,Mammalia,Otariidae,Arctocephalus australis,South American Fur Seal,Appendix II – Trade regulated
9396,Brazil,BR,BRA,Native,Mammalia,Otariidae,Arctocephalus australis,South American Fur Seal,Appendix II – Trade regulated
9396,Chile,CL,CHL,Native,Mammalia,Otariidae,Arctocephalus australis,South American Fur Seal,Appendix II – Trade regulated
9396,Falkland Islands (Malvinas),,,Native,Mammalia,Otariidae,Arctocephalus australis,South American Fur Seal,Appendix II – Trade regulated
9396,Peru,PE,PER,Native,Mammalia,Otariidae,Arctocephalus australis,South American Fur Seal,Appendix II – Trade regulated
9396,Uruguay,UY,URY,Native,Mammalia,Otariidae,Arctocephalus australis,South American Fur Seal,Appendix II – Trade regulated
3522,Australia,AU,AUS,Native,Mammalia,Otariidae,Arctocephalus forsteri,New Zealand Fur Seal,Appendix II – Trade regulated
3522,New Caledonia,NC,NCL,Native,Mammalia,Otariidae,Arctocephalus forsteri,New Zealand Fur Seal,Appendix II – Trade regulated
3522,New Zealand,NZ,NZL,Native,Mammalia,Otariidae,Arctocephalus forsteri,New Zealand Fur Seal,Appendix II – Trade regulated
3749,Colombia,CO,COL,Native,Mammalia,Otariidae,Arctocephalus galapagoensis,Galapagos Fur Seal,Appendix II – Trade regulated
3749,Ecuador,EC,ECU,Native,Mammalia,Otariidae,Arctocephalus galapagoensis,Galapagos Fur Seal,Appendix II – Trade regulated
3749,Mexico,MX,MEX,Native,Mammalia,Otariidae,Arctocephalus galapagoensis,Galapagos Fur Seal,Appendix II – Trade regulated
8289,Antarctica,AQ,ATA,Native,Mammalia,Otariidae,Arctocephalus gazella,Antarctic Fur Seal,Appendix II – Trade regulated
8289,Australia,AU,AUS,Native,Mammalia,Otariidae,Arctocephalus gazella,Antarctic Fur Seal,Appendix II – Trade regulated
8289,Bouvet Island,,,Native,Mammalia,Otariidae,Arctocephalus gazella,Antarctic Fur Seal,Appendix II – Trade regulated
8289,Brazil,BR,BRA,Native,Mammalia,Otariidae,Arctocephalus gazella,Antarctic Fur Seal,Appendix II – Trade regulated
8289,Chile,CL,CHL,Native,Mammalia,Otariidae,Arctocephalus gazella,Antarctic Fur Seal,Appendix II – Trade regulated
8289,French Southern and Antarctic Territories,,,Native,Mammalia,Otariidae,Arctocephalus gazella,Antarctic Fur Seal,Appendix II – Trade regulated
8289,Heard and McDonald Islands,,,Native,Mammalia,Otariidae,Arctocephalus gazella,Antarctic Fur Seal,Appendix II – Trade regulated
8289,South Africa,ZA,ZAF,Native,Mammalia,Otariidae,Arctocephalus gazella,Antarctic Fur Seal,Appendix II – Trade regulated
8289,South Georgia and South Sandwich Islands (United Kingdom),,,Native,Mammalia,Otariidae,Arctocephalus gazella,Antarctic Fur Seal,Appendix II – Trade regulated
3029,Chile,CL,CHL,Native,Mammalia,Otariidae,Arctocephalus philippii,Juan Fernandez Fur Seal,Appendix II – Trade regulated
3029,Peru,PE,PER,Native,Mammalia,Otariidae,Arctocephalus philippii,Juan Fernandez Fur Seal,Appendix II – Trade regulated
5620,Angola,AO,AGO,Native,Mammalia,Otariidae,Arctocephalus pusillus,Brown Fur Seal (Cape and Australian),Appendix II – Trade regulated
5620,Australia,AU,AUS,Native,Mammalia,Otariidae,Arctocephalus pusillus,Brown Fur Seal (Cape and Australian),Appendix II – Trade regulated
5620,Gabon,GA,GAB,Native,Mammalia,Otariidae,Arctocephalus pusillus,Brown Fur Seal (Cape and Australian),Appendix II – Trade regulated
5620,Mozambique,MZ,MOZ,Native,Mammalia,Otariidae,Arctocephalus pusillus,Brown Fur Seal (Cape and Australian),Appendix II – Trade regulated
5620,Namibia,NA,NAM,Native,Mammalia,Otariidae,Arctocephalus pusillus,Brown Fur Seal (Cape and Australian),Appendix II – Trade regulated
5620,South Africa,ZA,ZAF,Native,Mammalia,Otariidae,Arctocephalus pusillus,Brown Fur Seal (Cape and Australian),Appendix II – Trade regulated
8609,Mexico,MX,MEX,Native,Mammalia,Otariidae,Arctocephalus townsendi,Guadalupe Fur Seal,Appendix I – Species threatened with extinction
8609,United States of America,US,USA,Native,Mammalia,Otariidae,Arctocephalus townsendi,Guadalupe Fur Seal,Appendix I – Species threatened with extinction
5342,Argentina,AR,ARG,Native,Mammalia,Otariidae,Arctocephalus tropicalis,Subantarctic Fur Seal,Appendix II – Trade regulated
5342,Australia,AU,AUS,Native,Mammalia,Otariidae,Arctocephalus tropicalis,Subantarctic Fur Seal,Appendix II – Trade regulated
5342,Brazil,BR,BRA,Native,Mammalia,Otariidae,Arctocephalus tropicalis,Subantarctic Fur Seal,Appendix II – Trade regulated
5342,Chile,CL,CHL,Native,Mammalia,Otariidae,Arctocephalus tropicalis,Subantarctic Fur Seal,Appendix II – Trade regulated
5342,Comoros,KM,COM,Native,Mammalia,Otariidae,Arctocephalus tropicalis,Subantarctic Fur Seal,Appendix II – Trade regulated
5342,French Southern and Antarctic Territories,,,Native,Mammalia,Otariidae,Arctocephalus tropicalis,Subantarctic Fur Seal,Appendix II – Trade regulated
5342,Heard and McDonald Islands,,,Native,Mammalia,Otariidae,Arctocephalus tropicalis,Subantarctic Fur Seal,Appendix II – Trade regulated
5342,Madagascar,MG,MDG,Native,Mammalia,Otariidae,Arctocephalus tropicalis,Subantarctic Fur Seal,Appendix II – Trade regulated
5342,Namibia,NA,NAM,Native,Mammalia,Otariidae,Arctocephalus tropicalis,Subantarctic Fur Seal,Appendix II – Trade regulated
5342,New Zealand,NZ,NZL,Native,Mammalia,Otariidae,Arctocephalus tropicalis,Subantarctic Fur Seal,Appendix II – Trade regulated
5342,Saint Helena and Dependencies (United Kingdom),,,Native,Mammalia,Otariidae,Arctocephalus tropicalis,Subantarctic Fur Seal,Appendix II – Trade regulated
5342,South Africa,ZA,ZAF,Native,Mammalia,Otariidae,Arctocephalus tropicalis,Subantarctic Fur Seal,Appendix II – Trade regulated
5342,South Georgia and South Sandwich Islands (United Kingdom),,,Native,Mammalia,Otariidae,Arctocephalus tropicalis,Subantarctic Fur Seal,Appendix II – Trade regulated
5342,Uruguay,UY,URY,Native,Mammalia,Otariidae,Arctocephalus tropicalis,Subantarctic Fur Seal,Appendix II – Trade regulated
5907,Angola,AO,AGO,Native,Mammalia,Phocidae,Mirounga leonina,Southern Elephant Seal,Appendix II – Trade regulated
5907,Antarctica,AQ,ATA,Native,Mammalia,Phocidae,Mirounga leonina,Southern Elephant Seal,Appendix II – Trade regulated
5907,Argentina,AR,ARG,Native,Mammalia,Phocidae,Mirounga leonina,Southern Elephant Seal,Appendix II – Trade regulated
5907,Australia,AU,AUS,Native,Mammalia,Phocidae,Mirounga leonina,Southern Elephant Seal,Appendix II – Trade regulated
5907,Bouvet Island,,,Native,Mammalia,Phocidae,Mirounga leonina,Southern Elephant Seal,Appendix II – Trade regulated
5907,Brazil,BR,BRA,Native,Mammalia,Phocidae,Mirounga leonina,Southern Elephant Seal,Appendix II – Trade regulated
5907,Chile,CL,CHL,Native,Mammalia,Phocidae,Mirounga leonina,Southern Elephant Seal,Appendix II – Trade regulated
5907,Falkland Islands (Malvinas),,,Native,Mammalia,Phocidae,Mirounga leonina,Southern Elephant Seal,Appendix II – Trade regulated
5907,French Southern and Antarctic Territories,,,Native,Mammalia,Phocidae,Mirounga leonina,Southern Elephant Seal,Appendix II – Trade regulated
5907,Heard and McDonald Islands,,,Native,Mammalia,Phocidae,Mirounga leonina,Southern Elephant Seal,Appendix II – Trade regulated
5907,Namibia,NA,NAM,Native,Mammalia,Phocidae,Mirounga leonina,Southern Elephant Seal,Appendix II – Trade regulated
5907,New Zealand,NZ,NZL,Native,Mammalia,Phocidae,Mirounga leonina,Southern Elephant Seal,Appendix II – Trade regulated
5907,Oman,OM,OMN,Native,Mammalia,Phocidae,Mirounga leonina,Southern Elephant Seal,Appendix II – Trade regulated
5907,Peru,PE,PER,Native,Mammalia,Phocidae,Mirounga leonina,Southern Elephant Seal,Appendix II – Trade regulated
5907,Saint Helena and Dependencies (United Kingdom),,,Native,Mammalia,Phocidae,Mirounga leonina,Southern Elephant Seal,Appendix II – Trade regulated
5907,South Africa,ZA,ZAF,Native,Mammalia,Phocidae,Mirounga leonina,Southern Elephant Seal,Appendix II – Trade regulated
5907,South Georgia and South Sandwich Islands (United Kingdom),,,Native,Mammalia,Phocidae,Mirounga leonina,Southern Elephant Seal,Appendix II – Trade regulated
5907,Uruguay,UY,URY,Native,Mammalia,Phocidae,Mirounga leonina,Southern Elephant Seal,Appendix II – Trade regulated
10844,Algeria,DZ,DZA,Native,Mammalia,Phocidae,Monachus monachus,Mediterranean Monk Seal,Appendix I – Species threatened with extinction
10844,Cabo Verde,CV,CPV,Native,Mammalia,Phocidae,Monachus monachus,Mediterranean Monk Seal,Appendix I – Species threatened with extinction
10844,Cyprus,CY,CYP,Native,Mammalia,Phocidae,Monachus monachus,Mediterranean Monk Seal,Appendix I – Species threatened with extinction
10844,Gambia,GM,GMB,Native,Mammalia,Phocidae,Monachus monachus,Mediterranean Monk Seal,Appendix I – Species threatened with extinction
10844,Greece,GR,GRC,Native,Mammalia,Phocidae,Monachus monachus,Mediterranean Monk Seal,Appendix I – Species threatened with extinction
10844,Mauritania,MR,MRT,Native,Mammalia,Phocidae,Monachus monachus,Mediterranean Monk Seal,Appendix I – Species threatened with extinction
10844,Portugal,PT,PRT,Native,Mammalia,Phocidae,Monachus monachus,Mediterranean Monk Seal,Appendix I – Species threatened with extinction
10844,Russian Federation,,,Native,Mammalia,Phocidae,Monachus monachus,Mediterranean Monk Seal,Appendix I – Species threatened with extinction
10844,Senegal,SN,SEN,Native,Mammalia,Phocidae,Monachus monachus,Mediterranean Monk Seal,Appendix I – Species threatened with extinction
10844,Spain,ES,ESP,Native,Mammalia,Phocidae,Monachus monachus,Mediterranean Monk Seal,Appendix I – Species threatened with extinction
10844,T√ºrkiye,,,Native,Mammalia,Phocidae,Monachus monachus,Mediterranean Monk Seal,Appendix I – Species threatened with extinction
10844,Western Sahara,EH,ESH,Native,Mammalia,Phocidae,Monachus monachus,Mediterranean Monk Seal,Appendix I – Species threatened with extinction
10844,Egypt,EG,EGY,Extinct,Mammalia,Phocidae,Monachus monachus,Mediterranean Monk Seal,Appendix I – Species threatened with extinction
10844,France,-99,-99,Extinct,Mammalia,Phocidae,Monachus monachus,Mediterranean Monk Seal,Appendix I – Species threatened with extinction
10844,Georgia,GE,GEO,Extinct,Mammalia,Phocidae,Monachus monachus,Mediterranean Monk Seal,Appendix I – Species threatened with extinction
10844,Israel,IL,ISR,Extinct,Mammalia,Phocidae,Monachus monachus,Mediterranean Monk Seal,Appendix I – Species threatened with extinction
10844,Italy,IT,ITA,Extinct,Mammalia,Phocidae,Monachus monachus,Mediterranean Monk Seal,Appendix I – Species threatened with extinction
10844,Lebanon,LB,LBN,Extinct,Mammalia,Phocidae,Monachus monachus,Mediterranean Monk Seal,Appendix I – Species threatened with extinction
10844,Malta,MT,MLT,Extinct,Mammalia,Phocidae,Monachus monachus,Mediterranean Monk Seal,Appendix I – Species threatened with extinction
10844,Morocco,MA,MAR,Extinct,Mammalia,Phocidae,Monachus monachus,Mediterranean Monk Seal,Appendix I – Species threatened with extinction
10844,Syrian Arab Republic,,,Extinct,Mammalia,Phocidae,Monachus monachus,Mediterranean Monk Seal,Appendix I – Species threatened with extinction
5665,United States of America,US,USA,Native,Mammalia,Phocidae,Monachus schauinslandi,Hawaiian Monk Seal,Appendix I – Species threatened with extinction
6763,Bahamas,,,Extinct,Mammalia,Phocidae,Monachus tropicalis,Caribbean Monk Seal (extinct),Appendix I – Species threatened with extinction
6763,Colombia,CO,COL,Extinct,Mammalia,Phocidae,Monachus tropicalis,Caribbean Monk Seal (extinct),Appendix I – Species threatened with extinction
6763,Cuba,CU,CUB,Extinct,Mammalia,Phocidae,Monachus tropicalis,Caribbean Monk Seal (extinct),Appendix I – Species threatened with extinction
6763,Guadeloupe,,,Extinct,Mammalia,Phocidae,Monachus tropicalis,Caribbean Monk Seal (extinct),Appendix I – Species threatened with extinction
6763,Haiti,HT,HTI,Extinct,Mammalia,Phocidae,Monachus tropicalis,Caribbean Monk Seal (extinct),Appendix I – Species threatened with extinction
6763,Honduras,HN,HND,Extinct,Mammalia,Phocidae,Monachus tropicalis,Caribbean Monk Seal (extinct),Appendix I – Species threatened with extinction
6763,Jamaica,JM,JAM,Extinct,Mammalia,Phocidae,Monachus tropicalis,Caribbean Monk Seal (extinct),Appendix I – Species threatened with extinction
6763,Mexico,MX,MEX,Extinct,Mammalia,Phocidae,Monachus tropicalis,Caribbean Monk Seal (extinct),Appendix I – Species threatened with extinction
6763,Puerto Rico,PR,PRI,Extinct,Mammalia,Phocidae,Monachus tropicalis,Caribbean Monk Seal (extinct),Appendix I – Species threatened with extinction
6763,United States of America,US,USA,Extinct,Mammalia,Phocidae,Monachus tropicalis,Caribbean Monk Seal (extinct),Appendix I – Species threatened with extinction
9172,Belize,BZ,BLZ,Native,Mammalia,Procyonidae,Nasua narica,White-nosed Coati,Appendix III – National protection
9172,Colombia,CO,COL,Native,Mammalia,Procyonidae,Nasua narica,White-nosed Coati,Appendix III – National protection
9172,Costa Rica,CR,CRI,Native,Mammalia,Procyonidae,Nasua narica,White-nosed Coati,Appendix III – National protection
9172,Ecuador,EC,ECU,Native,Mammalia,Procyonidae,Nasua narica,White-nosed Coati,Appendix III – National protection
9172,El Salvador,SV,SLV,Native,Mammalia,Procyonidae,Nasua narica,White-nosed Coati,Appendix III – National protection
9172,Guatemala,GT,GTM,Native,Mammalia,Procyonidae,Nasua narica,White-nosed Coati,Appendix III – National protection
9172,Honduras,HN,HND,Native,Mammalia,Procyonidae,Nasua narica,White-nosed Coati,Appendix III – National protection
9172,Mexico,MX,MEX,Native,Mammalia,Procyonidae,Nasua narica,White-nosed Coati,Appendix III – National protection
9172,Nicaragua,NI,NIC,Native,Mammalia,Procyonidae,Nasua narica,White-nosed Coati,Appendix III – National protection
9172,Panama,PA,PAN,Native,Mammalia,Procyonidae,Nasua narica,White-nosed Coati,Appendix III – National protection
9172,Peru,PE,PER,Native,Mammalia,Procyonidae,Nasua narica,White-nosed Coati,Appendix III – National protection
9172,United States of America,US,USA,Native,Mammalia,Procyonidae,Nasua narica,White-nosed Coati,Appendix III – National protection
12253,Argentina,AR,ARG,Native,Mammalia,Procyonidae,Nasua nasua solitaria,South American Coati (solitary subspecies),Appendix III – National protection
12253,Brazil,BR,BRA,Native,Mammalia,Procyonidae,Nasua nasua solitaria,South American Coati (solitary subspecies),Appendix III – National protection
12253,Uruguay,UY,URY,Native,Mammalia,Procyonidae,Nasua nasua solitaria,South American Coati (solitary subspecies),Appendix III – National protection
10012,Belize,BZ,BLZ,Native,Mammalia,Procyonidae,Potos flavus,Kinkajou,Appendix III – National protection
10012,Bolivia (Plurinational State of),,,Native,Mammalia,Procyonidae,Potos flavus,Kinkajou,Appendix III – National protection
10012,Brazil,BR,BRA,Native,Mammalia,Procyonidae,Potos flavus,Kinkajou,Appendix III – National protection
10012,Colombia,CO,COL,Native,Mammalia,Procyonidae,Potos flavus,Kinkajou,Appendix III – National protection
10012,Costa Rica,CR,CRI,Native,Mammalia,Procyonidae,Potos flavus,Kinkajou,Appendix III – National protection
10012,Ecuador,EC,ECU,Native,Mammalia,Procyonidae,Potos flavus,Kinkajou,Appendix III – National protection
10012,El Salvador,SV,SLV,Native,Mammalia,Procyonidae,Potos flavus,Kinkajou,Appendix III – National protection
10012,French Guiana [FR],,,Native,Mammalia,Procyonidae,Potos flavus,Kinkajou,Appendix III – National protection
10012,Guatemala,GT,GTM,Native,Mammalia,Procyonidae,Potos flavus,Kinkajou,Appendix III – National protection
10012,Guyana,GY,GUY,Native,Mammalia,Procyonidae,Potos flavus,Kinkajou,Appendix III – National protection
10012,Honduras,HN,HND,Native,Mammalia,Procyonidae,Potos flavus,Kinkajou,Appendix III – National protection
10012,Mexico,MX,MEX,Native,Mammalia,Procyonidae,Potos flavus,Kinkajou,Appendix III – National protection
10012,Nicaragua,NI,NIC,Native,Mammalia,Procyonidae,Potos flavus,Kinkajou,Appendix III – National protection
10012,Panama,PA,PAN,Native,Mammalia,Procyonidae,Potos flavus,Kinkajou,Appendix III – National protection
10012,Peru,PE,PER,Native,Mammalia,Procyonidae,Potos flavus,Kinkajou,Appendix III – National protection
10012,Suriname,SR,SUR,Native,Mammalia,Procyonidae,Potos flavus,Kinkajou,Appendix III – National protection
10012,Venezuela (Bolivarian Republic of),,,Native,Mammalia,Procyonidae,Potos flavus,Kinkajou,Appendix III – National protection
3057,China,CN,CHN,Native,Mammalia,Ursidae,Ailuropoda melanoleuca,Giant Panda,Appendix I – Species threatened with extinction
8151,Brunei Darussalam,,,Native,Mammalia,Ursidae,Helarctos malayanus,Sun Bear,Appendix I – Species threatened with extinction
8151,Cambodia,KH,KHM,Native,Mammalia,Ursidae,Helarctos malayanus,Sun Bear,Appendix I – Species threatened with extinction
8151,China,CN,CHN,Native,Mammalia,Ursidae,Helarctos malayanus,Sun Bear,Appendix I – Species threatened with extinction
8151,India,IN,IND,Native,Mammalia,Ursidae,Helarctos malayanus,Sun Bear,Appendix I – Species threatened with extinction
8151,Indonesia,ID,IDN,Native,Mammalia,Ursidae,Helarctos malayanus,Sun Bear,Appendix I – Species threatened with extinction
8151,Lao People's Democratic Republic,,,Native,Mammalia,Ursidae,Helarctos malayanus,Sun Bear,Appendix I – Species threatened with extinction
8151,Malaysia,MY,MYS,Native,Mammalia,Ursidae,Helarctos malayanus,Sun Bear,Appendix I – Species threatened with extinction
8151,Myanmar,MM,MMR,Native,Mammalia,Ursidae,Helarctos malayanus,Sun Bear,Appendix I – Species threatened with extinction
8151,Thailand,TH,THA,Native,Mammalia,Ursidae,Helarctos malayanus,Sun Bear,Appendix I – Species threatened with extinction
8151,Viet Nam,,,Native,Mammalia,Ursidae,Helarctos malayanus,Sun Bear,Appendix I – Species threatened with extinction
8151,Bangladesh,BD,BGD,Extinct,Mammalia,Ursidae,Helarctos malayanus,Sun Bear,Appendix I – Species threatened with extinction
7567,Bangladesh,BD,BGD,Native,Mammalia,Ursidae,Melursus ursinus,Sloth Bear,Appendix I – Species threatened with extinction
7567,Bhutan,BT,BTN,Native,Mammalia,Ursidae,Melursus ursinus,Sloth Bear,Appendix I – Species threatened with extinction
7567,India,IN,IND,Native,Mammalia,Ursidae,Melursus ursinus,Sloth Bear,Appendix I – Species threatened with extinction
7567,Nepal,NP,NPL,Native,Mammalia,Ursidae,Melursus ursinus,Sloth Bear,Appendix I – Species threatened with extinction
7567,Sri Lanka,LK,LKA,Native,Mammalia,Ursidae,Melursus ursinus,Sloth Bear,Appendix I – Species threatened with extinction
10071,Bolivia (Plurinational State of),,,Native,Mammalia,Ursidae,Tremarctos ornatus,Spectacled Bear,Appendix I – Species threatened with extinction
10071,Colombia,CO,COL,Native,Mammalia,Ursidae,Tremarctos ornatus,Spectacled Bear,Appendix I – Species threatened with extinction
10071,Ecuador,EC,ECU,Native,Mammalia,Ursidae,Tremarctos ornatus,Spectacled Bear,Appendix I – Species threatened with extinction
10071,Peru,PE,PER,Native,Mammalia,Ursidae,Tremarctos ornatus,Spectacled Bear,Appendix I – Species threatened with extinction
10071,Venezuela (Bolivarian Republic of),,,Native,Mammalia,Ursidae,Tremarctos ornatus,Spectacled Bear,Appendix I – Species threatened with extinction
6525,Canada,CA,CAN,Native,Mammalia,Ursidae,Ursus americanus,American Black Bear,Appendix II – Trade regulated
6525,Mexico,MX,MEX,Native,Mammalia,Ursidae,Ursus americanus,American Black Bear,Appendix II – Trade regulated
6525,United States of America,US,USA,Native,Mammalia,Ursidae,Ursus americanus,American Black Bear,Appendix II – Trade regulated
12206,Afghanistan,AF,AFG,Native,Mammalia,Ursidae,Ursus arctos isabellinus,Himalayan Brown Bear,Appendix I – Species threatened with extinction
12206,China,CN,CHN,Native,Mammalia,Ursidae,Ursus arctos isabellinus,Himalayan Brown Bear,Appendix I – Species threatened with extinction
12206,India,IN,IND,Native,Mammalia,Ursidae,Ursus arctos isabellinus,Himalayan Brown Bear,Appendix I – Species threatened with extinction
12206,Kazakhstan,KZ,KAZ,Native,Mammalia,Ursidae,Ursus arctos isabellinus,Himalayan Brown Bear,Appendix I – Species threatened with extinction
12206,Kyrgyzstan,KG,KGZ,Native,Mammalia,Ursidae,Ursus arctos isabellinus,Himalayan Brown Bear,Appendix I – Species threatened with extinction
12206,Mongolia,MN,MNG,Native,Mammalia,Ursidae,Ursus arctos isabellinus,Himalayan Brown Bear,Appendix I – Species threatened with extinction
12206,Nepal,NP,NPL,Native,Mammalia,Ursidae,Ursus arctos isabellinus,Himalayan Brown Bear,Appendix I – Species threatened with extinction
12206,Pakistan,PK,PAK,Native,Mammalia,Ursidae,Ursus arctos isabellinus,Himalayan Brown Bear,Appendix I – Species threatened with extinction
12206,Tajikistan,TJ,TJK,Native,Mammalia,Ursidae,Ursus arctos isabellinus,Himalayan Brown Bear,Appendix I – Species threatened with extinction
12206,Uzbekistan,UZ,UZB,Native,Mammalia,Ursidae,Ursus arctos isabellinus,Himalayan Brown Bear,Appendix I – Species threatened with extinction
9128,Canada,CA,CAN,Native,Mammalia,Ursidae,Ursus maritimus,Polar Bear,Appendix II – Trade regulated
9128,Greenland,GL,GRL,Native,Mammalia,Ursidae,Ursus maritimus,Polar Bear,Appendix II – Trade regulated
9128,Iceland,IS,ISL,Native,Mammalia,Ursidae,Ursus maritimus,Polar Bear,Appendix II – Trade regulated
9128,Norway,-99,-99,Native,Mammalia,Ursidae,Ursus maritimus,Polar Bear,Appendix II – Trade regulated
9128,Russian Federation,,,Native,Mammalia,Ursidae,Ursus maritimus,Polar Bear,Appendix II – Trade regulated
9128,Svalbard and Jan Mayen Islands,,,Native,Mammalia,Ursidae,Ursus maritimus,Polar Bear,Appendix II – Trade regulated
9128,United States of America,US,USA,Native,Mammalia,Ursidae,Ursus maritimus,Polar Bear,Appendix II – Trade regulated
3570,Afghanistan,AF,AFG,Native,Mammalia,Ursidae,Ursus thibetanus,Asian Black Bear,Appendix I – Species threatened with extinction
3570,Bangladesh,BD,BGD,Native,Mammalia,Ursidae,Ursus thibetanus,Asian Black Bear,Appendix I – Species threatened with extinction
3570,Bhutan,BT,BTN,Native,Mammalia,Ursidae,Ursus thibetanus,Asian Black Bear,Appendix I – Species threatened with extinction
3570,Cambodia,KH,KHM,Native,Mammalia,Ursidae,Ursus thibetanus,Asian Black Bear,Appendix I – Species threatened with extinction
3570,China,CN,CHN,Native,Mammalia,Ursidae,Ursus thibetanus,Asian Black Bear,Appendix I – Species threatened with extinction
3570,Democratic People's Republic of Korea,,,Native,Mammalia,Ursidae,Ursus thibetanus,Asian Black Bear,Appendix I – Species threatened with extinction
3570,India,IN,IND,Native,Mammalia,Ursidae,Ursus thibetanus,Asian Black Bear,Appendix I – Species threatened with extinction
3570,Iran (Islamic Republic of),,,Native,Mammalia,Ursidae,Ursus thibetanus,Asian Black Bear,Appendix I – Species threatened with extinction
3570,Japan,JP,JPN,Native,Mammalia,Ursidae,Ursus thibetanus,Asian Black Bear,Appendix I – Species threatened with extinction
3570,Lao People's Democratic Republic,,,Native,Mammalia,Ursidae,Ursus thibetanus,Asian Black Bear,Appendix I – Species threatened with extinction
3570,Mongolia,MN,MNG,Native,Mammalia,Ursidae,Ursus thibetanus,Asian Black Bear,Appendix I – Species threatened with extinction
3570,Myanmar,MM,MMR,Native,Mammalia,Ursidae,Ursus thibetanus,Asian Black Bear,Appendix I – Species threatened with extinction
3570,Nepal,NP,NPL,Native,Mammalia,Ursidae,Ursus thibetanus,Asian Black Bear,Appendix I – Species threatened with extinction
3570,Pakistan,PK,PAK,Native,Mammalia,Ursidae,Ursus thibetanus,Asian Black Bear,Appendix I – Species threatened with extinction
3570,Republic of Korea,,,Native,Mammalia,Ursidae,Ursus thibetanus,Asian Black Bear,Appendix I – Species threatened with extinction
3570,Russian Federation,,,Native,Mammalia,Ursidae,Ursus thibetanus,Asian Black Bear,Appendix I – Species threatened with extinction
3570,Taiwan,CN-TW,TWN,Native,Mammalia,Ursidae,Ursus thibetanus,Asian Black Bear,Appendix I – Species threatened with extinction
3570,Province of China,,,Native,Mammalia,Ursidae,Ursus thibetanus,Asian Black Bear,Appendix I – Species threatened with extinction
3570,Thailand,TH,THA,Native,Mammalia,Ursidae,Ursus thibetanus,Asian Black Bear,Appendix I – Species threatened with extinction
3570,Viet Nam,,,Native,Mammalia,Ursidae,Ursus thibetanus,Asian Black Bear,Appendix I – Species threatened with extinction
10356,Bangladesh,BD,BGD,Native,Mammalia,Viverridae,Arctictis binturong,Binturong,Appendix III – National protection
10356,Bhutan,BT,BTN,Native,Mammalia,Viverridae,Arctictis binturong,Binturong,Appendix III – National protection
10356,Cambodia,KH,KHM,Native,Mammalia,Viverridae,Arctictis binturong,Binturong,Appendix III – National protection
10356,China,CN,CHN,Native,Mammalia,Viverridae,Arctictis binturong,Binturong,Appendix III – National protection
10356,India,IN,IND,Native,Mammalia,Viverridae,Arctictis binturong,Binturong,Appendix III – National protection
10356,Indonesia,ID,IDN,Native,Mammalia,Viverridae,Arctictis binturong,Binturong,Appendix III – National protection
10356,Lao People's Democratic Republic,,,Native,Mammalia,Viverridae,Arctictis binturong,Binturong,Appendix III – National protection
10356,Malaysia,MY,MYS,Native,Mammalia,Viverridae,Arctictis binturong,Binturong,Appendix III – National protection
10356,Myanmar,MM,MMR,Native,Mammalia,Viverridae,Arctictis binturong,Binturong,Appendix III – National protection
10356,Nepal,NP,NPL,Native,Mammalia,Viverridae,Arctictis binturong,Binturong,Appendix III – National protection
10356,Philippines,PH,PHL,Native,Mammalia,Viverridae,Arctictis binturong,Binturong,Appendix III – National protection
10356,Thailand,TH,THA,Native,Mammalia,Viverridae,Arctictis binturong,Binturong,Appendix III – National protection
10356,Viet Nam,,,Native,Mammalia,Viverridae,Arctictis binturong,Binturong,Appendix III – National protection
10356,Singapore,SG,SGP,Extinct,Mammalia,Viverridae,Arctictis binturong,Binturong,Appendix III – National protection
10223,Angola,AO,AGO,Native,Mammalia,Viverridae,Civettictis civetta,African Civet,Appendix III – National protection
10223,Benin,BJ,BEN,Native,Mammalia,Viverridae,Civettictis civetta,African Civet,Appendix III – National protection
10223,Botswana,BW,BWA,Native,Mammalia,Viverridae,Civettictis civetta,African Civet,Appendix III – National protection
10223,Burkina Faso,BF,BFA,Native,Mammalia,Viverridae,Civettictis civetta,African Civet,Appendix III – National protection
10223,Cameroon,CM,CMR,Native,Mammalia,Viverridae,Civettictis civetta,African Civet,Appendix III – National protection
10223,Central African Republic,CF,CAF,Native,Mammalia,Viverridae,Civettictis civetta,African Civet,Appendix III – National protection
10223,Chad,TD,TCD,Native,Mammalia,Viverridae,Civettictis civetta,African Civet,Appendix III – National protection
10223,Congo,,,Native,Mammalia,Viverridae,Civettictis civetta,African Civet,Appendix III – National protection
10223,C√¥te d'Ivoire,,,Native,Mammalia,Viverridae,Civettictis civetta,African Civet,Appendix III – National protection
10223,Democratic Republic of the Congo,CD,COD,Native,Mammalia,Viverridae,Civettictis civetta,African Civet,Appendix III – National protection
10223,Djibouti,DJ,DJI,Native,Mammalia,Viverridae,Civettictis civetta,African Civet,Appendix III – National protection
10223,Equatorial Guinea,GQ,GNQ,Native,Mammalia,Viverridae,Civettictis civetta,African Civet,Appendix III – National protection
10223,Eswatini,,,Native,Mammalia,Viverridae,Civettictis civetta,African Civet,Appendix III – National protection
10223,Ethiopia,ET,ETH,Native,Mammalia,Viverridae,Civettictis civetta,African Civet,Appendix III – National protection
10223,Gabon,GA,GAB,Native,Mammalia,Viverridae,Civettictis civetta,African Civet,Appendix III – National protection
10223,Gambia,GM,GMB,Native,Mammalia,Viverridae,Civettictis civetta,African Civet,Appendix III – National protection
10223,Ghana,GH,GHA,Native,Mammalia,Viverridae,Civettictis civetta,African Civet,Appendix III – National protection
10223,Guinea,GN,GIN,Native,Mammalia,Viverridae,Civettictis civetta,African Civet,Appendix III – National protection
10223,Kenya,KE,KEN,Native,Mammalia,Viverridae,Civettictis civetta,African Civet,Appendix III – National protection
10223,Liberia,LR,LBR,Native,Mammalia,Viverridae,Civettictis civetta,African Civet,Appendix III – National protection
10223,Malawi,MW,MWI,Native,Mammalia,Viverridae,Civettictis civetta,African Civet,Appendix III – National protection
10223,Mali,ML,MLI,Native,Mammalia,Viverridae,Civettictis civetta,African Civet,Appendix III – National protection
10223,Mauritania,MR,MRT,Native,Mammalia,Viverridae,Civettictis civetta,African Civet,Appendix III – National protection
10223,Mozambique,MZ,MOZ,Native,Mammalia,Viverridae,Civettictis civetta,African Civet,Appendix III – National protection
10223,Namibia,NA,NAM,Native,Mammalia,Viverridae,Civettictis civetta,African Civet,Appendix III – National protection
10223,Niger,NE,NER,Native,Mammalia,Viverridae,Civettictis civetta,African Civet,Appendix III – National protection
10223,Nigeria,NG,NGA,Native,Mammalia,Viverridae,Civettictis civetta,African Civet,Appendix III – National protection
10223,Rwanda,RW,RWA,Native,Mammalia,Viverridae,Civettictis civetta,African Civet,Appendix III – National protection
10223,Senegal,SN,SEN,Native,Mammalia,Viverridae,Civettictis civetta,African Civet,Appendix III – National protection
10223,Sierra Leone,SL,SLE,Native,Mammalia,Viverridae,Civettictis civetta,African Civet,Appendix III – National protection
10223,Somalia,SO,SOM,Native,Mammalia,Viverridae,Civettictis civetta,African Civet,Appendix III – National protection
10223,South Africa,ZA,ZAF,Native,Mammalia,Viverridae,Civettictis civetta,African Civet,Appendix III – National protection
10223,South Sudan,SS,SSD,Native,Mammalia,Viverridae,Civettictis civetta,African Civet,Appendix III – National protection
10223,Sudan,SD,SDN,Native,Mammalia,Viverridae,Civettictis civetta,African Civet,Appendix III – National protection
10223,Togo,TG,TGO,Native,Mammalia,Viverridae,Civettictis civetta,African Civet,Appendix III – National protection
10223,Uganda,UG,UGA,Native,Mammalia,Viverridae,Civettictis civetta,African Civet,Appendix III – National protection
10223,United Republic of Tanzania,TZ,TZA,Native,Mammalia,Viverridae,Civettictis civetta,African Civet,Appendix III – National protection
10223,Zambia,ZM,ZMB,Native,Mammalia,Viverridae,Civettictis civetta,African Civet,Appendix III – National protection
10223,Zimbabwe,ZW,ZWE,Native,Mammalia,Viverridae,Civettictis civetta,African Civet,Appendix III – National protection
10223,Sao Tome and Principe,,,Introduced,Mammalia,Viverridae,Civettictis civetta,African Civet,Appendix III – National protection
10884,Brunei Darussalam,,,Native,Mammalia,Viverridae,Cynogale bennettii,Otter Civet,Appendix II – Trade regulated
10884,Indonesia,ID,IDN,Native,Mammalia,Viverridae,Cynogale bennettii,Otter Civet,Appendix II – Trade regulated
10884,Malaysia,MY,MYS,Native,Mammalia,Viverridae,Cynogale bennettii,Otter Civet,Appendix II – Trade regulated
10884,Thailand,TH,THA,Native,Mammalia,Viverridae,Cynogale bennettii,Otter Civet,Appendix II – Trade regulated
10884,Viet Nam,,,Native,Mammalia,Viverridae,Cynogale bennettii,Otter Civet,Appendix II – Trade regulated
10884,Singapore,SG,SGP,Extinct,Mammalia,Viverridae,Cynogale bennettii,Otter Civet,Appendix II – Trade regulated
6327,Brunei Darussalam,,,Native,Mammalia,Viverridae,Hemigalus derbyanus,Banded Palm Civet,Appendix II – Trade regulated
6327,Indonesia,ID,IDN,Native,Mammalia,Viverridae,Hemigalus derbyanus,Banded Palm Civet,Appendix II – Trade regulated
6327,Malaysia,MY,MYS,Native,Mammalia,Viverridae,Hemigalus derbyanus,Banded Palm Civet,Appendix II – Trade regulated
6327,Myanmar,MM,MMR,Native,Mammalia,Viverridae,Hemigalus derbyanus,Banded Palm Civet,Appendix II – Trade regulated
6327,Thailand,TH,THA,Native,Mammalia,Viverridae,Hemigalus derbyanus,Banded Palm Civet,Appendix II – Trade regulated
4655,Afghanistan,AF,AFG,Native,Mammalia,Viverridae,Paguma larvata,Masked Palm Civet,Appendix III – National protection
4655,Bangladesh,BD,BGD,Native,Mammalia,Viverridae,Paguma larvata,Masked Palm Civet,Appendix III – National protection
4655,Bhutan,BT,BTN,Native,Mammalia,Viverridae,Paguma larvata,Masked Palm Civet,Appendix III – National protection
4655,Brunei Darussalam,,,Native,Mammalia,Viverridae,Paguma larvata,Masked Palm Civet,Appendix III – National protection
4655,Cambodia,KH,KHM,Native,Mammalia,Viverridae,Paguma larvata,Masked Palm Civet,Appendix III – National protection
4655,China,CN,CHN,Native,Mammalia,Viverridae,Paguma larvata,Masked Palm Civet,Appendix III – National protection
4655,Hong Kong,,,Native,Mammalia,Viverridae,Paguma larvata,Masked Palm Civet,Appendix III – National protection
4655,SAR,,,Native,Mammalia,Viverridae,Paguma larvata,Masked Palm Civet,Appendix III – National protection
4655,India,IN,IND,Native,Mammalia,Viverridae,Paguma larvata,Masked Palm Civet,Appendix III – National protection
4655,Indonesia,ID,IDN,Native,Mammalia,Viverridae,Paguma larvata,Masked Palm Civet,Appendix III – National protection
4655,Lao People's Democratic Republic,,,Native,Mammalia,Viverridae,Paguma larvata,Masked Palm Civet,Appendix III – National protection
4655,Malaysia,MY,MYS,Native,Mammalia,Viverridae,Paguma larvata,Masked Palm Civet,Appendix III – National protection
4655,Myanmar,MM,MMR,Native,Mammalia,Viverridae,Paguma larvata,Masked Palm Civet,Appendix III – National protection
4655,Nepal,NP,NPL,Native,Mammalia,Viverridae,Paguma larvata,Masked Palm Civet,Appendix III – National protection
4655,Pakistan,PK,PAK,Native,Mammalia,Viverridae,Paguma larvata,Masked Palm Civet,Appendix III – National protection
4655,Sri Lanka,LK,LKA,Native,Mammalia,Viverridae,Paguma larvata,Masked Palm Civet,Appendix III – National protection
4655,Taiwan,CN-TW,TWN,Native,Mammalia,Viverridae,Paguma larvata,Masked Palm Civet,Appendix III – National protection
4655,Province of China,,,Native,Mammalia,Viverridae,Paguma larvata,Masked Palm Civet,Appendix III – National protection
4655,Thailand,TH,THA,Native,Mammalia,Viverridae,Paguma larvata,Masked Palm Civet,Appendix III – National protection
4655,Viet Nam,,,Native,Mammalia,Viverridae,Paguma larvata,Masked Palm Civet,Appendix III – National protection
4655,Japan,JP,JPN,Introduced,Mammalia,Viverridae,Paguma larvata,Masked Palm Civet,Appendix III – National protection
4655,Singapore,SG,SGP,Extinct,Mammalia,Viverridae,Paguma larvata,Masked Palm Civet,Appendix III – National protection
4282,Bangladesh,BD,BGD,Native,Mammalia,Viverridae,Paradoxurus hermaphroditus,Common Palm Civet,Appendix III – National protection
4282,Bhutan,BT,BTN,Native,Mammalia,Viverridae,Paradoxurus hermaphroditus,Common Palm Civet,Appendix III – National protection
4282,Cambodia,KH,KHM,Native,Mammalia,Viverridae,Paradoxurus hermaphroditus,Common Palm Civet,Appendix III – National protection
4282,China,CN,CHN,Native,Mammalia,Viverridae,Paradoxurus hermaphroditus,Common Palm Civet,Appendix III – National protection
4282,India,IN,IND,Native,Mammalia,Viverridae,Paradoxurus hermaphroditus,Common Palm Civet,Appendix III – National protection
4282,Indonesia,ID,IDN,Native,Mammalia,Viverridae,Paradoxurus hermaphroditus,Common Palm Civet,Appendix III – National protection
4282,Lao People's Democratic Republic,,,Native,Mammalia,Viverridae,Paradoxurus hermaphroditus,Common Palm Civet,Appendix III – National protection
4282,Malaysia,MY,MYS,Native,Mammalia,Viverridae,Paradoxurus hermaphroditus,Common Palm Civet,Appendix III – National protection
4282,Myanmar,MM,MMR,Native,Mammalia,Viverridae,Paradoxurus hermaphroditus,Common Palm Civet,Appendix III – National protection
4282,Nepal,NP,NPL,Native,Mammalia,Viverridae,Paradoxurus hermaphroditus,Common Palm Civet,Appendix III – National protection
4282,Pakistan,PK,PAK,Native,Mammalia,Viverridae,Paradoxurus hermaphroditus,Common Palm Civet,Appendix III – National protection
4282,Papua New Guinea,PG,PNG,Native,Mammalia,Viverridae,Paradoxurus hermaphroditus,Common Palm Civet,Appendix III – National protection
4282,Philippines,PH,PHL,Native,Mammalia,Viverridae,Paradoxurus hermaphroditus,Common Palm Civet,Appendix III – National protection
4282,Singapore,SG,SGP,Native,Mammalia,Viverridae,Paradoxurus hermaphroditus,Common Palm Civet,Appendix III – National protection
4282,Sri Lanka,LK,LKA,Native,Mammalia,Viverridae,Paradoxurus hermaphroditus,Common Palm Civet,Appendix III – National protection
4282,Thailand,TH,THA,Native,Mammalia,Viverridae,Paradoxurus hermaphroditus,Common Palm Civet,Appendix III – National protection
4282,Viet Nam,,,Native,Mammalia,Viverridae,Paradoxurus hermaphroditus,Common Palm Civet,Appendix III – National protection
6090,India,IN,IND,Native,Mammalia,Viverridae,Paradoxurus jerdoni,Jerdon's Palm Civet,Appendix III – National protection
3285,Brunei Darussalam,,,Native,Mammalia,Viverridae,Prionodon linsang,Banded Linsang,Appendix II – Trade regulated
3285,Indonesia,ID,IDN,Native,Mammalia,Viverridae,Prionodon linsang,Banded Linsang,Appendix II – Trade regulated
3285,Malaysia,MY,MYS,Native,Mammalia,Viverridae,Prionodon linsang,Banded Linsang,Appendix II – Trade regulated
3285,Myanmar,MM,MMR,Native,Mammalia,Viverridae,Prionodon linsang,Banded Linsang,Appendix II – Trade regulated
3285,Thailand,TH,THA,Native,Mammalia,Viverridae,Prionodon linsang,Banded Linsang,Appendix II – Trade regulated
7442,Cambodia,KH,KHM,Native,Mammalia,Viverridae,Prionodon pardicolor,Spotted Linsang,Appendix I – Species threatened with extinction
7442,China,CN,CHN,Native,Mammalia,Viverridae,Prionodon pardicolor,Spotted Linsang,Appendix I – Species threatened with extinction
7442,India,IN,IND,Native,Mammalia,Viverridae,Prionodon pardicolor,Spotted Linsang,Appendix I – Species threatened with extinction
7442,Lao People's Democratic Republic,,,Native,Mammalia,Viverridae,Prionodon pardicolor,Spotted Linsang,Appendix I – Species threatened with extinction
7442,Myanmar,MM,MMR,Native,Mammalia,Viverridae,Prionodon pardicolor,Spotted Linsang,Appendix I – Species threatened with extinction
7442,Nepal,NP,NPL,Native,Mammalia,Viverridae,Prionodon pardicolor,Spotted Linsang,Appendix I – Species threatened with extinction
7442,Thailand,TH,THA,Native,Mammalia,Viverridae,Prionodon pardicolor,Spotted Linsang,Appendix I – Species threatened with extinction
7442,Viet Nam,,,Native,Mammalia,Viverridae,Prionodon pardicolor,Spotted Linsang,Appendix I – Species threatened with extinction
3685,India,IN,IND,Native,Mammalia,Viverridae,Viverra civettina,Malabar Civet,Appendix III – National protection
11288,Bangladesh,BD,BGD,Native,Mammalia,Viverridae,Viverra zibetha,Large Indian Civet,Appendix III – National protection
11288,Bhutan,BT,BTN,Native,Mammalia,Viverridae,Viverra zibetha,Large Indian Civet,Appendix III – National protection
11288,Cambodia,KH,KHM,Native,Mammalia,Viverridae,Viverra zibetha,Large Indian Civet,Appendix III – National protection
11288,China,CN,CHN,Native,Mammalia,Viverridae,Viverra zibetha,Large Indian Civet,Appendix III – National protection
11288,Hong Kong,,,Native,Mammalia,Viverridae,Viverra zibetha,Large Indian Civet,Appendix III – National protection
11288,SAR,,,Native,Mammalia,Viverridae,Viverra zibetha,Large Indian Civet,Appendix III – National protection
11288,India,IN,IND,Native,Mammalia,Viverridae,Viverra zibetha,Large Indian Civet,Appendix III – National protection
11288,Indonesia,ID,IDN,Native,Mammalia,Viverridae,Viverra zibetha,Large Indian Civet,Appendix III – National protection
11288,Lao People's Democratic Republic,,,Native,Mammalia,Viverridae,Viverra zibetha,Large Indian Civet,Appendix III – National protection
11288,Malaysia,MY,MYS,Native,Mammalia,Viverridae,Viverra zibetha,Large Indian Civet,Appendix III – National protection
11288,Myanmar,MM,MMR,Native,Mammalia,Viverridae,Viverra zibetha,Large Indian Civet,Appendix III – National protection
11288,Nepal,NP,NPL,Native,Mammalia,Viverridae,Viverra zibetha,Large Indian Civet,Appendix III – National protection
11288,Singapore,SG,SGP,Native,Mammalia,Viverridae,Viverra zibetha,Large Indian Civet,Appendix III – National protection
11288,Thailand,TH,THA,Native,Mammalia,Viverridae,Viverra zibetha,Large Indian Civet,Appendix III – National protection
11288,Viet Nam,,,Native,Mammalia,Viverridae,Viverra zibetha,Large Indian Civet,Appendix III – National protection
8845,Afghanistan,AF,AFG,Native,Mammalia,Viverridae,Viverricula indica,Small Indian Civet,Appendix III – National protection
8845,Bangladesh,BD,BGD,Native,Mammalia,Viverridae,Viverricula indica,Small Indian Civet,Appendix III – National protection
8845,Bhutan,BT,BTN,Native,Mammalia,Viverridae,Viverricula indica,Small Indian Civet,Appendix III – National protection
8845,Cambodia,KH,KHM,Native,Mammalia,Viverridae,Viverricula indica,Small Indian Civet,Appendix III – National protection
8845,China,CN,CHN,Native,Mammalia,Viverridae,Viverricula indica,Small Indian Civet,Appendix III – National protection
8845,Hong Kong,,,Native,Mammalia,Viverridae,Viverricula indica,Small Indian Civet,Appendix III – National protection
8845,SAR,,,Native,Mammalia,Viverridae,Viverricula indica,Small Indian Civet,Appendix III – National protection
8845,India,IN,IND,Native,Mammalia,Viverridae,Viverricula indica,Small Indian Civet,Appendix III – National protection
8845,Indonesia,ID,IDN,Native,Mammalia,Viverridae,Viverricula indica,Small Indian Civet,Appendix III – National protection
8845,Lao People's Democratic Republic,,,Native,Mammalia,Viverridae,Viverricula indica,Small Indian Civet,Appendix III – National protection
8845,Malaysia,MY,MYS,Native,Mammalia,Viverridae,Viverricula indica,Small Indian Civet,Appendix III – National protection
8845,Myanmar,MM,MMR,Native,Mammalia,Viverridae,Viverricula indica,Small Indian Civet,Appendix III – National protection
8845,Nepal,NP,NPL,Native,Mammalia,Viverridae,Viverricula indica,Small Indian Civet,Appendix III – National protection
8845,Pakistan,PK,PAK,Native,Mammalia,Viverridae,Viverricula indica,Small Indian Civet,Appendix III – National protection
8845,Singapore,SG,SGP,Native,Mammalia,Viverridae,Viverricula indica,Small Indian Civet,Appendix III – National protection
8845,Sri Lanka,LK,LKA,Native,Mammalia,Viverridae,Viverricula indica,Small Indian Civet,Appendix III – National protection
8845,Taiwan,CN-TW,TWN,Native,Mammalia,Viverridae,Viverricula indica,Small Indian Civet,Appendix III – National protection
8845,Province of China,,,Native,Mammalia,Viverridae,Viverricula indica,Small Indian Civet,Appendix III – National protection
8845,Thailand,TH,THA,Native,Mammalia,Viverridae,Viverricula indica,Small Indian Civet,Appendix III – National protection
8845,Viet Nam,,,Native,Mammalia,Viverridae,Viverricula indica,Small Indian Civet,Appendix III – National protection
8845,Comoros,KM,COM,Introduced,Mammalia,Viverridae,Viverricula indica,Small Indian Civet,Appendix III – National protection
8845,Madagascar,MG,MDG,Introduced,Mammalia,Viverridae,Viverricula indica,Small Indian Civet,Appendix III – National protection
8845,Philippines,PH,PHL,Introduced,Mammalia,Viverridae,Viverricula indica,Small Indian Civet,Appendix III – National protection
8845,United Republic of Tanzania,TZ,TZA,Introduced,Mammalia,Viverridae,Viverricula indica,Small Indian Civet,Appendix III – National protection
8845,Yemen,YE,YEM,Introduced,Mammalia,Viverridae,Viverricula indica,Small Indian Civet,Appendix III – National protection
7903,Canada,CA,CAN,Native,Mammalia,Balaenidae,Balaena mysticetus,Bowhead Whale,Appendix I – Species threatened with extinction
7903,Democratic People's Republic of Korea,,,Native,Mammalia,Balaenidae,Balaena mysticetus,Bowhead Whale,Appendix I – Species threatened with extinction
7903,Greenland,GL,GRL,Native,Mammalia,Balaenidae,Balaena mysticetus,Bowhead Whale,Appendix I – Species threatened with extinction
7903,Iceland,IS,ISL,Native,Mammalia,Balaenidae,Balaena mysticetus,Bowhead Whale,Appendix I – Species threatened with extinction
7903,Japan,JP,JPN,Native,Mammalia,Balaenidae,Balaena mysticetus,Bowhead Whale,Appendix I – Species threatened with extinction
7903,Norway,-99,-99,Native,Mammalia,Balaenidae,Balaena mysticetus,Bowhead Whale,Appendix I – Species threatened with extinction
7903,Republic of Korea,,,Native,Mammalia,Balaenidae,Balaena mysticetus,Bowhead Whale,Appendix I – Species threatened with extinction
7903,Russian Federation,,,Native,Mammalia,Balaenidae,Balaena mysticetus,Bowhead Whale,Appendix I – Species threatened with extinction
7903,Svalbard and Jan Mayen Islands,,,Native,Mammalia,Balaenidae,Balaena mysticetus,Bowhead Whale,Appendix I – Species threatened with extinction
7903,United States of America,US,USA,Native,Mammalia,Balaenidae,Balaena mysticetus,Bowhead Whale,Appendix I – Species threatened with extinction
6659,Angola,AO,AGO,Native,Mammalia,Balaenidae,Eubalaena australis,Southern Right Whale,Appendix I – Species threatened with extinction
6659,Argentina,AR,ARG,Native,Mammalia,Balaenidae,Eubalaena australis,Southern Right Whale,Appendix I – Species threatened with extinction
6659,Australia,AU,AUS,Native,Mammalia,Balaenidae,Eubalaena australis,Southern Right Whale,Appendix I – Species threatened with extinction
6659,Bouvet Island,,,Native,Mammalia,Balaenidae,Eubalaena australis,Southern Right Whale,Appendix I – Species threatened with extinction
6659,Brazil,BR,BRA,Native,Mammalia,Balaenidae,Eubalaena australis,Southern Right Whale,Appendix I – Species threatened with extinction
6659,Chile,CL,CHL,Native,Mammalia,Balaenidae,Eubalaena australis,Southern Right Whale,Appendix I – Species threatened with extinction
6659,Falkland Islands (Malvinas),,,Native,Mammalia,Balaenidae,Eubalaena australis,Southern Right Whale,Appendix I – Species threatened with extinction
6659,French Southern and Antarctic Territories,,,Native,Mammalia,Balaenidae,Eubalaena australis,Southern Right Whale,Appendix I – Species threatened with extinction
6659,Gabon,GA,GAB,Native,Mammalia,Balaenidae,Eubalaena australis,Southern Right Whale,Appendix I – Species threatened with extinction
6659,Guyana,GY,GUY,Native,Mammalia,Balaenidae,Eubalaena australis,Southern Right Whale,Appendix I – Species threatened with extinction
6659,India,IN,IND,Native,Mammalia,Balaenidae,Eubalaena australis,Southern Right Whale,Appendix I – Species threatened with extinction
6659,Kenya,KE,KEN,Native,Mammalia,Balaenidae,Eubalaena australis,Southern Right Whale,Appendix I – Species threatened with extinction
6659,Mozambique,MZ,MOZ,Native,Mammalia,Balaenidae,Eubalaena australis,Southern Right Whale,Appendix I – Species threatened with extinction
6659,Namibia,NA,NAM,Native,Mammalia,Balaenidae,Eubalaena australis,Southern Right Whale,Appendix I – Species threatened with extinction
6659,New Zealand,NZ,NZL,Native,Mammalia,Balaenidae,Eubalaena australis,Southern Right Whale,Appendix I – Species threatened with extinction
6659,Peru,PE,PER,Native,Mammalia,Balaenidae,Eubalaena australis,Southern Right Whale,Appendix I – Species threatened with extinction
6659,Saint Helena and Dependencies (United Kingdom),,,Native,Mammalia,Balaenidae,Eubalaena australis,Southern Right Whale,Appendix I – Species threatened with extinction
6659,South Africa,ZA,ZAF,Native,Mammalia,Balaenidae,Eubalaena australis,Southern Right Whale,Appendix I – Species threatened with extinction
6659,South Georgia and South Sandwich Islands (United Kingdom),,,Native,Mammalia,Balaenidae,Eubalaena australis,Southern Right Whale,Appendix I – Species threatened with extinction
6659,United Republic of Tanzania,TZ,TZA,Native,Mammalia,Balaenidae,Eubalaena australis,Southern Right Whale,Appendix I – Species threatened with extinction
6659,Uruguay,UY,URY,Native,Mammalia,Balaenidae,Eubalaena australis,Southern Right Whale,Appendix I – Species threatened with extinction
11020,Bahamas,,,Native,Mammalia,Balaenidae,Eubalaena glacialis,North Atlantic Right Whale,Appendix I – Species threatened with extinction
11020,Belgium,BE,BEL,Native,Mammalia,Balaenidae,Eubalaena glacialis,North Atlantic Right Whale,Appendix I – Species threatened with extinction
11020,Bermuda (United Kingdom),,,Native,Mammalia,Balaenidae,Eubalaena glacialis,North Atlantic Right Whale,Appendix I – Species threatened with extinction
11020,Canada,CA,CAN,Native,Mammalia,Balaenidae,Eubalaena glacialis,North Atlantic Right Whale,Appendix I – Species threatened with extinction
11020,Faroe Islands,FO,FRO,Native,Mammalia,Balaenidae,Eubalaena glacialis,North Atlantic Right Whale,Appendix I – Species threatened with extinction
11020,France,-99,-99,Native,Mammalia,Balaenidae,Eubalaena glacialis,North Atlantic Right Whale,Appendix I – Species threatened with extinction
11020,Germany,DE,DEU,Native,Mammalia,Balaenidae,Eubalaena glacialis,North Atlantic Right Whale,Appendix I – Species threatened with extinction
11020,Greenland,GL,GRL,Native,Mammalia,Balaenidae,Eubalaena glacialis,North Atlantic Right Whale,Appendix I – Species threatened with extinction
11020,Iceland,IS,ISL,Native,Mammalia,Balaenidae,Eubalaena glacialis,North Atlantic Right Whale,Appendix I – Species threatened with extinction
11020,Ireland,IE,IRL,Native,Mammalia,Balaenidae,Eubalaena glacialis,North Atlantic Right Whale,Appendix I – Species threatened with extinction
11020,Italy,IT,ITA,Native,Mammalia,Balaenidae,Eubalaena glacialis,North Atlantic Right Whale,Appendix I – Species threatened with extinction
11020,Malta,MT,MLT,Native,Mammalia,Balaenidae,Eubalaena glacialis,North Atlantic Right Whale,Appendix I – Species threatened with extinction
11020,Morocco,MA,MAR,Native,Mammalia,Balaenidae,Eubalaena glacialis,North Atlantic Right Whale,Appendix I – Species threatened with extinction
11020,Netherlands,NL,NLD,Native,Mammalia,Balaenidae,Eubalaena glacialis,North Atlantic Right Whale,Appendix I – Species threatened with extinction
11020,Norway,-99,-99,Native,Mammalia,Balaenidae,Eubalaena glacialis,North Atlantic Right Whale,Appendix I – Species threatened with extinction
11020,Portugal,PT,PRT,Native,Mammalia,Balaenidae,Eubalaena glacialis,North Atlantic Right Whale,Appendix I – Species threatened with extinction
11020,Russian Federation,,,Native,Mammalia,Balaenidae,Eubalaena glacialis,North Atlantic Right Whale,Appendix I – Species threatened with extinction
11020,Saint Helena and Dependencies (United Kingdom),,,Native,Mammalia,Balaenidae,Eubalaena glacialis,North Atlantic Right Whale,Appendix I – Species threatened with extinction
11020,Spain,ES,ESP,Native,Mammalia,Balaenidae,Eubalaena glacialis,North Atlantic Right Whale,Appendix I – Species threatened with extinction
11020,Svalbard and Jan Mayen Islands,,,Native,Mammalia,Balaenidae,Eubalaena glacialis,North Atlantic Right Whale,Appendix I – Species threatened with extinction
11020,United Kingdom of Great Britain and Northern Ireland,,,Native,Mammalia,Balaenidae,Eubalaena glacialis,North Atlantic Right Whale,Appendix I – Species threatened with extinction
11020,United States of America,US,USA,Native,Mammalia,Balaenidae,Eubalaena glacialis,North Atlantic Right Whale,Appendix I – Species threatened with extinction
4989,Canada,CA,CAN,Native,Mammalia,Balaenidae,Eubalaena japonica,North Pacific Right Whale,Appendix I – Species threatened with extinction
4989,China,CN,CHN,Native,Mammalia,Balaenidae,Eubalaena japonica,North Pacific Right Whale,Appendix I – Species threatened with extinction
4989,Democratic People's Republic of Korea,,,Native,Mammalia,Balaenidae,Eubalaena japonica,North Pacific Right Whale,Appendix I – Species threatened with extinction
4989,Japan,JP,JPN,Native,Mammalia,Balaenidae,Eubalaena japonica,North Pacific Right Whale,Appendix I – Species threatened with extinction
4989,Mexico,MX,MEX,Native,Mammalia,Balaenidae,Eubalaena japonica,North Pacific Right Whale,Appendix I – Species threatened with extinction
4989,Republic of Korea,,,Native,Mammalia,Balaenidae,Eubalaena japonica,North Pacific Right Whale,Appendix I – Species threatened with extinction
4989,Russian Federation,,,Native,Mammalia,Balaenidae,Eubalaena japonica,North Pacific Right Whale,Appendix I – Species threatened with extinction
4989,Taiwan,CN-TW,TWN,Native,Mammalia,Balaenidae,Eubalaena japonica,North Pacific Right Whale,Appendix I – Species threatened with extinction
4989,Province of China,,,Native,Mammalia,Balaenidae,Eubalaena japonica,North Pacific Right Whale,Appendix I – Species threatened with extinction
4989,United States of America,US,USA,Native,Mammalia,Balaenidae,Eubalaena japonica,North Pacific Right Whale,Appendix I – Species threatened with extinction
8288,Argentina,AR,ARG,Native,Mammalia,Balaenopteridae,Balaenoptera acutorostrata,Common Minke Whale,Appendix I / II – Status depends on population
8288,Australia,AU,AUS,Native,Mammalia,Balaenopteridae,Balaenoptera acutorostrata,Common Minke Whale,Appendix I / II – Status depends on population
8288,Bahamas,,,Native,Mammalia,Balaenopteridae,Balaenoptera acutorostrata,Common Minke Whale,Appendix I / II – Status depends on population
8288,Bangladesh,BD,BGD,Native,Mammalia,Balaenopteridae,Balaenoptera acutorostrata,Common Minke Whale,Appendix I / II – Status depends on population
8288,Belgium,BE,BEL,Native,Mammalia,Balaenopteridae,Balaenoptera acutorostrata,Common Minke Whale,Appendix I / II – Status depends on population
8288,Bermuda (United Kingdom),,,Native,Mammalia,Balaenopteridae,Balaenoptera acutorostrata,Common Minke Whale,Appendix I / II – Status depends on population
8288,Brazil,BR,BRA,Native,Mammalia,Balaenopteridae,Balaenoptera acutorostrata,Common Minke Whale,Appendix I / II – Status depends on population
8288,Canada,CA,CAN,Native,Mammalia,Balaenopteridae,Balaenoptera acutorostrata,Common Minke Whale,Appendix I / II – Status depends on population
8288,Chile,CL,CHL,Native,Mammalia,Balaenopteridae,Balaenoptera acutorostrata,Common Minke Whale,Appendix I / II – Status depends on population
8288,China,CN,CHN,Native,Mammalia,Balaenopteridae,Balaenoptera acutorostrata,Common Minke Whale,Appendix I / II – Status depends on population
8288,Colombia,CO,COL,Native,Mammalia,Balaenopteridae,Balaenoptera acutorostrata,Common Minke Whale,Appendix I / II – Status depends on population
8288,Costa Rica,CR,CRI,Native,Mammalia,Balaenopteridae,Balaenoptera acutorostrata,Common Minke Whale,Appendix I / II – Status depends on population
8288,Democratic People's Republic of Korea,,,Native,Mammalia,Balaenopteridae,Balaenoptera acutorostrata,Common Minke Whale,Appendix I / II – Status depends on population
8288,Denmark,DK,DNK,Native,Mammalia,Balaenopteridae,Balaenoptera acutorostrata,Common Minke Whale,Appendix I / II – Status depends on population
8288,Ecuador,EC,ECU,Native,Mammalia,Balaenopteridae,Balaenoptera acutorostrata,Common Minke Whale,Appendix I / II – Status depends on population
8288,Finland,FI,FIN,Native,Mammalia,Balaenopteridae,Balaenoptera acutorostrata,Common Minke Whale,Appendix I / II – Status depends on population
8288,France,-99,-99,Native,Mammalia,Balaenopteridae,Balaenoptera acutorostrata,Common Minke Whale,Appendix I / II – Status depends on population
8288,French Polynesia,PF,PYF,Native,Mammalia,Balaenopteridae,Balaenoptera acutorostrata,Common Minke Whale,Appendix I / II – Status depends on population
8288,French Southern and Antarctic Territories,,,Native,Mammalia,Balaenopteridae,Balaenoptera acutorostrata,Common Minke Whale,Appendix I / II – Status depends on population
8288,Germany,DE,DEU,Native,Mammalia,Balaenopteridae,Balaenoptera acutorostrata,Common Minke Whale,Appendix I / II – Status depends on population
8288,Greece,GR,GRC,Native,Mammalia,Balaenopteridae,Balaenoptera acutorostrata,Common Minke Whale,Appendix I / II – Status depends on population
8288,Greenland,GL,GRL,Native,Mammalia,Balaenopteridae,Balaenoptera acutorostrata,Common Minke Whale,Appendix I / II – Status depends on population
8288,Guyana,GY,GUY,Native,Mammalia,Balaenopteridae,Balaenoptera acutorostrata,Common Minke Whale,Appendix I / II – Status depends on population
8288,Iceland,IS,ISL,Native,Mammalia,Balaenopteridae,Balaenoptera acutorostrata,Common Minke Whale,Appendix I / II – Status depends on population
8288,India,IN,IND,Native,Mammalia,Balaenopteridae,Balaenoptera acutorostrata,Common Minke Whale,Appendix I / II – Status depends on population
8288,Indonesia,ID,IDN,Native,Mammalia,Balaenopteridae,Balaenoptera acutorostrata,Common Minke Whale,Appendix I / II – Status depends on population
8288,Ireland,IE,IRL,Native,Mammalia,Balaenopteridae,Balaenoptera acutorostrata,Common Minke Whale,Appendix I / II – Status depends on population
8288,Isle of Man (United Kingdom),,,Native,Mammalia,Balaenopteridae,Balaenoptera acutorostrata,Common Minke Whale,Appendix I / II – Status depends on population
8288,Israel,IL,ISR,Native,Mammalia,Balaenopteridae,Balaenoptera acutorostrata,Common Minke Whale,Appendix I / II – Status depends on population
8288,Italy,IT,ITA,Native,Mammalia,Balaenopteridae,Balaenoptera acutorostrata,Common Minke Whale,Appendix I / II – Status depends on population
8288,Japan,JP,JPN,Native,Mammalia,Balaenopteridae,Balaenoptera acutorostrata,Common Minke Whale,Appendix I / II – Status depends on population
8288,Malaysia,MY,MYS,Native,Mammalia,Balaenopteridae,Balaenoptera acutorostrata,Common Minke Whale,Appendix I / II – Status depends on population
8288,Malta,MT,MLT,Native,Mammalia,Balaenopteridae,Balaenoptera acutorostrata,Common Minke Whale,Appendix I / II – Status depends on population
8288,Mauritania,MR,MRT,Native,Mammalia,Balaenopteridae,Balaenoptera acutorostrata,Common Minke Whale,Appendix I / II – Status depends on population
8288,Mexico,MX,MEX,Native,Mammalia,Balaenopteridae,Balaenoptera acutorostrata,Common Minke Whale,Appendix I / II – Status depends on population
8288,Mozambique,MZ,MOZ,Native,Mammalia,Balaenopteridae,Balaenoptera acutorostrata,Common Minke Whale,Appendix I / II – Status depends on population
8288,Myanmar,MM,MMR,Native,Mammalia,Balaenopteridae,Balaenoptera acutorostrata,Common Minke Whale,Appendix I / II – Status depends on population
8288,Netherlands,NL,NLD,Native,Mammalia,Balaenopteridae,Balaenoptera acutorostrata,Common Minke Whale,Appendix I / II – Status depends on population
8288,Netherlands Antilles,,,Native,Mammalia,Balaenopteridae,Balaenoptera acutorostrata,Common Minke Whale,Appendix I / II – Status depends on population
8288,New Caledonia,NC,NCL,Native,Mammalia,Balaenopteridae,Balaenoptera acutorostrata,Common Minke Whale,Appendix I / II – Status depends on population
8288,New Zealand,NZ,NZL,Native,Mammalia,Balaenopteridae,Balaenoptera acutorostrata,Common Minke Whale,Appendix I / II – Status depends on population
8288,Norway,-99,-99,Native,Mammalia,Balaenopteridae,Balaenoptera acutorostrata,Common Minke Whale,Appendix I / II – Status depends on population
8288,Peru,PE,PER,Native,Mammalia,Balaenopteridae,Balaenoptera acutorostrata,Common Minke Whale,Appendix I / II – Status depends on population
8288,Philippines,PH,PHL,Native,Mammalia,Balaenopteridae,Balaenoptera acutorostrata,Common Minke Whale,Appendix I / II – Status depends on population
8288,Portugal,PT,PRT,Native,Mammalia,Balaenopteridae,Balaenoptera acutorostrata,Common Minke Whale,Appendix I / II – Status depends on population
8288,Republic of Korea,,,Native,Mammalia,Balaenopteridae,Balaenoptera acutorostrata,Common Minke Whale,Appendix I / II – Status depends on population
8288,Russian Federation,,,Native,Mammalia,Balaenopteridae,Balaenoptera acutorostrata,Common Minke Whale,Appendix I / II – Status depends on population
8288,Saudi Arabia,SA,SAU,Native,Mammalia,Balaenopteridae,Balaenoptera acutorostrata,Common Minke Whale,Appendix I / II – Status depends on population
8288,South Africa,ZA,ZAF,Native,Mammalia,Balaenopteridae,Balaenoptera acutorostrata,Common Minke Whale,Appendix I / II – Status depends on population
8288,Spain,ES,ESP,Native,Mammalia,Balaenopteridae,Balaenoptera acutorostrata,Common Minke Whale,Appendix I / II – Status depends on population
8288,Sri Lanka,LK,LKA,Native,Mammalia,Balaenopteridae,Balaenoptera acutorostrata,Common Minke Whale,Appendix I / II – Status depends on population
8288,Suriname,SR,SUR,Native,Mammalia,Balaenopteridae,Balaenoptera acutorostrata,Common Minke Whale,Appendix I / II – Status depends on population
8288,Svalbard and Jan Mayen Islands,,,Native,Mammalia,Balaenopteridae,Balaenoptera acutorostrata,Common Minke Whale,Appendix I / II – Status depends on population
8288,Sweden,SE,SWE,Native,Mammalia,Balaenopteridae,Balaenoptera acutorostrata,Common Minke Whale,Appendix I / II – Status depends on population
8288,Taiwan,CN-TW,TWN,Native,Mammalia,Balaenopteridae,Balaenoptera acutorostrata,Common Minke Whale,Appendix I / II – Status depends on population
8288,Province of China,,,Native,Mammalia,Balaenopteridae,Balaenoptera acutorostrata,Common Minke Whale,Appendix I / II – Status depends on population
8288,Thailand,TH,THA,Native,Mammalia,Balaenopteridae,Balaenoptera acutorostrata,Common Minke Whale,Appendix I / II – Status depends on population
8288,Tunisia,TN,TUN,Native,Mammalia,Balaenopteridae,Balaenoptera acutorostrata,Common Minke Whale,Appendix I / II – Status depends on population
8288,T√ºrkiye,,,Native,Mammalia,Balaenopteridae,Balaenoptera acutorostrata,Common Minke Whale,Appendix I / II – Status depends on population
8288,United Kingdom of Great Britain and Northern Ireland,,,Native,Mammalia,Balaenopteridae,Balaenoptera acutorostrata,Common Minke Whale,Appendix I / II – Status depends on population
8288,United States of America,US,USA,Native,Mammalia,Balaenopteridae,Balaenoptera acutorostrata,Common Minke Whale,Appendix I / II – Status depends on population
8288,Uruguay,UY,URY,Native,Mammalia,Balaenopteridae,Balaenoptera acutorostrata,Common Minke Whale,Appendix I / II – Status depends on population
8288,Venezuela (Bolivarian Republic of),,,Native,Mammalia,Balaenopteridae,Balaenoptera acutorostrata,Common Minke Whale,Appendix I / II – Status depends on population
8288,Viet Nam,,,Native,Mammalia,Balaenopteridae,Balaenoptera acutorostrata,Common Minke Whale,Appendix I / II – Status depends on population
6477,Angola,AO,AGO,Native,Mammalia,Balaenopteridae,Balaenoptera bonaerensis,Antarctic Minke Whale,Appendix I – Species threatened with extinction
6477,Antarctica,AQ,ATA,Native,Mammalia,Balaenopteridae,Balaenoptera bonaerensis,Antarctic Minke Whale,Appendix I – Species threatened with extinction
6477,Argentina,AR,ARG,Native,Mammalia,Balaenopteridae,Balaenoptera bonaerensis,Antarctic Minke Whale,Appendix I – Species threatened with extinction
6477,Australia,AU,AUS,Native,Mammalia,Balaenopteridae,Balaenoptera bonaerensis,Antarctic Minke Whale,Appendix I – Species threatened with extinction
6477,Brazil,BR,BRA,Native,Mammalia,Balaenopteridae,Balaenoptera bonaerensis,Antarctic Minke Whale,Appendix I – Species threatened with extinction
6477,Chile,CL,CHL,Native,Mammalia,Balaenopteridae,Balaenoptera bonaerensis,Antarctic Minke Whale,Appendix I – Species threatened with extinction
6477,Falkland Islands (Malvinas),,,Native,Mammalia,Balaenopteridae,Balaenoptera bonaerensis,Antarctic Minke Whale,Appendix I – Species threatened with extinction
6477,Fiji,FJ,FJI,Native,Mammalia,Balaenopteridae,Balaenoptera bonaerensis,Antarctic Minke Whale,Appendix I – Species threatened with extinction
6477,Mozambique,MZ,MOZ,Native,Mammalia,Balaenopteridae,Balaenoptera bonaerensis,Antarctic Minke Whale,Appendix I – Species threatened with extinction
6477,Namibia,NA,NAM,Native,Mammalia,Balaenopteridae,Balaenoptera bonaerensis,Antarctic Minke Whale,Appendix I – Species threatened with extinction
6477,New Caledonia,NC,NCL,Native,Mammalia,Balaenopteridae,Balaenoptera bonaerensis,Antarctic Minke Whale,Appendix I – Species threatened with extinction
6477,New Zealand,NZ,NZL,Native,Mammalia,Balaenopteridae,Balaenoptera bonaerensis,Antarctic Minke Whale,Appendix I – Species threatened with extinction
6477,Peru,PE,PER,Native,Mammalia,Balaenopteridae,Balaenoptera bonaerensis,Antarctic Minke Whale,Appendix I – Species threatened with extinction
6477,South Africa,ZA,ZAF,Native,Mammalia,Balaenopteridae,Balaenoptera bonaerensis,Antarctic Minke Whale,Appendix I – Species threatened with extinction
6477,Suriname,SR,SUR,Native,Mammalia,Balaenopteridae,Balaenoptera bonaerensis,Antarctic Minke Whale,Appendix I – Species threatened with extinction
3975,Angola,AO,AGO,Native,Mammalia,Balaenopteridae,Balaenoptera borealis,Sei Whale,Appendix I – Species threatened with extinction
3975,Argentina,AR,ARG,Native,Mammalia,Balaenopteridae,Balaenoptera borealis,Sei Whale,Appendix I – Species threatened with extinction
3975,Australia,AU,AUS,Native,Mammalia,Balaenopteridae,Balaenoptera borealis,Sei Whale,Appendix I – Species threatened with extinction
3975,Brazil,BR,BRA,Native,Mammalia,Balaenopteridae,Balaenoptera borealis,Sei Whale,Appendix I – Species threatened with extinction
3975,Canada,CA,CAN,Native,Mammalia,Balaenopteridae,Balaenoptera borealis,Sei Whale,Appendix I – Species threatened with extinction
3975,Chile,CL,CHL,Native,Mammalia,Balaenopteridae,Balaenoptera borealis,Sei Whale,Appendix I – Species threatened with extinction
3975,Colombia,CO,COL,Native,Mammalia,Balaenopteridae,Balaenoptera borealis,Sei Whale,Appendix I – Species threatened with extinction
3975,Costa Rica,CR,CRI,Native,Mammalia,Balaenopteridae,Balaenoptera borealis,Sei Whale,Appendix I – Species threatened with extinction
3975,Cuba,CU,CUB,Native,Mammalia,Balaenopteridae,Balaenoptera borealis,Sei Whale,Appendix I – Species threatened with extinction
3975,Democratic People's Republic of Korea,,,Native,Mammalia,Balaenopteridae,Balaenoptera borealis,Sei Whale,Appendix I – Species threatened with extinction
3975,Denmark,DK,DNK,Native,Mammalia,Balaenopteridae,Balaenoptera borealis,Sei Whale,Appendix I – Species threatened with extinction
3975,Ecuador,EC,ECU,Native,Mammalia,Balaenopteridae,Balaenoptera borealis,Sei Whale,Appendix I – Species threatened with extinction
3975,Falkland Islands (Malvinas),,,Native,Mammalia,Balaenopteridae,Balaenoptera borealis,Sei Whale,Appendix I – Species threatened with extinction
3975,Fiji,FJ,FJI,Native,Mammalia,Balaenopteridae,Balaenoptera borealis,Sei Whale,Appendix I – Species threatened with extinction
3975,France,-99,-99,Native,Mammalia,Balaenopteridae,Balaenoptera borealis,Sei Whale,Appendix I – Species threatened with extinction
3975,Gabon,GA,GAB,Native,Mammalia,Balaenopteridae,Balaenoptera borealis,Sei Whale,Appendix I – Species threatened with extinction
3975,Germany,DE,DEU,Native,Mammalia,Balaenopteridae,Balaenoptera borealis,Sei Whale,Appendix I – Species threatened with extinction
3975,Guyana,GY,GUY,Native,Mammalia,Balaenopteridae,Balaenoptera borealis,Sei Whale,Appendix I – Species threatened with extinction
3975,Iceland,IS,ISL,Native,Mammalia,Balaenopteridae,Balaenoptera borealis,Sei Whale,Appendix I – Species threatened with extinction
3975,India,IN,IND,Native,Mammalia,Balaenopteridae,Balaenoptera borealis,Sei Whale,Appendix I – Species threatened with extinction
3975,Indonesia,ID,IDN,Native,Mammalia,Balaenopteridae,Balaenoptera borealis,Sei Whale,Appendix I – Species threatened with extinction
3975,Ireland,IE,IRL,Native,Mammalia,Balaenopteridae,Balaenoptera borealis,Sei Whale,Appendix I – Species threatened with extinction
3975,Japan,JP,JPN,Native,Mammalia,Balaenopteridae,Balaenoptera borealis,Sei Whale,Appendix I – Species threatened with extinction
3975,Kenya,KE,KEN,Native,Mammalia,Balaenopteridae,Balaenoptera borealis,Sei Whale,Appendix I – Species threatened with extinction
3975,Malaysia,MY,MYS,Native,Mammalia,Balaenopteridae,Balaenoptera borealis,Sei Whale,Appendix I – Species threatened with extinction
3975,Malta,MT,MLT,Native,Mammalia,Balaenopteridae,Balaenoptera borealis,Sei Whale,Appendix I – Species threatened with extinction
3975,Mauritania,MR,MRT,Native,Mammalia,Balaenopteridae,Balaenoptera borealis,Sei Whale,Appendix I – Species threatened with extinction
3975,Mexico,MX,MEX,Native,Mammalia,Balaenopteridae,Balaenoptera borealis,Sei Whale,Appendix I – Species threatened with extinction
3975,Morocco,MA,MAR,Native,Mammalia,Balaenopteridae,Balaenoptera borealis,Sei Whale,Appendix I – Species threatened with extinction
3975,Mozambique,MZ,MOZ,Native,Mammalia,Balaenopteridae,Balaenoptera borealis,Sei Whale,Appendix I – Species threatened with extinction
3975,Namibia,NA,NAM,Native,Mammalia,Balaenopteridae,Balaenoptera borealis,Sei Whale,Appendix I – Species threatened with extinction
3975,Netherlands,NL,NLD,Native,Mammalia,Balaenopteridae,Balaenoptera borealis,Sei Whale,Appendix I – Species threatened with extinction
3975,New Zealand,NZ,NZL,Native,Mammalia,Balaenopteridae,Balaenoptera borealis,Sei Whale,Appendix I – Species threatened with extinction
3975,Norway,-99,-99,Native,Mammalia,Balaenopteridae,Balaenoptera borealis,Sei Whale,Appendix I – Species threatened with extinction
3975,Peru,PE,PER,Native,Mammalia,Balaenopteridae,Balaenoptera borealis,Sei Whale,Appendix I – Species threatened with extinction
3975,Poland,PL,POL,Native,Mammalia,Balaenopteridae,Balaenoptera borealis,Sei Whale,Appendix I – Species threatened with extinction
3975,Portugal,PT,PRT,Native,Mammalia,Balaenopteridae,Balaenoptera borealis,Sei Whale,Appendix I – Species threatened with extinction
3975,Republic of Korea,,,Native,Mammalia,Balaenopteridae,Balaenoptera borealis,Sei Whale,Appendix I – Species threatened with extinction
3975,R√©union,,,Native,Mammalia,Balaenopteridae,Balaenoptera borealis,Sei Whale,Appendix I – Species threatened with extinction
3975,Russian Federation,,,Native,Mammalia,Balaenopteridae,Balaenoptera borealis,Sei Whale,Appendix I – Species threatened with extinction
3975,South Africa,ZA,ZAF,Native,Mammalia,Balaenopteridae,Balaenoptera borealis,Sei Whale,Appendix I – Species threatened with extinction
3975,Spain,ES,ESP,Native,Mammalia,Balaenopteridae,Balaenoptera borealis,Sei Whale,Appendix I – Species threatened with extinction
3975,Suriname,SR,SUR,Native,Mammalia,Balaenopteridae,Balaenoptera borealis,Sei Whale,Appendix I – Species threatened with extinction
3975,Svalbard and Jan Mayen Islands,,,Native,Mammalia,Balaenopteridae,Balaenoptera borealis,Sei Whale,Appendix I – Species threatened with extinction
3975,Taiwan,CN-TW,TWN,Native,Mammalia,Balaenopteridae,Balaenoptera borealis,Sei Whale,Appendix I – Species threatened with extinction
3975,Province of China,,,Native,Mammalia,Balaenopteridae,Balaenoptera borealis,Sei Whale,Appendix I – Species threatened with extinction
3975,Thailand,TH,THA,Native,Mammalia,Balaenopteridae,Balaenoptera borealis,Sei Whale,Appendix I – Species threatened with extinction
3975,United Kingdom of Great Britain and Northern Ireland,,,Native,Mammalia,Balaenopteridae,Balaenoptera borealis,Sei Whale,Appendix I – Species threatened with extinction
3975,United Republic of Tanzania,TZ,TZA,Native,Mammalia,Balaenopteridae,Balaenoptera borealis,Sei Whale,Appendix I – Species threatened with extinction
3975,United States of America,US,USA,Native,Mammalia,Balaenopteridae,Balaenoptera borealis,Sei Whale,Appendix I – Species threatened with extinction
3975,Uruguay,UY,URY,Native,Mammalia,Balaenopteridae,Balaenoptera borealis,Sei Whale,Appendix I – Species threatened with extinction
3975,Venezuela (Bolivarian Republic of),,,Native,Mammalia,Balaenopteridae,Balaenoptera borealis,Sei Whale,Appendix I – Species threatened with extinction
3975,Viet Nam,,,Native,Mammalia,Balaenopteridae,Balaenoptera borealis,Sei Whale,Appendix I – Species threatened with extinction
6352,Angola,AO,AGO,Native,Mammalia,Balaenopteridae,Balaenoptera edeni,Bryde's Whale,Appendix I – Species threatened with extinction
6352,Argentina,AR,ARG,Native,Mammalia,Balaenopteridae,Balaenoptera edeni,Bryde's Whale,Appendix I – Species threatened with extinction
6352,Australia,AU,AUS,Native,Mammalia,Balaenopteridae,Balaenoptera edeni,Bryde's Whale,Appendix I – Species threatened with extinction
6352,Bangladesh,BD,BGD,Native,Mammalia,Balaenopteridae,Balaenoptera edeni,Bryde's Whale,Appendix I – Species threatened with extinction
6352,Brazil,BR,BRA,Native,Mammalia,Balaenopteridae,Balaenoptera edeni,Bryde's Whale,Appendix I – Species threatened with extinction
6352,Brunei Darussalam,,,Native,Mammalia,Balaenopteridae,Balaenoptera edeni,Bryde's Whale,Appendix I – Species threatened with extinction
6352,Cabo Verde,CV,CPV,Native,Mammalia,Balaenopteridae,Balaenoptera edeni,Bryde's Whale,Appendix I – Species threatened with extinction
6352,Chile,CL,CHL,Native,Mammalia,Balaenopteridae,Balaenoptera edeni,Bryde's Whale,Appendix I – Species threatened with extinction
6352,China,CN,CHN,Native,Mammalia,Balaenopteridae,Balaenoptera edeni,Bryde's Whale,Appendix I – Species threatened with extinction
6352,Colombia,CO,COL,Native,Mammalia,Balaenopteridae,Balaenoptera edeni,Bryde's Whale,Appendix I – Species threatened with extinction
6352,Costa Rica,CR,CRI,Native,Mammalia,Balaenopteridae,Balaenoptera edeni,Bryde's Whale,Appendix I – Species threatened with extinction
6352,Djibouti,DJ,DJI,Native,Mammalia,Balaenopteridae,Balaenoptera edeni,Bryde's Whale,Appendix I – Species threatened with extinction
6352,Ecuador,EC,ECU,Native,Mammalia,Balaenopteridae,Balaenoptera edeni,Bryde's Whale,Appendix I – Species threatened with extinction
6352,Egypt,EG,EGY,Native,Mammalia,Balaenopteridae,Balaenoptera edeni,Bryde's Whale,Appendix I – Species threatened with extinction
6352,El Salvador,SV,SLV,Native,Mammalia,Balaenopteridae,Balaenoptera edeni,Bryde's Whale,Appendix I – Species threatened with extinction
6352,Fiji,FJ,FJI,Native,Mammalia,Balaenopteridae,Balaenoptera edeni,Bryde's Whale,Appendix I – Species threatened with extinction
6352,French Polynesia,PF,PYF,Native,Mammalia,Balaenopteridae,Balaenoptera edeni,Bryde's Whale,Appendix I – Species threatened with extinction
6352,Gabon,GA,GAB,Native,Mammalia,Balaenopteridae,Balaenoptera edeni,Bryde's Whale,Appendix I – Species threatened with extinction
6352,Grenada,GD,GRD,Native,Mammalia,Balaenopteridae,Balaenoptera edeni,Bryde's Whale,Appendix I – Species threatened with extinction
6352,Honduras,HN,HND,Native,Mammalia,Balaenopteridae,Balaenoptera edeni,Bryde's Whale,Appendix I – Species threatened with extinction
6352,India,IN,IND,Native,Mammalia,Balaenopteridae,Balaenoptera edeni,Bryde's Whale,Appendix I – Species threatened with extinction
6352,Indonesia,ID,IDN,Native,Mammalia,Balaenopteridae,Balaenoptera edeni,Bryde's Whale,Appendix I – Species threatened with extinction
6352,Iraq,IQ,IRQ,Native,Mammalia,Balaenopteridae,Balaenoptera edeni,Bryde's Whale,Appendix I – Species threatened with extinction
6352,Japan,JP,JPN,Native,Mammalia,Balaenopteridae,Balaenoptera edeni,Bryde's Whale,Appendix I – Species threatened with extinction
6352,Kenya,KE,KEN,Native,Mammalia,Balaenopteridae,Balaenoptera edeni,Bryde's Whale,Appendix I – Species threatened with extinction
6352,Madagascar,MG,MDG,Native,Mammalia,Balaenopteridae,Balaenoptera edeni,Bryde's Whale,Appendix I – Species threatened with extinction
6352,Malaysia,MY,MYS,Native,Mammalia,Balaenopteridae,Balaenoptera edeni,Bryde's Whale,Appendix I – Species threatened with extinction
6352,Maldives,MV,MDV,Native,Mammalia,Balaenopteridae,Balaenoptera edeni,Bryde's Whale,Appendix I – Species threatened with extinction
6352,Mauritania,MR,MRT,Native,Mammalia,Balaenopteridae,Balaenoptera edeni,Bryde's Whale,Appendix I – Species threatened with extinction
6352,Mexico,MX,MEX,Native,Mammalia,Balaenopteridae,Balaenoptera edeni,Bryde's Whale,Appendix I – Species threatened with extinction
6352,Mozambique,MZ,MOZ,Native,Mammalia,Balaenopteridae,Balaenoptera edeni,Bryde's Whale,Appendix I – Species threatened with extinction
6352,Myanmar,MM,MMR,Native,Mammalia,Balaenopteridae,Balaenoptera edeni,Bryde's Whale,Appendix I – Species threatened with extinction
6352,Namibia,NA,NAM,Native,Mammalia,Balaenopteridae,Balaenoptera edeni,Bryde's Whale,Appendix I – Species threatened with extinction
6352,Netherlands Antilles,,,Native,Mammalia,Balaenopteridae,Balaenoptera edeni,Bryde's Whale,Appendix I – Species threatened with extinction
6352,New Zealand,NZ,NZL,Native,Mammalia,Balaenopteridae,Balaenoptera edeni,Bryde's Whale,Appendix I – Species threatened with extinction
6352,Oman,OM,OMN,Native,Mammalia,Balaenopteridae,Balaenoptera edeni,Bryde's Whale,Appendix I – Species threatened with extinction
6352,Pakistan,PK,PAK,Native,Mammalia,Balaenopteridae,Balaenoptera edeni,Bryde's Whale,Appendix I – Species threatened with extinction
6352,Panama,PA,PAN,Native,Mammalia,Balaenopteridae,Balaenoptera edeni,Bryde's Whale,Appendix I – Species threatened with extinction
6352,Peru,PE,PER,Native,Mammalia,Balaenopteridae,Balaenoptera edeni,Bryde's Whale,Appendix I – Species threatened with extinction
6352,Philippines,PH,PHL,Native,Mammalia,Balaenopteridae,Balaenoptera edeni,Bryde's Whale,Appendix I – Species threatened with extinction
6352,Saudi Arabia,SA,SAU,Native,Mammalia,Balaenopteridae,Balaenoptera edeni,Bryde's Whale,Appendix I – Species threatened with extinction
6352,Senegal,SN,SEN,Native,Mammalia,Balaenopteridae,Balaenoptera edeni,Bryde's Whale,Appendix I – Species threatened with extinction
6352,Seychelles,SC,SYC,Native,Mammalia,Balaenopteridae,Balaenoptera edeni,Bryde's Whale,Appendix I – Species threatened with extinction
6352,Solomon Islands,SB,SLB,Native,Mammalia,Balaenopteridae,Balaenoptera edeni,Bryde's Whale,Appendix I – Species threatened with extinction
6352,Somalia,SO,SOM,Native,Mammalia,Balaenopteridae,Balaenoptera edeni,Bryde's Whale,Appendix I – Species threatened with extinction
6352,South Africa,ZA,ZAF,Native,Mammalia,Balaenopteridae,Balaenoptera edeni,Bryde's Whale,Appendix I – Species threatened with extinction
6352,Sri Lanka,LK,LKA,Native,Mammalia,Balaenopteridae,Balaenoptera edeni,Bryde's Whale,Appendix I – Species threatened with extinction
6352,Taiwan,CN-TW,TWN,Native,Mammalia,Balaenopteridae,Balaenoptera edeni,Bryde's Whale,Appendix I – Species threatened with extinction
6352,Province of China,,,Native,Mammalia,Balaenopteridae,Balaenoptera edeni,Bryde's Whale,Appendix I – Species threatened with extinction
6352,Thailand,TH,THA,Native,Mammalia,Balaenopteridae,Balaenoptera edeni,Bryde's Whale,Appendix I – Species threatened with extinction
6352,United Republic of Tanzania,TZ,TZA,Native,Mammalia,Balaenopteridae,Balaenoptera edeni,Bryde's Whale,Appendix I – Species threatened with extinction
6352,United States of America,US,USA,Native,Mammalia,Balaenopteridae,Balaenoptera edeni,Bryde's Whale,Appendix I – Species threatened with extinction
6352,Venezuela (Bolivarian Republic of),,,Native,Mammalia,Balaenopteridae,Balaenoptera edeni,Bryde's Whale,Appendix I – Species threatened with extinction
6352,Yemen,YE,YEM,Native,Mammalia,Balaenopteridae,Balaenoptera edeni,Bryde's Whale,Appendix I – Species threatened with extinction
10905,Angola,AO,AGO,Native,Mammalia,Balaenopteridae,Balaenoptera musculus,Blue Whale,Appendix I – Species threatened with extinction
10905,Antarctica,AQ,ATA,Native,Mammalia,Balaenopteridae,Balaenoptera musculus,Blue Whale,Appendix I – Species threatened with extinction
10905,Argentina,AR,ARG,Native,Mammalia,Balaenopteridae,Balaenoptera musculus,Blue Whale,Appendix I – Species threatened with extinction
10905,Australia,AU,AUS,Native,Mammalia,Balaenopteridae,Balaenoptera musculus,Blue Whale,Appendix I – Species threatened with extinction
10905,Bangladesh,BD,BGD,Native,Mammalia,Balaenopteridae,Balaenoptera musculus,Blue Whale,Appendix I – Species threatened with extinction
10905,Belgium,BE,BEL,Native,Mammalia,Balaenopteridae,Balaenoptera musculus,Blue Whale,Appendix I – Species threatened with extinction
10905,Bermuda (United Kingdom),,,Native,Mammalia,Balaenopteridae,Balaenoptera musculus,Blue Whale,Appendix I – Species threatened with extinction
10905,Brazil,BR,BRA,Native,Mammalia,Balaenopteridae,Balaenoptera musculus,Blue Whale,Appendix I – Species threatened with extinction
10905,Cabo Verde,CV,CPV,Native,Mammalia,Balaenopteridae,Balaenoptera musculus,Blue Whale,Appendix I – Species threatened with extinction
10905,Canada,CA,CAN,Native,Mammalia,Balaenopteridae,Balaenoptera musculus,Blue Whale,Appendix I – Species threatened with extinction
10905,Chile,CL,CHL,Native,Mammalia,Balaenopteridae,Balaenoptera musculus,Blue Whale,Appendix I – Species threatened with extinction
10905,Costa Rica,CR,CRI,Native,Mammalia,Balaenopteridae,Balaenoptera musculus,Blue Whale,Appendix I – Species threatened with extinction
10905,Democratic People's Republic of Korea,,,Native,Mammalia,Balaenopteridae,Balaenoptera musculus,Blue Whale,Appendix I – Species threatened with extinction
10905,Denmark,DK,DNK,Native,Mammalia,Balaenopteridae,Balaenoptera musculus,Blue Whale,Appendix I – Species threatened with extinction
10905,Ecuador,EC,ECU,Native,Mammalia,Balaenopteridae,Balaenoptera musculus,Blue Whale,Appendix I – Species threatened with extinction
10905,El Salvador,SV,SLV,Native,Mammalia,Balaenopteridae,Balaenoptera musculus,Blue Whale,Appendix I – Species threatened with extinction
10905,Falkland Islands (Malvinas),,,Native,Mammalia,Balaenopteridae,Balaenoptera musculus,Blue Whale,Appendix I – Species threatened with extinction
10905,Finland,FI,FIN,Native,Mammalia,Balaenopteridae,Balaenoptera musculus,Blue Whale,Appendix I – Species threatened with extinction
10905,France,-99,-99,Native,Mammalia,Balaenopteridae,Balaenoptera musculus,Blue Whale,Appendix I – Species threatened with extinction
10905,French Polynesia,PF,PYF,Native,Mammalia,Balaenopteridae,Balaenoptera musculus,Blue Whale,Appendix I – Species threatened with extinction
10905,French Southern and Antarctic Territories,,,Native,Mammalia,Balaenopteridae,Balaenoptera musculus,Blue Whale,Appendix I – Species threatened with extinction
10905,Gabon,GA,GAB,Native,Mammalia,Balaenopteridae,Balaenoptera musculus,Blue Whale,Appendix I – Species threatened with extinction
10905,Germany,DE,DEU,Native,Mammalia,Balaenopteridae,Balaenoptera musculus,Blue Whale,Appendix I – Species threatened with extinction
10905,Greece,GR,GRC,Native,Mammalia,Balaenopteridae,Balaenoptera musculus,Blue Whale,Appendix I – Species threatened with extinction
10905,Greenland,GL,GRL,Native,Mammalia,Balaenopteridae,Balaenoptera musculus,Blue Whale,Appendix I – Species threatened with extinction
10905,Honduras,HN,HND,Native,Mammalia,Balaenopteridae,Balaenoptera musculus,Blue Whale,Appendix I – Species threatened with extinction
10905,Iceland,IS,ISL,Native,Mammalia,Balaenopteridae,Balaenoptera musculus,Blue Whale,Appendix I – Species threatened with extinction
10905,India,IN,IND,Native,Mammalia,Balaenopteridae,Balaenoptera musculus,Blue Whale,Appendix I – Species threatened with extinction
10905,Indonesia,ID,IDN,Native,Mammalia,Balaenopteridae,Balaenoptera musculus,Blue Whale,Appendix I – Species threatened with extinction
10905,Iraq,IQ,IRQ,Native,Mammalia,Balaenopteridae,Balaenoptera musculus,Blue Whale,Appendix I – Species threatened with extinction
10905,Ireland,IE,IRL,Native,Mammalia,Balaenopteridae,Balaenoptera musculus,Blue Whale,Appendix I – Species threatened with extinction
10905,Italy,IT,ITA,Native,Mammalia,Balaenopteridae,Balaenoptera musculus,Blue Whale,Appendix I – Species threatened with extinction
10905,Japan,JP,JPN,Native,Mammalia,Balaenopteridae,Balaenoptera musculus,Blue Whale,Appendix I – Species threatened with extinction
10905,Kenya,KE,KEN,Native,Mammalia,Balaenopteridae,Balaenoptera musculus,Blue Whale,Appendix I – Species threatened with extinction
10905,Kuwait,KW,KWT,Native,Mammalia,Balaenopteridae,Balaenoptera musculus,Blue Whale,Appendix I – Species threatened with extinction
10905,Maldives,MV,MDV,Native,Mammalia,Balaenopteridae,Balaenoptera musculus,Blue Whale,Appendix I – Species threatened with extinction
10905,Mauritania,MR,MRT,Native,Mammalia,Balaenopteridae,Balaenoptera musculus,Blue Whale,Appendix I – Species threatened with extinction
10905,Mexico,MX,MEX,Native,Mammalia,Balaenopteridae,Balaenoptera musculus,Blue Whale,Appendix I – Species threatened with extinction
10905,Morocco,MA,MAR,Native,Mammalia,Balaenopteridae,Balaenoptera musculus,Blue Whale,Appendix I – Species threatened with extinction
10905,Mozambique,MZ,MOZ,Native,Mammalia,Balaenopteridae,Balaenoptera musculus,Blue Whale,Appendix I – Species threatened with extinction
10905,Myanmar,MM,MMR,Native,Mammalia,Balaenopteridae,Balaenoptera musculus,Blue Whale,Appendix I – Species threatened with extinction
10905,Namibia,NA,NAM,Native,Mammalia,Balaenopteridae,Balaenoptera musculus,Blue Whale,Appendix I – Species threatened with extinction
10905,New Caledonia,NC,NCL,Native,Mammalia,Balaenopteridae,Balaenoptera musculus,Blue Whale,Appendix I – Species threatened with extinction
10905,New Zealand,NZ,NZL,Native,Mammalia,Balaenopteridae,Balaenoptera musculus,Blue Whale,Appendix I – Species threatened with extinction
10905,Nicaragua,NI,NIC,Native,Mammalia,Balaenopteridae,Balaenoptera musculus,Blue Whale,Appendix I – Species threatened with extinction
10905,Norway,-99,-99,Native,Mammalia,Balaenopteridae,Balaenoptera musculus,Blue Whale,Appendix I – Species threatened with extinction
10905,Oman,OM,OMN,Native,Mammalia,Balaenopteridae,Balaenoptera musculus,Blue Whale,Appendix I – Species threatened with extinction
10905,Pakistan,PK,PAK,Native,Mammalia,Balaenopteridae,Balaenoptera musculus,Blue Whale,Appendix I – Species threatened with extinction
10905,Panama,PA,PAN,Native,Mammalia,Balaenopteridae,Balaenoptera musculus,Blue Whale,Appendix I – Species threatened with extinction
10905,Peru,PE,PER,Native,Mammalia,Balaenopteridae,Balaenoptera musculus,Blue Whale,Appendix I – Species threatened with extinction
10905,Portugal,PT,PRT,Native,Mammalia,Balaenopteridae,Balaenoptera musculus,Blue Whale,Appendix I – Species threatened with extinction
10905,Republic of Korea,,,Native,Mammalia,Balaenopteridae,Balaenoptera musculus,Blue Whale,Appendix I – Species threatened with extinction
10905,Russian Federation,,,Native,Mammalia,Balaenopteridae,Balaenoptera musculus,Blue Whale,Appendix I – Species threatened with extinction
10905,Somalia,SO,SOM,Native,Mammalia,Balaenopteridae,Balaenoptera musculus,Blue Whale,Appendix I – Species threatened with extinction
10905,South Africa,ZA,ZAF,Native,Mammalia,Balaenopteridae,Balaenoptera musculus,Blue Whale,Appendix I – Species threatened with extinction
10905,South Georgia and South Sandwich Islands (United Kingdom),,,Native,Mammalia,Balaenopteridae,Balaenoptera musculus,Blue Whale,Appendix I – Species threatened with extinction
10905,Spain,ES,ESP,Native,Mammalia,Balaenopteridae,Balaenoptera musculus,Blue Whale,Appendix I – Species threatened with extinction
10905,Sri Lanka,LK,LKA,Native,Mammalia,Balaenopteridae,Balaenoptera musculus,Blue Whale,Appendix I – Species threatened with extinction
10905,Svalbard and Jan Mayen Islands,,,Native,Mammalia,Balaenopteridae,Balaenoptera musculus,Blue Whale,Appendix I – Species threatened with extinction
10905,Taiwan,CN-TW,TWN,Native,Mammalia,Balaenopteridae,Balaenoptera musculus,Blue Whale,Appendix I – Species threatened with extinction
10905,Province of China,,,Native,Mammalia,Balaenopteridae,Balaenoptera musculus,Blue Whale,Appendix I – Species threatened with extinction
10905,United Kingdom of Great Britain and Northern Ireland,,,Native,Mammalia,Balaenopteridae,Balaenoptera musculus,Blue Whale,Appendix I – Species threatened with extinction
10905,United Republic of Tanzania,TZ,TZA,Native,Mammalia,Balaenopteridae,Balaenoptera musculus,Blue Whale,Appendix I – Species threatened with extinction
10905,United States of America,US,USA,Native,Mammalia,Balaenopteridae,Balaenoptera musculus,Blue Whale,Appendix I – Species threatened with extinction
10905,Uruguay,UY,URY,Native,Mammalia,Balaenopteridae,Balaenoptera musculus,Blue Whale,Appendix I – Species threatened with extinction
10905,Viet Nam,,,Native,Mammalia,Balaenopteridae,Balaenoptera musculus,Blue Whale,Appendix I – Species threatened with extinction
4329,Brazil,BR,BRA,Native,Mammalia,Balaenopteridae,Balaenoptera omurai,Omura's Whale,Appendix I – Species threatened with extinction
4329,Cocos (Keeling) Islands,,,Native,Mammalia,Balaenopteridae,Balaenoptera omurai,Omura's Whale,Appendix I – Species threatened with extinction
4329,Japan,JP,JPN,Native,Mammalia,Balaenopteridae,Balaenoptera omurai,Omura's Whale,Appendix I – Species threatened with extinction
9445,Algeria,DZ,DZA,Native,Mammalia,Balaenopteridae,Balaenoptera physalus,Fin Whale,Appendix I – Species threatened with extinction
9445,Angola,AO,AGO,Native,Mammalia,Balaenopteridae,Balaenoptera physalus,Fin Whale,Appendix I – Species threatened with extinction
9445,Antarctica,AQ,ATA,Native,Mammalia,Balaenopteridae,Balaenoptera physalus,Fin Whale,Appendix I – Species threatened with extinction
9445,Argentina,AR,ARG,Native,Mammalia,Balaenopteridae,Balaenoptera physalus,Fin Whale,Appendix I – Species threatened with extinction
9445,Australia,AU,AUS,Native,Mammalia,Balaenopteridae,Balaenoptera physalus,Fin Whale,Appendix I – Species threatened with extinction
9445,Bangladesh,BD,BGD,Native,Mammalia,Balaenopteridae,Balaenoptera physalus,Fin Whale,Appendix I – Species threatened with extinction
9445,Belgium,BE,BEL,Native,Mammalia,Balaenopteridae,Balaenoptera physalus,Fin Whale,Appendix I – Species threatened with extinction
9445,Belize,BZ,BLZ,Native,Mammalia,Balaenopteridae,Balaenoptera physalus,Fin Whale,Appendix I – Species threatened with extinction
9445,Brazil,BR,BRA,Native,Mammalia,Balaenopteridae,Balaenoptera physalus,Fin Whale,Appendix I – Species threatened with extinction
9445,Canada,CA,CAN,Native,Mammalia,Balaenopteridae,Balaenoptera physalus,Fin Whale,Appendix I – Species threatened with extinction
9445,Chile,CL,CHL,Native,Mammalia,Balaenopteridae,Balaenoptera physalus,Fin Whale,Appendix I – Species threatened with extinction
9445,Colombia,CO,COL,Native,Mammalia,Balaenopteridae,Balaenoptera physalus,Fin Whale,Appendix I – Species threatened with extinction
9445,Costa Rica,CR,CRI,Native,Mammalia,Balaenopteridae,Balaenoptera physalus,Fin Whale,Appendix I – Species threatened with extinction
9445,C√¥te d'Ivoire,,,Native,Mammalia,Balaenopteridae,Balaenoptera physalus,Fin Whale,Appendix I – Species threatened with extinction
9445,Croatia,HR,HRV,Native,Mammalia,Balaenopteridae,Balaenoptera physalus,Fin Whale,Appendix I – Species threatened with extinction
9445,Cyprus,CY,CYP,Native,Mammalia,Balaenopteridae,Balaenoptera physalus,Fin Whale,Appendix I – Species threatened with extinction
9445,Democratic People's Republic of Korea,,,Native,Mammalia,Balaenopteridae,Balaenoptera physalus,Fin Whale,Appendix I – Species threatened with extinction
9445,Denmark,DK,DNK,Native,Mammalia,Balaenopteridae,Balaenoptera physalus,Fin Whale,Appendix I – Species threatened with extinction
9445,Ecuador,EC,ECU,Native,Mammalia,Balaenopteridae,Balaenoptera physalus,Fin Whale,Appendix I – Species threatened with extinction
9445,Egypt,EG,EGY,Native,Mammalia,Balaenopteridae,Balaenoptera physalus,Fin Whale,Appendix I – Species threatened with extinction
9445,El Salvador,SV,SLV,Native,Mammalia,Balaenopteridae,Balaenoptera physalus,Fin Whale,Appendix I – Species threatened with extinction
9445,Faroe Islands,FO,FRO,Native,Mammalia,Balaenopteridae,Balaenoptera physalus,Fin Whale,Appendix I – Species threatened with extinction
9445,Fiji,FJ,FJI,Native,Mammalia,Balaenopteridae,Balaenoptera physalus,Fin Whale,Appendix I – Species threatened with extinction
9445,France,-99,-99,Native,Mammalia,Balaenopteridae,Balaenoptera physalus,Fin Whale,Appendix I – Species threatened with extinction
9445,French Polynesia,PF,PYF,Native,Mammalia,Balaenopteridae,Balaenoptera physalus,Fin Whale,Appendix I – Species threatened with extinction
9445,French Southern and Antarctic Territories,,,Native,Mammalia,Balaenopteridae,Balaenoptera physalus,Fin Whale,Appendix I – Species threatened with extinction
9445,Gabon,GA,GAB,Native,Mammalia,Balaenopteridae,Balaenoptera physalus,Fin Whale,Appendix I – Species threatened with extinction
9445,Germany,DE,DEU,Native,Mammalia,Balaenopteridae,Balaenoptera physalus,Fin Whale,Appendix I – Species threatened with extinction
9445,Greece,GR,GRC,Native,Mammalia,Balaenopteridae,Balaenoptera physalus,Fin Whale,Appendix I – Species threatened with extinction
9445,Greenland,GL,GRL,Native,Mammalia,Balaenopteridae,Balaenoptera physalus,Fin Whale,Appendix I – Species threatened with extinction
9445,Guyana,GY,GUY,Native,Mammalia,Balaenopteridae,Balaenoptera physalus,Fin Whale,Appendix I – Species threatened with extinction
9445,Honduras,HN,HND,Native,Mammalia,Balaenopteridae,Balaenoptera physalus,Fin Whale,Appendix I – Species threatened with extinction
9445,Hong Kong,,,Native,Mammalia,Balaenopteridae,Balaenoptera physalus,Fin Whale,Appendix I – Species threatened with extinction
9445,SAR,,,Native,Mammalia,Balaenopteridae,Balaenoptera physalus,Fin Whale,Appendix I – Species threatened with extinction
9445,Iceland,IS,ISL,Native,Mammalia,Balaenopteridae,Balaenoptera physalus,Fin Whale,Appendix I – Species threatened with extinction
9445,India,IN,IND,Native,Mammalia,Balaenopteridae,Balaenoptera physalus,Fin Whale,Appendix I – Species threatened with extinction
9445,Indonesia,ID,IDN,Native,Mammalia,Balaenopteridae,Balaenoptera physalus,Fin Whale,Appendix I – Species threatened with extinction
9445,Ireland,IE,IRL,Native,Mammalia,Balaenopteridae,Balaenoptera physalus,Fin Whale,Appendix I – Species threatened with extinction
9445,Israel,IL,ISR,Native,Mammalia,Balaenopteridae,Balaenoptera physalus,Fin Whale,Appendix I – Species threatened with extinction
9445,Italy,IT,ITA,Native,Mammalia,Balaenopteridae,Balaenoptera physalus,Fin Whale,Appendix I – Species threatened with extinction
9445,Japan,JP,JPN,Native,Mammalia,Balaenopteridae,Balaenoptera physalus,Fin Whale,Appendix I – Species threatened with extinction
9445,Kenya,KE,KEN,Native,Mammalia,Balaenopteridae,Balaenoptera physalus,Fin Whale,Appendix I – Species threatened with extinction
9445,Madagascar,MG,MDG,Native,Mammalia,Balaenopteridae,Balaenoptera physalus,Fin Whale,Appendix I – Species threatened with extinction
9445,Malta,MT,MLT,Native,Mammalia,Balaenopteridae,Balaenoptera physalus,Fin Whale,Appendix I – Species threatened with extinction
9445,Mauritania,MR,MRT,Native,Mammalia,Balaenopteridae,Balaenoptera physalus,Fin Whale,Appendix I – Species threatened with extinction
9445,Mexico,MX,MEX,Native,Mammalia,Balaenopteridae,Balaenoptera physalus,Fin Whale,Appendix I – Species threatened with extinction
9445,Monaco,MC,MCO,Native,Mammalia,Balaenopteridae,Balaenoptera physalus,Fin Whale,Appendix I – Species threatened with extinction
9445,Morocco,MA,MAR,Native,Mammalia,Balaenopteridae,Balaenoptera physalus,Fin Whale,Appendix I – Species threatened with extinction
9445,Mozambique,MZ,MOZ,Native,Mammalia,Balaenopteridae,Balaenoptera physalus,Fin Whale,Appendix I – Species threatened with extinction
9445,Myanmar,MM,MMR,Native,Mammalia,Balaenopteridae,Balaenoptera physalus,Fin Whale,Appendix I – Species threatened with extinction
9445,Namibia,NA,NAM,Native,Mammalia,Balaenopteridae,Balaenoptera physalus,Fin Whale,Appendix I – Species threatened with extinction
9445,Netherlands,NL,NLD,Native,Mammalia,Balaenopteridae,Balaenoptera physalus,Fin Whale,Appendix I – Species threatened with extinction
9445,Netherlands Antilles,,,Native,Mammalia,Balaenopteridae,Balaenoptera physalus,Fin Whale,Appendix I – Species threatened with extinction
9445,New Zealand,NZ,NZL,Native,Mammalia,Balaenopteridae,Balaenoptera physalus,Fin Whale,Appendix I – Species threatened with extinction
9445,Norway,-99,-99,Native,Mammalia,Balaenopteridae,Balaenoptera physalus,Fin Whale,Appendix I – Species threatened with extinction
9445,Pakistan,PK,PAK,Native,Mammalia,Balaenopteridae,Balaenoptera physalus,Fin Whale,Appendix I – Species threatened with extinction
9445,Peru,PE,PER,Native,Mammalia,Balaenopteridae,Balaenoptera physalus,Fin Whale,Appendix I – Species threatened with extinction
9445,Poland,PL,POL,Native,Mammalia,Balaenopteridae,Balaenoptera physalus,Fin Whale,Appendix I – Species threatened with extinction
9445,Portugal,PT,PRT,Native,Mammalia,Balaenopteridae,Balaenoptera physalus,Fin Whale,Appendix I – Species threatened with extinction
9445,Republic of Korea,,,Native,Mammalia,Balaenopteridae,Balaenoptera physalus,Fin Whale,Appendix I – Species threatened with extinction
9445,Russian Federation,,,Native,Mammalia,Balaenopteridae,Balaenoptera physalus,Fin Whale,Appendix I – Species threatened with extinction
9445,Sao Tome and Principe,,,Native,Mammalia,Balaenopteridae,Balaenoptera physalus,Fin Whale,Appendix I – Species threatened with extinction
9445,Saudi Arabia,SA,SAU,Native,Mammalia,Balaenopteridae,Balaenoptera physalus,Fin Whale,Appendix I – Species threatened with extinction
9445,South Africa,ZA,ZAF,Native,Mammalia,Balaenopteridae,Balaenoptera physalus,Fin Whale,Appendix I – Species threatened with extinction
9445,South Georgia and South Sandwich Islands (United Kingdom),,,Native,Mammalia,Balaenopteridae,Balaenoptera physalus,Fin Whale,Appendix I – Species threatened with extinction
9445,Spain,ES,ESP,Native,Mammalia,Balaenopteridae,Balaenoptera physalus,Fin Whale,Appendix I – Species threatened with extinction
9445,Sri Lanka,LK,LKA,Native,Mammalia,Balaenopteridae,Balaenoptera physalus,Fin Whale,Appendix I – Species threatened with extinction
9445,Suriname,SR,SUR,Native,Mammalia,Balaenopteridae,Balaenoptera physalus,Fin Whale,Appendix I – Species threatened with extinction
9445,Svalbard and Jan Mayen Islands,,,Native,Mammalia,Balaenopteridae,Balaenoptera physalus,Fin Whale,Appendix I – Species threatened with extinction
9445,Taiwan,CN-TW,TWN,Native,Mammalia,Balaenopteridae,Balaenoptera physalus,Fin Whale,Appendix I – Species threatened with extinction
9445,Province of China,,,Native,Mammalia,Balaenopteridae,Balaenoptera physalus,Fin Whale,Appendix I – Species threatened with extinction
9445,Tunisia,TN,TUN,Native,Mammalia,Balaenopteridae,Balaenoptera physalus,Fin Whale,Appendix I – Species threatened with extinction
9445,T√ºrkiye,,,Native,Mammalia,Balaenopteridae,Balaenoptera physalus,Fin Whale,Appendix I – Species threatened with extinction
9445,United Arab Emirates,AE,ARE,Native,Mammalia,Balaenopteridae,Balaenoptera physalus,Fin Whale,Appendix I – Species threatened with extinction
9445,United Kingdom of Great Britain and Northern Ireland,,,Native,Mammalia,Balaenopteridae,Balaenoptera physalus,Fin Whale,Appendix I – Species threatened with extinction
9445,United Republic of Tanzania,TZ,TZA,Native,Mammalia,Balaenopteridae,Balaenoptera physalus,Fin Whale,Appendix I – Species threatened with extinction
9445,United States of America,US,USA,Native,Mammalia,Balaenopteridae,Balaenoptera physalus,Fin Whale,Appendix I – Species threatened with extinction
9445,Uruguay,UY,URY,Native,Mammalia,Balaenopteridae,Balaenoptera physalus,Fin Whale,Appendix I – Species threatened with extinction
9445,Venezuela (Bolivarian Republic of),,,Native,Mammalia,Balaenopteridae,Balaenoptera physalus,Fin Whale,Appendix I – Species threatened with extinction
3052,American Samoa,AS,ASM,Native,Mammalia,Balaenopteridae,Megaptera novaeangliae,Humpback Whale,Appendix I – Species threatened with extinction
3052,Angola,AO,AGO,Native,Mammalia,Balaenopteridae,Megaptera novaeangliae,Humpback Whale,Appendix I – Species threatened with extinction
3052,Anguilla (United Kingdom),,,Native,Mammalia,Balaenopteridae,Megaptera novaeangliae,Humpback Whale,Appendix I – Species threatened with extinction
3052,Antarctica,AQ,ATA,Native,Mammalia,Balaenopteridae,Megaptera novaeangliae,Humpback Whale,Appendix I – Species threatened with extinction
3052,Argentina,AR,ARG,Native,Mammalia,Balaenopteridae,Megaptera novaeangliae,Humpback Whale,Appendix I – Species threatened with extinction
3052,Australia,AU,AUS,Native,Mammalia,Balaenopteridae,Megaptera novaeangliae,Humpback Whale,Appendix I – Species threatened with extinction
3052,Bangladesh,BD,BGD,Native,Mammalia,Balaenopteridae,Megaptera novaeangliae,Humpback Whale,Appendix I – Species threatened with extinction
3052,Barbados,BB,BRB,Native,Mammalia,Balaenopteridae,Megaptera novaeangliae,Humpback Whale,Appendix I – Species threatened with extinction
3052,Benin,BJ,BEN,Native,Mammalia,Balaenopteridae,Megaptera novaeangliae,Humpback Whale,Appendix I – Species threatened with extinction
3052,Bermuda (United Kingdom),,,Native,Mammalia,Balaenopteridae,Megaptera novaeangliae,Humpback Whale,Appendix I – Species threatened with extinction
3052,Bonaire,,,Native,Mammalia,Balaenopteridae,Megaptera novaeangliae,Humpback Whale,Appendix I – Species threatened with extinction
3052,Saint Eustatius and Saba,,,Native,Mammalia,Balaenopteridae,Megaptera novaeangliae,Humpback Whale,Appendix I – Species threatened with extinction
3052,Brazil,BR,BRA,Native,Mammalia,Balaenopteridae,Megaptera novaeangliae,Humpback Whale,Appendix I – Species threatened with extinction
3052,Cabo Verde,CV,CPV,Native,Mammalia,Balaenopteridae,Megaptera novaeangliae,Humpback Whale,Appendix I – Species threatened with extinction
3052,Canada,CA,CAN,Native,Mammalia,Balaenopteridae,Megaptera novaeangliae,Humpback Whale,Appendix I – Species threatened with extinction
3052,Chile,CL,CHL,Native,Mammalia,Balaenopteridae,Megaptera novaeangliae,Humpback Whale,Appendix I – Species threatened with extinction
3052,Colombia,CO,COL,Native,Mammalia,Balaenopteridae,Megaptera novaeangliae,Humpback Whale,Appendix I – Species threatened with extinction
3052,Comoros,KM,COM,Native,Mammalia,Balaenopteridae,Megaptera novaeangliae,Humpback Whale,Appendix I – Species threatened with extinction
3052,Congo,,,Native,Mammalia,Balaenopteridae,Megaptera novaeangliae,Humpback Whale,Appendix I – Species threatened with extinction
3052,Cook Islands,CK,COK,Native,Mammalia,Balaenopteridae,Megaptera novaeangliae,Humpback Whale,Appendix I – Species threatened with extinction
3052,Costa Rica,CR,CRI,Native,Mammalia,Balaenopteridae,Megaptera novaeangliae,Humpback Whale,Appendix I – Species threatened with extinction
3052,Democratic People's Republic of Korea,,,Native,Mammalia,Balaenopteridae,Megaptera novaeangliae,Humpback Whale,Appendix I – Species threatened with extinction
3052,Democratic Republic of the Congo,CD,COD,Native,Mammalia,Balaenopteridae,Megaptera novaeangliae,Humpback Whale,Appendix I – Species threatened with extinction
3052,Dominican Republic,DO,DOM,Native,Mammalia,Balaenopteridae,Megaptera novaeangliae,Humpback Whale,Appendix I – Species threatened with extinction
3052,Ecuador,EC,ECU,Native,Mammalia,Balaenopteridae,Megaptera novaeangliae,Humpback Whale,Appendix I – Species threatened with extinction
3052,El Salvador,SV,SLV,Native,Mammalia,Balaenopteridae,Megaptera novaeangliae,Humpback Whale,Appendix I – Species threatened with extinction
3052,Equatorial Guinea,GQ,GNQ,Native,Mammalia,Balaenopteridae,Megaptera novaeangliae,Humpback Whale,Appendix I – Species threatened with extinction
3052,Falkland Islands (Malvinas),,,Native,Mammalia,Balaenopteridae,Megaptera novaeangliae,Humpback Whale,Appendix I – Species threatened with extinction
3052,Fiji,FJ,FJI,Native,Mammalia,Balaenopteridae,Megaptera novaeangliae,Humpback Whale,Appendix I – Species threatened with extinction
3052,France,-99,-99,Native,Mammalia,Balaenopteridae,Megaptera novaeangliae,Humpback Whale,Appendix I – Species threatened with extinction
3052,French Polynesia,PF,PYF,Native,Mammalia,Balaenopteridae,Megaptera novaeangliae,Humpback Whale,Appendix I – Species threatened with extinction
3052,French Southern and Antarctic Territories,,,Native,Mammalia,Balaenopteridae,Megaptera novaeangliae,Humpback Whale,Appendix I – Species threatened with extinction
3052,Gabon,GA,GAB,Native,Mammalia,Balaenopteridae,Megaptera novaeangliae,Humpback Whale,Appendix I – Species threatened with extinction
3052,Ghana,GH,GHA,Native,Mammalia,Balaenopteridae,Megaptera novaeangliae,Humpback Whale,Appendix I – Species threatened with extinction
3052,Greenland,GL,GRL,Native,Mammalia,Balaenopteridae,Megaptera novaeangliae,Humpback Whale,Appendix I – Species threatened with extinction
3052,Grenada,GD,GRD,Native,Mammalia,Balaenopteridae,Megaptera novaeangliae,Humpback Whale,Appendix I – Species threatened with extinction
3052,Guadeloupe,,,Native,Mammalia,Balaenopteridae,Megaptera novaeangliae,Humpback Whale,Appendix I – Species threatened with extinction
3052,Honduras,HN,HND,Native,Mammalia,Balaenopteridae,Megaptera novaeangliae,Humpback Whale,Appendix I – Species threatened with extinction
3052,Iceland,IS,ISL,Native,Mammalia,Balaenopteridae,Megaptera novaeangliae,Humpback Whale,Appendix I – Species threatened with extinction
3052,India,IN,IND,Native,Mammalia,Balaenopteridae,Megaptera novaeangliae,Humpback Whale,Appendix I – Species threatened with extinction
3052,Indonesia,ID,IDN,Native,Mammalia,Balaenopteridae,Megaptera novaeangliae,Humpback Whale,Appendix I – Species threatened with extinction
3052,Iraq,IQ,IRQ,Native,Mammalia,Balaenopteridae,Megaptera novaeangliae,Humpback Whale,Appendix I – Species threatened with extinction
3052,Ireland,IE,IRL,Native,Mammalia,Balaenopteridae,Megaptera novaeangliae,Humpback Whale,Appendix I – Species threatened with extinction
3052,Japan,JP,JPN,Native,Mammalia,Balaenopteridae,Megaptera novaeangliae,Humpback Whale,Appendix I – Species threatened with extinction
3052,Kenya,KE,KEN,Native,Mammalia,Balaenopteridae,Megaptera novaeangliae,Humpback Whale,Appendix I – Species threatened with extinction
3052,Madagascar,MG,MDG,Native,Mammalia,Balaenopteridae,Megaptera novaeangliae,Humpback Whale,Appendix I – Species threatened with extinction
3052,Malaysia,MY,MYS,Native,Mammalia,Balaenopteridae,Megaptera novaeangliae,Humpback Whale,Appendix I – Species threatened with extinction
3052,Malta,MT,MLT,Native,Mammalia,Balaenopteridae,Megaptera novaeangliae,Humpback Whale,Appendix I – Species threatened with extinction
3052,Marshall Islands,MH,MHL,Native,Mammalia,Balaenopteridae,Megaptera novaeangliae,Humpback Whale,Appendix I – Species threatened with extinction
3052,Martinique,,,Native,Mammalia,Balaenopteridae,Megaptera novaeangliae,Humpback Whale,Appendix I – Species threatened with extinction
3052,Mauritania,MR,MRT,Native,Mammalia,Balaenopteridae,Megaptera novaeangliae,Humpback Whale,Appendix I – Species threatened with extinction
3052,Mayotte,,,Native,Mammalia,Balaenopteridae,Megaptera novaeangliae,Humpback Whale,Appendix I – Species threatened with extinction
3052,Mexico,MX,MEX,Native,Mammalia,Balaenopteridae,Megaptera novaeangliae,Humpback Whale,Appendix I – Species threatened with extinction
3052,Morocco,MA,MAR,Native,Mammalia,Balaenopteridae,Megaptera novaeangliae,Humpback Whale,Appendix I – Species threatened with extinction
3052,Mozambique,MZ,MOZ,Native,Mammalia,Balaenopteridae,Megaptera novaeangliae,Humpback Whale,Appendix I – Species threatened with extinction
3052,Namibia,NA,NAM,Native,Mammalia,Balaenopteridae,Megaptera novaeangliae,Humpback Whale,Appendix I – Species threatened with extinction
3052,Netherlands,NL,NLD,Native,Mammalia,Balaenopteridae,Megaptera novaeangliae,Humpback Whale,Appendix I – Species threatened with extinction
3052,Netherlands Antilles,,,Native,Mammalia,Balaenopteridae,Megaptera novaeangliae,Humpback Whale,Appendix I – Species threatened with extinction
3052,New Caledonia,NC,NCL,Native,Mammalia,Balaenopteridae,Megaptera novaeangliae,Humpback Whale,Appendix I – Species threatened with extinction
3052,New Zealand,NZ,NZL,Native,Mammalia,Balaenopteridae,Megaptera novaeangliae,Humpback Whale,Appendix I – Species threatened with extinction
3052,Nicaragua,NI,NIC,Native,Mammalia,Balaenopteridae,Megaptera novaeangliae,Humpback Whale,Appendix I – Species threatened with extinction
3052,Nigeria,NG,NGA,Native,Mammalia,Balaenopteridae,Megaptera novaeangliae,Humpback Whale,Appendix I – Species threatened with extinction
3052,Northern Mariana Islands,MP,MNP,Native,Mammalia,Balaenopteridae,Megaptera novaeangliae,Humpback Whale,Appendix I – Species threatened with extinction
3052,Norway,-99,-99,Native,Mammalia,Balaenopteridae,Megaptera novaeangliae,Humpback Whale,Appendix I – Species threatened with extinction
3052,Oman,OM,OMN,Native,Mammalia,Balaenopteridae,Megaptera novaeangliae,Humpback Whale,Appendix I – Species threatened with extinction
3052,Pakistan,PK,PAK,Native,Mammalia,Balaenopteridae,Megaptera novaeangliae,Humpback Whale,Appendix I – Species threatened with extinction
3052,Panama,PA,PAN,Native,Mammalia,Balaenopteridae,Megaptera novaeangliae,Humpback Whale,Appendix I – Species threatened with extinction
3052,Peru,PE,PER,Native,Mammalia,Balaenopteridae,Megaptera novaeangliae,Humpback Whale,Appendix I – Species threatened with extinction
3052,Philippines,PH,PHL,Native,Mammalia,Balaenopteridae,Megaptera novaeangliae,Humpback Whale,Appendix I – Species threatened with extinction
3052,Pitcairn Islands (United Kingdom),,,Native,Mammalia,Balaenopteridae,Megaptera novaeangliae,Humpback Whale,Appendix I – Species threatened with extinction
3052,Poland,PL,POL,Native,Mammalia,Balaenopteridae,Megaptera novaeangliae,Humpback Whale,Appendix I – Species threatened with extinction
3052,Portugal,PT,PRT,Native,Mammalia,Balaenopteridae,Megaptera novaeangliae,Humpback Whale,Appendix I – Species threatened with extinction
3052,Republic of Korea,,,Native,Mammalia,Balaenopteridae,Megaptera novaeangliae,Humpback Whale,Appendix I – Species threatened with extinction
3052,Russian Federation,,,Native,Mammalia,Balaenopteridae,Megaptera novaeangliae,Humpback Whale,Appendix I – Species threatened with extinction
3052,Saint Helena and Dependencies (United Kingdom),,,Native,Mammalia,Balaenopteridae,Megaptera novaeangliae,Humpback Whale,Appendix I – Species threatened with extinction
3052,Saint Lucia,LC,LCA,Native,Mammalia,Balaenopteridae,Megaptera novaeangliae,Humpback Whale,Appendix I – Species threatened with extinction
3052,Saint Vincent and the Grenadines,VC,VCT,Native,Mammalia,Balaenopteridae,Megaptera novaeangliae,Humpback Whale,Appendix I – Species threatened with extinction
3052,Samoa,WS,WSM,Native,Mammalia,Balaenopteridae,Megaptera novaeangliae,Humpback Whale,Appendix I – Species threatened with extinction
3052,Sao Tome and Principe,,,Native,Mammalia,Balaenopteridae,Megaptera novaeangliae,Humpback Whale,Appendix I – Species threatened with extinction
3052,Solomon Islands,SB,SLB,Native,Mammalia,Balaenopteridae,Megaptera novaeangliae,Humpback Whale,Appendix I – Species threatened with extinction
3052,South Africa,ZA,ZAF,Native,Mammalia,Balaenopteridae,Megaptera novaeangliae,Humpback Whale,Appendix I – Species threatened with extinction
3052,South Georgia and South Sandwich Islands (United Kingdom),,,Native,Mammalia,Balaenopteridae,Megaptera novaeangliae,Humpback Whale,Appendix I – Species threatened with extinction
3052,Spain,ES,ESP,Native,Mammalia,Balaenopteridae,Megaptera novaeangliae,Humpback Whale,Appendix I – Species threatened with extinction
3052,Sri Lanka,LK,LKA,Native,Mammalia,Balaenopteridae,Megaptera novaeangliae,Humpback Whale,Appendix I – Species threatened with extinction
3052,Svalbard and Jan Mayen Islands,,,Native,Mammalia,Balaenopteridae,Megaptera novaeangliae,Humpback Whale,Appendix I – Species threatened with extinction
3052,Taiwan,CN-TW,TWN,Native,Mammalia,Balaenopteridae,Megaptera novaeangliae,Humpback Whale,Appendix I – Species threatened with extinction
3052,Province of China,,,Native,Mammalia,Balaenopteridae,Megaptera novaeangliae,Humpback Whale,Appendix I – Species threatened with extinction
3052,Togo,TG,TGO,Native,Mammalia,Balaenopteridae,Megaptera novaeangliae,Humpback Whale,Appendix I – Species threatened with extinction
3052,Tonga,TO,TON,Native,Mammalia,Balaenopteridae,Megaptera novaeangliae,Humpback Whale,Appendix I – Species threatened with extinction
3052,Trinidad and Tobago,TT,TTO,Native,Mammalia,Balaenopteridae,Megaptera novaeangliae,Humpback Whale,Appendix I – Species threatened with extinction
3052,United Republic of Tanzania,TZ,TZA,Native,Mammalia,Balaenopteridae,Megaptera novaeangliae,Humpback Whale,Appendix I – Species threatened with extinction
3052,United States of America,US,USA,Native,Mammalia,Balaenopteridae,Megaptera novaeangliae,Humpback Whale,Appendix I – Species threatened with extinction
3052,Uruguay,UY,URY,Native,Mammalia,Balaenopteridae,Megaptera novaeangliae,Humpback Whale,Appendix I – Species threatened with extinction
3052,Vanuatu,VU,VUT,Native,Mammalia,Balaenopteridae,Megaptera novaeangliae,Humpback Whale,Appendix I – Species threatened with extinction
3052,Venezuela (Bolivarian Republic of),,,Native,Mammalia,Balaenopteridae,Megaptera novaeangliae,Humpback Whale,Appendix I – Species threatened with extinction
3052,Viet Nam,,,Native,Mammalia,Balaenopteridae,Megaptera novaeangliae,Humpback Whale,Appendix I – Species threatened with extinction
7265,Argentina,AR,ARG,Native,Mammalia,Delphinidae,Cephalorhynchus commersonii,Commerson's Dolphin,Appendix II – Trade regulated
7265,Chile,CL,CHL,Native,Mammalia,Delphinidae,Cephalorhynchus commersonii,Commerson's Dolphin,Appendix II – Trade regulated
7265,Falkland Islands (Malvinas),,,Native,Mammalia,Delphinidae,Cephalorhynchus commersonii,Commerson's Dolphin,Appendix II – Trade regulated
7265,French Southern and Antarctic Territories,,,Native,Mammalia,Delphinidae,Cephalorhynchus commersonii,Commerson's Dolphin,Appendix II – Trade regulated
7265,Heard and McDonald Islands,,,Native,Mammalia,Delphinidae,Cephalorhynchus commersonii,Commerson's Dolphin,Appendix II – Trade regulated
10200,Chile,CL,CHL,Native,Mammalia,Delphinidae,Cephalorhynchus eutropia,Chilean Dolphin,Appendix II – Trade regulated
4438,Angola,AO,AGO,Native,Mammalia,Delphinidae,Cephalorhynchus heavisidii,Heaviside's Dolphin,Appendix II – Trade regulated
4438,Namibia,NA,NAM,Native,Mammalia,Delphinidae,Cephalorhynchus heavisidii,Heaviside's Dolphin,Appendix II – Trade regulated
4438,South Africa,ZA,ZAF,Native,Mammalia,Delphinidae,Cephalorhynchus heavisidii,Heaviside's Dolphin,Appendix II – Trade regulated
5314,New Zealand,NZ,NZL,Native,Mammalia,Delphinidae,Cephalorhynchus hectori,Hector's Dolphin,Appendix II – Trade regulated
5623,Angola,AO,AGO,Native,Mammalia,Delphinidae,Delphinus capensis,Long-beaked Common Dolphin,Appendix II – Trade regulated
5623,Argentina,AR,ARG,Native,Mammalia,Delphinidae,Delphinus capensis,Long-beaked Common Dolphin,Appendix II – Trade regulated
5623,Bangladesh,BD,BGD,Native,Mammalia,Delphinidae,Delphinus capensis,Long-beaked Common Dolphin,Appendix II – Trade regulated
5623,Brazil,BR,BRA,Native,Mammalia,Delphinidae,Delphinus capensis,Long-beaked Common Dolphin,Appendix II – Trade regulated
5623,Cambodia,KH,KHM,Native,Mammalia,Delphinidae,Delphinus capensis,Long-beaked Common Dolphin,Appendix II – Trade regulated
5623,Chile,CL,CHL,Native,Mammalia,Delphinidae,Delphinus capensis,Long-beaked Common Dolphin,Appendix II – Trade regulated
5623,China,CN,CHN,Native,Mammalia,Delphinidae,Delphinus capensis,Long-beaked Common Dolphin,Appendix II – Trade regulated
5623,Colombia,CO,COL,Native,Mammalia,Delphinidae,Delphinus capensis,Long-beaked Common Dolphin,Appendix II – Trade regulated
5623,Congo,,,Native,Mammalia,Delphinidae,Delphinus capensis,Long-beaked Common Dolphin,Appendix II – Trade regulated
5623,C√¥te d'Ivoire,,,Native,Mammalia,Delphinidae,Delphinus capensis,Long-beaked Common Dolphin,Appendix II – Trade regulated
5623,Democratic People's Republic of Korea,,,Native,Mammalia,Delphinidae,Delphinus capensis,Long-beaked Common Dolphin,Appendix II – Trade regulated
5623,Djibouti,DJ,DJI,Native,Mammalia,Delphinidae,Delphinus capensis,Long-beaked Common Dolphin,Appendix II – Trade regulated
5623,Eritrea,ER,ERI,Native,Mammalia,Delphinidae,Delphinus capensis,Long-beaked Common Dolphin,Appendix II – Trade regulated
5623,French Guiana [FR],,,Native,Mammalia,Delphinidae,Delphinus capensis,Long-beaked Common Dolphin,Appendix II – Trade regulated
5623,Gabon,GA,GAB,Native,Mammalia,Delphinidae,Delphinus capensis,Long-beaked Common Dolphin,Appendix II – Trade regulated
5623,Gambia,GM,GMB,Native,Mammalia,Delphinidae,Delphinus capensis,Long-beaked Common Dolphin,Appendix II – Trade regulated
5623,Ghana,GH,GHA,Native,Mammalia,Delphinidae,Delphinus capensis,Long-beaked Common Dolphin,Appendix II – Trade regulated
5623,Guyana,GY,GUY,Native,Mammalia,Delphinidae,Delphinus capensis,Long-beaked Common Dolphin,Appendix II – Trade regulated
5623,Hong Kong,,,Native,Mammalia,Delphinidae,Delphinus capensis,Long-beaked Common Dolphin,Appendix II – Trade regulated
5623,SAR,,,Native,Mammalia,Delphinidae,Delphinus capensis,Long-beaked Common Dolphin,Appendix II – Trade regulated
5623,India,IN,IND,Native,Mammalia,Delphinidae,Delphinus capensis,Long-beaked Common Dolphin,Appendix II – Trade regulated
5623,Indonesia,ID,IDN,Native,Mammalia,Delphinidae,Delphinus capensis,Long-beaked Common Dolphin,Appendix II – Trade regulated
5623,Iran (Islamic Republic of),,,Native,Mammalia,Delphinidae,Delphinus capensis,Long-beaked Common Dolphin,Appendix II – Trade regulated
5623,Japan,JP,JPN,Native,Mammalia,Delphinidae,Delphinus capensis,Long-beaked Common Dolphin,Appendix II – Trade regulated
5623,Kenya,KE,KEN,Native,Mammalia,Delphinidae,Delphinus capensis,Long-beaked Common Dolphin,Appendix II – Trade regulated
5623,Madagascar,MG,MDG,Native,Mammalia,Delphinidae,Delphinus capensis,Long-beaked Common Dolphin,Appendix II – Trade regulated
5623,Malaysia,MY,MYS,Native,Mammalia,Delphinidae,Delphinus capensis,Long-beaked Common Dolphin,Appendix II – Trade regulated
5623,Maldives,MV,MDV,Native,Mammalia,Delphinidae,Delphinus capensis,Long-beaked Common Dolphin,Appendix II – Trade regulated
5623,Mauritania,MR,MRT,Native,Mammalia,Delphinidae,Delphinus capensis,Long-beaked Common Dolphin,Appendix II – Trade regulated
5623,Mexico,MX,MEX,Native,Mammalia,Delphinidae,Delphinus capensis,Long-beaked Common Dolphin,Appendix II – Trade regulated
5623,Mozambique,MZ,MOZ,Native,Mammalia,Delphinidae,Delphinus capensis,Long-beaked Common Dolphin,Appendix II – Trade regulated
5623,New Caledonia,NC,NCL,Native,Mammalia,Delphinidae,Delphinus capensis,Long-beaked Common Dolphin,Appendix II – Trade regulated
5623,New Zealand,NZ,NZL,Native,Mammalia,Delphinidae,Delphinus capensis,Long-beaked Common Dolphin,Appendix II – Trade regulated
5623,Oman,OM,OMN,Native,Mammalia,Delphinidae,Delphinus capensis,Long-beaked Common Dolphin,Appendix II – Trade regulated
5623,Pakistan,PK,PAK,Native,Mammalia,Delphinidae,Delphinus capensis,Long-beaked Common Dolphin,Appendix II – Trade regulated
5623,Peru,PE,PER,Native,Mammalia,Delphinidae,Delphinus capensis,Long-beaked Common Dolphin,Appendix II – Trade regulated
5623,Republic of Korea,,,Native,Mammalia,Delphinidae,Delphinus capensis,Long-beaked Common Dolphin,Appendix II – Trade regulated
5623,Saudi Arabia,SA,SAU,Native,Mammalia,Delphinidae,Delphinus capensis,Long-beaked Common Dolphin,Appendix II – Trade regulated
5623,Senegal,SN,SEN,Native,Mammalia,Delphinidae,Delphinus capensis,Long-beaked Common Dolphin,Appendix II – Trade regulated
5623,Singapore,SG,SGP,Native,Mammalia,Delphinidae,Delphinus capensis,Long-beaked Common Dolphin,Appendix II – Trade regulated
5623,Somalia,SO,SOM,Native,Mammalia,Delphinidae,Delphinus capensis,Long-beaked Common Dolphin,Appendix II – Trade regulated
5623,South Africa,ZA,ZAF,Native,Mammalia,Delphinidae,Delphinus capensis,Long-beaked Common Dolphin,Appendix II – Trade regulated
5623,Sri Lanka,LK,LKA,Native,Mammalia,Delphinidae,Delphinus capensis,Long-beaked Common Dolphin,Appendix II – Trade regulated
5623,Suriname,SR,SUR,Native,Mammalia,Delphinidae,Delphinus capensis,Long-beaked Common Dolphin,Appendix II – Trade regulated
5623,Taiwan,CN-TW,TWN,Native,Mammalia,Delphinidae,Delphinus capensis,Long-beaked Common Dolphin,Appendix II – Trade regulated
5623,Province of China,,,Native,Mammalia,Delphinidae,Delphinus capensis,Long-beaked Common Dolphin,Appendix II – Trade regulated
5623,Thailand,TH,THA,Native,Mammalia,Delphinidae,Delphinus capensis,Long-beaked Common Dolphin,Appendix II – Trade regulated
5623,United Arab Emirates,AE,ARE,Native,Mammalia,Delphinidae,Delphinus capensis,Long-beaked Common Dolphin,Appendix II – Trade regulated
5623,United Republic of Tanzania,TZ,TZA,Native,Mammalia,Delphinidae,Delphinus capensis,Long-beaked Common Dolphin,Appendix II – Trade regulated
5623,United States of America,US,USA,Native,Mammalia,Delphinidae,Delphinus capensis,Long-beaked Common Dolphin,Appendix II – Trade regulated
5623,Uruguay,UY,URY,Native,Mammalia,Delphinidae,Delphinus capensis,Long-beaked Common Dolphin,Appendix II – Trade regulated
5623,Venezuela (Bolivarian Republic of),,,Native,Mammalia,Delphinidae,Delphinus capensis,Long-beaked Common Dolphin,Appendix II – Trade regulated
5623,Viet Nam,,,Native,Mammalia,Delphinidae,Delphinus capensis,Long-beaked Common Dolphin,Appendix II – Trade regulated
5623,Western Sahara,EH,ESH,Native,Mammalia,Delphinidae,Delphinus capensis,Long-beaked Common Dolphin,Appendix II – Trade regulated
5623,Yemen,YE,YEM,Native,Mammalia,Delphinidae,Delphinus capensis,Long-beaked Common Dolphin,Appendix II – Trade regulated
5924,Albania,AL,ALB,Native,Mammalia,Delphinidae,Delphinus delphis,Short-beaked Common Dolphin,Appendix II – Trade regulated
5924,Algeria,DZ,DZA,Native,Mammalia,Delphinidae,Delphinus delphis,Short-beaked Common Dolphin,Appendix II – Trade regulated
5924,Argentina,AR,ARG,Native,Mammalia,Delphinidae,Delphinus delphis,Short-beaked Common Dolphin,Appendix II – Trade regulated
5924,Australia,AU,AUS,Native,Mammalia,Delphinidae,Delphinus delphis,Short-beaked Common Dolphin,Appendix II – Trade regulated
5924,Belgium,BE,BEL,Native,Mammalia,Delphinidae,Delphinus delphis,Short-beaked Common Dolphin,Appendix II – Trade regulated
5924,Bosnia and Herzegovina,BA,BIH,Native,Mammalia,Delphinidae,Delphinus delphis,Short-beaked Common Dolphin,Appendix II – Trade regulated
5924,Brazil,BR,BRA,Native,Mammalia,Delphinidae,Delphinus delphis,Short-beaked Common Dolphin,Appendix II – Trade regulated
5924,Bulgaria,BG,BGR,Native,Mammalia,Delphinidae,Delphinus delphis,Short-beaked Common Dolphin,Appendix II – Trade regulated
5924,Canada,CA,CAN,Native,Mammalia,Delphinidae,Delphinus delphis,Short-beaked Common Dolphin,Appendix II – Trade regulated
5924,Chile,CL,CHL,Native,Mammalia,Delphinidae,Delphinus delphis,Short-beaked Common Dolphin,Appendix II – Trade regulated
5924,Colombia,CO,COL,Native,Mammalia,Delphinidae,Delphinus delphis,Short-beaked Common Dolphin,Appendix II – Trade regulated
5924,Costa Rica,CR,CRI,Native,Mammalia,Delphinidae,Delphinus delphis,Short-beaked Common Dolphin,Appendix II – Trade regulated
5924,Croatia,HR,HRV,Native,Mammalia,Delphinidae,Delphinus delphis,Short-beaked Common Dolphin,Appendix II – Trade regulated
5924,Cyprus,CY,CYP,Native,Mammalia,Delphinidae,Delphinus delphis,Short-beaked Common Dolphin,Appendix II – Trade regulated
5924,Denmark,DK,DNK,Native,Mammalia,Delphinidae,Delphinus delphis,Short-beaked Common Dolphin,Appendix II – Trade regulated
5924,Ecuador,EC,ECU,Native,Mammalia,Delphinidae,Delphinus delphis,Short-beaked Common Dolphin,Appendix II – Trade regulated
5924,Egypt,EG,EGY,Native,Mammalia,Delphinidae,Delphinus delphis,Short-beaked Common Dolphin,Appendix II – Trade regulated
5924,El Salvador,SV,SLV,Native,Mammalia,Delphinidae,Delphinus delphis,Short-beaked Common Dolphin,Appendix II – Trade regulated
5924,France,-99,-99,Native,Mammalia,Delphinidae,Delphinus delphis,Short-beaked Common Dolphin,Appendix II – Trade regulated
5924,Gabon,GA,GAB,Native,Mammalia,Delphinidae,Delphinus delphis,Short-beaked Common Dolphin,Appendix II – Trade regulated
5924,Gambia,GM,GMB,Native,Mammalia,Delphinidae,Delphinus delphis,Short-beaked Common Dolphin,Appendix II – Trade regulated
5924,Georgia,GE,GEO,Native,Mammalia,Delphinidae,Delphinus delphis,Short-beaked Common Dolphin,Appendix II – Trade regulated
5924,Germany,DE,DEU,Native,Mammalia,Delphinidae,Delphinus delphis,Short-beaked Common Dolphin,Appendix II – Trade regulated
5924,Gibraltar (United Kingdom),,,Native,Mammalia,Delphinidae,Delphinus delphis,Short-beaked Common Dolphin,Appendix II – Trade regulated
5924,Greece,GR,GRC,Native,Mammalia,Delphinidae,Delphinus delphis,Short-beaked Common Dolphin,Appendix II – Trade regulated
5924,Greenland,GL,GRL,Native,Mammalia,Delphinidae,Delphinus delphis,Short-beaked Common Dolphin,Appendix II – Trade regulated
5924,Guatemala,GT,GTM,Native,Mammalia,Delphinidae,Delphinus delphis,Short-beaked Common Dolphin,Appendix II – Trade regulated
5924,Guinea,GN,GIN,Native,Mammalia,Delphinidae,Delphinus delphis,Short-beaked Common Dolphin,Appendix II – Trade regulated
5924,Guinea Bissau,,,Native,Mammalia,Delphinidae,Delphinus delphis,Short-beaked Common Dolphin,Appendix II – Trade regulated
5924,Honduras,HN,HND,Native,Mammalia,Delphinidae,Delphinus delphis,Short-beaked Common Dolphin,Appendix II – Trade regulated
5924,Iceland,IS,ISL,Native,Mammalia,Delphinidae,Delphinus delphis,Short-beaked Common Dolphin,Appendix II – Trade regulated
5924,Ireland,IE,IRL,Native,Mammalia,Delphinidae,Delphinus delphis,Short-beaked Common Dolphin,Appendix II – Trade regulated
5924,Israel,IL,ISR,Native,Mammalia,Delphinidae,Delphinus delphis,Short-beaked Common Dolphin,Appendix II – Trade regulated
5924,Italy,IT,ITA,Native,Mammalia,Delphinidae,Delphinus delphis,Short-beaked Common Dolphin,Appendix II – Trade regulated
5924,Lebanon,LB,LBN,Native,Mammalia,Delphinidae,Delphinus delphis,Short-beaked Common Dolphin,Appendix II – Trade regulated
5924,Libya,LY,LBY,Native,Mammalia,Delphinidae,Delphinus delphis,Short-beaked Common Dolphin,Appendix II – Trade regulated
5924,Malaysia,MY,MYS,Native,Mammalia,Delphinidae,Delphinus delphis,Short-beaked Common Dolphin,Appendix II – Trade regulated
5924,Malta,MT,MLT,Native,Mammalia,Delphinidae,Delphinus delphis,Short-beaked Common Dolphin,Appendix II – Trade regulated
5924,Mauritania,MR,MRT,Native,Mammalia,Delphinidae,Delphinus delphis,Short-beaked Common Dolphin,Appendix II – Trade regulated
5924,Mexico,MX,MEX,Native,Mammalia,Delphinidae,Delphinus delphis,Short-beaked Common Dolphin,Appendix II – Trade regulated
5924,Monaco,MC,MCO,Native,Mammalia,Delphinidae,Delphinus delphis,Short-beaked Common Dolphin,Appendix II – Trade regulated
5924,Montenegro,ME,MNE,Native,Mammalia,Delphinidae,Delphinus delphis,Short-beaked Common Dolphin,Appendix II – Trade regulated
5924,Morocco,MA,MAR,Native,Mammalia,Delphinidae,Delphinus delphis,Short-beaked Common Dolphin,Appendix II – Trade regulated
5924,Netherlands,NL,NLD,Native,Mammalia,Delphinidae,Delphinus delphis,Short-beaked Common Dolphin,Appendix II – Trade regulated
5924,New Zealand,NZ,NZL,Native,Mammalia,Delphinidae,Delphinus delphis,Short-beaked Common Dolphin,Appendix II – Trade regulated
5924,Nicaragua,NI,NIC,Native,Mammalia,Delphinidae,Delphinus delphis,Short-beaked Common Dolphin,Appendix II – Trade regulated
5924,Norway,-99,-99,Native,Mammalia,Delphinidae,Delphinus delphis,Short-beaked Common Dolphin,Appendix II – Trade regulated
5924,Panama,PA,PAN,Native,Mammalia,Delphinidae,Delphinus delphis,Short-beaked Common Dolphin,Appendix II – Trade regulated
5924,Peru,PE,PER,Native,Mammalia,Delphinidae,Delphinus delphis,Short-beaked Common Dolphin,Appendix II – Trade regulated
5924,Poland,PL,POL,Native,Mammalia,Delphinidae,Delphinus delphis,Short-beaked Common Dolphin,Appendix II – Trade regulated
5924,Portugal,PT,PRT,Native,Mammalia,Delphinidae,Delphinus delphis,Short-beaked Common Dolphin,Appendix II – Trade regulated
5924,Romania,RO,ROU,Native,Mammalia,Delphinidae,Delphinus delphis,Short-beaked Common Dolphin,Appendix II – Trade regulated
5924,Russian Federation,,,Native,Mammalia,Delphinidae,Delphinus delphis,Short-beaked Common Dolphin,Appendix II – Trade regulated
5924,Senegal,SN,SEN,Native,Mammalia,Delphinidae,Delphinus delphis,Short-beaked Common Dolphin,Appendix II – Trade regulated
5924,Sierra Leone,SL,SLE,Native,Mammalia,Delphinidae,Delphinus delphis,Short-beaked Common Dolphin,Appendix II – Trade regulated
5924,Slovenia,SI,SVN,Native,Mammalia,Delphinidae,Delphinus delphis,Short-beaked Common Dolphin,Appendix II – Trade regulated
5924,Spain,ES,ESP,Native,Mammalia,Delphinidae,Delphinus delphis,Short-beaked Common Dolphin,Appendix II – Trade regulated
5924,Sudan,SD,SDN,Native,Mammalia,Delphinidae,Delphinus delphis,Short-beaked Common Dolphin,Appendix II – Trade regulated
5924,Syrian Arab Republic,,,Native,Mammalia,Delphinidae,Delphinus delphis,Short-beaked Common Dolphin,Appendix II – Trade regulated
5924,Tunisia,TN,TUN,Native,Mammalia,Delphinidae,Delphinus delphis,Short-beaked Common Dolphin,Appendix II – Trade regulated
5924,T√ºrkiye,,,Native,Mammalia,Delphinidae,Delphinus delphis,Short-beaked Common Dolphin,Appendix II – Trade regulated
5924,Ukraine,UA,UKR,Native,Mammalia,Delphinidae,Delphinus delphis,Short-beaked Common Dolphin,Appendix II – Trade regulated
5924,United Kingdom of Great Britain and Northern Ireland,,,Native,Mammalia,Delphinidae,Delphinus delphis,Short-beaked Common Dolphin,Appendix II – Trade regulated
5924,United States of America,US,USA,Native,Mammalia,Delphinidae,Delphinus delphis,Short-beaked Common Dolphin,Appendix II – Trade regulated
5924,Uruguay,UY,URY,Native,Mammalia,Delphinidae,Delphinus delphis,Short-beaked Common Dolphin,Appendix II – Trade regulated
5924,Venezuela (Bolivarian Republic of),,,Native,Mammalia,Delphinidae,Delphinus delphis,Short-beaked Common Dolphin,Appendix II – Trade regulated
3327,Angola,AO,AGO,Native,Mammalia,Delphinidae,Feresa attenuata,Pygmy Killer Whale,Appendix II – Trade regulated
3327,Australia,AU,AUS,Native,Mammalia,Delphinidae,Feresa attenuata,Pygmy Killer Whale,Appendix II – Trade regulated
3327,Bangladesh,BD,BGD,Native,Mammalia,Delphinidae,Feresa attenuata,Pygmy Killer Whale,Appendix II – Trade regulated
3327,Belize,BZ,BLZ,Native,Mammalia,Delphinidae,Feresa attenuata,Pygmy Killer Whale,Appendix II – Trade regulated
3327,Benin,BJ,BEN,Native,Mammalia,Delphinidae,Feresa attenuata,Pygmy Killer Whale,Appendix II – Trade regulated
3327,Brazil,BR,BRA,Native,Mammalia,Delphinidae,Feresa attenuata,Pygmy Killer Whale,Appendix II – Trade regulated
3327,Cabo Verde,CV,CPV,Native,Mammalia,Delphinidae,Feresa attenuata,Pygmy Killer Whale,Appendix II – Trade regulated
3327,Cambodia,KH,KHM,Native,Mammalia,Delphinidae,Feresa attenuata,Pygmy Killer Whale,Appendix II – Trade regulated
3327,Cameroon,CM,CMR,Native,Mammalia,Delphinidae,Feresa attenuata,Pygmy Killer Whale,Appendix II – Trade regulated
3327,China,CN,CHN,Native,Mammalia,Delphinidae,Feresa attenuata,Pygmy Killer Whale,Appendix II – Trade regulated
3327,Colombia,CO,COL,Native,Mammalia,Delphinidae,Feresa attenuata,Pygmy Killer Whale,Appendix II – Trade regulated
3327,Comoros,KM,COM,Native,Mammalia,Delphinidae,Feresa attenuata,Pygmy Killer Whale,Appendix II – Trade regulated
3327,Congo,,,Native,Mammalia,Delphinidae,Feresa attenuata,Pygmy Killer Whale,Appendix II – Trade regulated
3327,Costa Rica,CR,CRI,Native,Mammalia,Delphinidae,Feresa attenuata,Pygmy Killer Whale,Appendix II – Trade regulated
3327,C√¥te d'Ivoire,,,Native,Mammalia,Delphinidae,Feresa attenuata,Pygmy Killer Whale,Appendix II – Trade regulated
3327,Cuba,CU,CUB,Native,Mammalia,Delphinidae,Feresa attenuata,Pygmy Killer Whale,Appendix II – Trade regulated
3327,Dominican Republic,DO,DOM,Native,Mammalia,Delphinidae,Feresa attenuata,Pygmy Killer Whale,Appendix II – Trade regulated
3327,Ecuador,EC,ECU,Native,Mammalia,Delphinidae,Feresa attenuata,Pygmy Killer Whale,Appendix II – Trade regulated
3327,El Salvador,SV,SLV,Native,Mammalia,Delphinidae,Feresa attenuata,Pygmy Killer Whale,Appendix II – Trade regulated
3327,Equatorial Guinea,GQ,GNQ,Native,Mammalia,Delphinidae,Feresa attenuata,Pygmy Killer Whale,Appendix II – Trade regulated
3327,France,-99,-99,Native,Mammalia,Delphinidae,Feresa attenuata,Pygmy Killer Whale,Appendix II – Trade regulated
3327,French Guiana [FR],,,Native,Mammalia,Delphinidae,Feresa attenuata,Pygmy Killer Whale,Appendix II – Trade regulated
3327,French Polynesia,PF,PYF,Native,Mammalia,Delphinidae,Feresa attenuata,Pygmy Killer Whale,Appendix II – Trade regulated
3327,Gabon,GA,GAB,Native,Mammalia,Delphinidae,Feresa attenuata,Pygmy Killer Whale,Appendix II – Trade regulated
3327,Gambia,GM,GMB,Native,Mammalia,Delphinidae,Feresa attenuata,Pygmy Killer Whale,Appendix II – Trade regulated
3327,Ghana,GH,GHA,Native,Mammalia,Delphinidae,Feresa attenuata,Pygmy Killer Whale,Appendix II – Trade regulated
3327,Guatemala,GT,GTM,Native,Mammalia,Delphinidae,Feresa attenuata,Pygmy Killer Whale,Appendix II – Trade regulated
3327,Guinea,GN,GIN,Native,Mammalia,Delphinidae,Feresa attenuata,Pygmy Killer Whale,Appendix II – Trade regulated
3327,Guinea Bissau,,,Native,Mammalia,Delphinidae,Feresa attenuata,Pygmy Killer Whale,Appendix II – Trade regulated
3327,Guyana,GY,GUY,Native,Mammalia,Delphinidae,Feresa attenuata,Pygmy Killer Whale,Appendix II – Trade regulated
3327,Haiti,HT,HTI,Native,Mammalia,Delphinidae,Feresa attenuata,Pygmy Killer Whale,Appendix II – Trade regulated
3327,Honduras,HN,HND,Native,Mammalia,Delphinidae,Feresa attenuata,Pygmy Killer Whale,Appendix II – Trade regulated
3327,Hong Kong,,,Native,Mammalia,Delphinidae,Feresa attenuata,Pygmy Killer Whale,Appendix II – Trade regulated
3327,SAR,,,Native,Mammalia,Delphinidae,Feresa attenuata,Pygmy Killer Whale,Appendix II – Trade regulated
3327,India,IN,IND,Native,Mammalia,Delphinidae,Feresa attenuata,Pygmy Killer Whale,Appendix II – Trade regulated
3327,Indonesia,ID,IDN,Native,Mammalia,Delphinidae,Feresa attenuata,Pygmy Killer Whale,Appendix II – Trade regulated
3327,Japan,JP,JPN,Native,Mammalia,Delphinidae,Feresa attenuata,Pygmy Killer Whale,Appendix II – Trade regulated
3327,Kenya,KE,KEN,Native,Mammalia,Delphinidae,Feresa attenuata,Pygmy Killer Whale,Appendix II – Trade regulated
3327,Liberia,LR,LBR,Native,Mammalia,Delphinidae,Feresa attenuata,Pygmy Killer Whale,Appendix II – Trade regulated
3327,Madagascar,MG,MDG,Native,Mammalia,Delphinidae,Feresa attenuata,Pygmy Killer Whale,Appendix II – Trade regulated
3327,Malaysia,MY,MYS,Native,Mammalia,Delphinidae,Feresa attenuata,Pygmy Killer Whale,Appendix II – Trade regulated
3327,Maldives,MV,MDV,Native,Mammalia,Delphinidae,Feresa attenuata,Pygmy Killer Whale,Appendix II – Trade regulated
3327,Mauritania,MR,MRT,Native,Mammalia,Delphinidae,Feresa attenuata,Pygmy Killer Whale,Appendix II – Trade regulated
3327,Mexico,MX,MEX,Native,Mammalia,Delphinidae,Feresa attenuata,Pygmy Killer Whale,Appendix II – Trade regulated
3327,Morocco,MA,MAR,Native,Mammalia,Delphinidae,Feresa attenuata,Pygmy Killer Whale,Appendix II – Trade regulated
3327,Mozambique,MZ,MOZ,Native,Mammalia,Delphinidae,Feresa attenuata,Pygmy Killer Whale,Appendix II – Trade regulated
3327,Myanmar,MM,MMR,Native,Mammalia,Delphinidae,Feresa attenuata,Pygmy Killer Whale,Appendix II – Trade regulated
3327,Namibia,NA,NAM,Native,Mammalia,Delphinidae,Feresa attenuata,Pygmy Killer Whale,Appendix II – Trade regulated
3327,Nicaragua,NI,NIC,Native,Mammalia,Delphinidae,Feresa attenuata,Pygmy Killer Whale,Appendix II – Trade regulated
3327,Nigeria,NG,NGA,Native,Mammalia,Delphinidae,Feresa attenuata,Pygmy Killer Whale,Appendix II – Trade regulated
3327,Oman,OM,OMN,Native,Mammalia,Delphinidae,Feresa attenuata,Pygmy Killer Whale,Appendix II – Trade regulated
3327,Pakistan,PK,PAK,Native,Mammalia,Delphinidae,Feresa attenuata,Pygmy Killer Whale,Appendix II – Trade regulated
3327,Panama,PA,PAN,Native,Mammalia,Delphinidae,Feresa attenuata,Pygmy Killer Whale,Appendix II – Trade regulated
3327,Papua New Guinea,PG,PNG,Native,Mammalia,Delphinidae,Feresa attenuata,Pygmy Killer Whale,Appendix II – Trade regulated
3327,Peru,PE,PER,Native,Mammalia,Delphinidae,Feresa attenuata,Pygmy Killer Whale,Appendix II – Trade regulated
3327,Philippines,PH,PHL,Native,Mammalia,Delphinidae,Feresa attenuata,Pygmy Killer Whale,Appendix II – Trade regulated
3327,Puerto Rico,PR,PRI,Native,Mammalia,Delphinidae,Feresa attenuata,Pygmy Killer Whale,Appendix II – Trade regulated
3327,Republic of Korea,,,Native,Mammalia,Delphinidae,Feresa attenuata,Pygmy Killer Whale,Appendix II – Trade regulated
3327,Saint Vincent and the Grenadines,VC,VCT,Native,Mammalia,Delphinidae,Feresa attenuata,Pygmy Killer Whale,Appendix II – Trade regulated
3327,Senegal,SN,SEN,Native,Mammalia,Delphinidae,Feresa attenuata,Pygmy Killer Whale,Appendix II – Trade regulated
3327,Seychelles,SC,SYC,Native,Mammalia,Delphinidae,Feresa attenuata,Pygmy Killer Whale,Appendix II – Trade regulated
3327,Sierra Leone,SL,SLE,Native,Mammalia,Delphinidae,Feresa attenuata,Pygmy Killer Whale,Appendix II – Trade regulated
3327,Singapore,SG,SGP,Native,Mammalia,Delphinidae,Feresa attenuata,Pygmy Killer Whale,Appendix II – Trade regulated
3327,Somalia,SO,SOM,Native,Mammalia,Delphinidae,Feresa attenuata,Pygmy Killer Whale,Appendix II – Trade regulated
3327,South Africa,ZA,ZAF,Native,Mammalia,Delphinidae,Feresa attenuata,Pygmy Killer Whale,Appendix II – Trade regulated
3327,Spain,ES,ESP,Native,Mammalia,Delphinidae,Feresa attenuata,Pygmy Killer Whale,Appendix II – Trade regulated
3327,Sri Lanka,LK,LKA,Native,Mammalia,Delphinidae,Feresa attenuata,Pygmy Killer Whale,Appendix II – Trade regulated
3327,Suriname,SR,SUR,Native,Mammalia,Delphinidae,Feresa attenuata,Pygmy Killer Whale,Appendix II – Trade regulated
3327,Taiwan,CN-TW,TWN,Native,Mammalia,Delphinidae,Feresa attenuata,Pygmy Killer Whale,Appendix II – Trade regulated
3327,Province of China,,,Native,Mammalia,Delphinidae,Feresa attenuata,Pygmy Killer Whale,Appendix II – Trade regulated
3327,Thailand,TH,THA,Native,Mammalia,Delphinidae,Feresa attenuata,Pygmy Killer Whale,Appendix II – Trade regulated
3327,Togo,TG,TGO,Native,Mammalia,Delphinidae,Feresa attenuata,Pygmy Killer Whale,Appendix II – Trade regulated
3327,United Republic of Tanzania,TZ,TZA,Native,Mammalia,Delphinidae,Feresa attenuata,Pygmy Killer Whale,Appendix II – Trade regulated
3327,United States of America,US,USA,Native,Mammalia,Delphinidae,Feresa attenuata,Pygmy Killer Whale,Appendix II – Trade regulated
3327,Venezuela (Bolivarian Republic of),,,Native,Mammalia,Delphinidae,Feresa attenuata,Pygmy Killer Whale,Appendix II – Trade regulated
3327,Viet Nam,,,Native,Mammalia,Delphinidae,Feresa attenuata,Pygmy Killer Whale,Appendix II – Trade regulated
3327,Western Sahara,EH,ESH,Native,Mammalia,Delphinidae,Feresa attenuata,Pygmy Killer Whale,Appendix II – Trade regulated
3327,Yemen,YE,YEM,Native,Mammalia,Delphinidae,Feresa attenuata,Pygmy Killer Whale,Appendix II – Trade regulated
8462,Angola,AO,AGO,Native,Mammalia,Delphinidae,Globicephala macrorhynchus,Short-finned Pilot Whale,Appendix II – Trade regulated
8462,Anguilla (United Kingdom),,,Native,Mammalia,Delphinidae,Globicephala macrorhynchus,Short-finned Pilot Whale,Appendix II – Trade regulated
8462,Antigua and Barbuda,AG,ATG,Native,Mammalia,Delphinidae,Globicephala macrorhynchus,Short-finned Pilot Whale,Appendix II – Trade regulated
8462,Aruba,AW,ABW,Native,Mammalia,Delphinidae,Globicephala macrorhynchus,Short-finned Pilot Whale,Appendix II – Trade regulated
8462,Australia,AU,AUS,Native,Mammalia,Delphinidae,Globicephala macrorhynchus,Short-finned Pilot Whale,Appendix II – Trade regulated
8462,Bahamas,,,Native,Mammalia,Delphinidae,Globicephala macrorhynchus,Short-finned Pilot Whale,Appendix II – Trade regulated
8462,Bangladesh,BD,BGD,Native,Mammalia,Delphinidae,Globicephala macrorhynchus,Short-finned Pilot Whale,Appendix II – Trade regulated
8462,Barbados,BB,BRB,Native,Mammalia,Delphinidae,Globicephala macrorhynchus,Short-finned Pilot Whale,Appendix II – Trade regulated
8462,Belize,BZ,BLZ,Native,Mammalia,Delphinidae,Globicephala macrorhynchus,Short-finned Pilot Whale,Appendix II – Trade regulated
8462,Benin,BJ,BEN,Native,Mammalia,Delphinidae,Globicephala macrorhynchus,Short-finned Pilot Whale,Appendix II – Trade regulated
8462,Bermuda (United Kingdom),,,Native,Mammalia,Delphinidae,Globicephala macrorhynchus,Short-finned Pilot Whale,Appendix II – Trade regulated
8462,Brazil,BR,BRA,Native,Mammalia,Delphinidae,Globicephala macrorhynchus,Short-finned Pilot Whale,Appendix II – Trade regulated
8462,British Virgin Islands (United Kingdom),,,Native,Mammalia,Delphinidae,Globicephala macrorhynchus,Short-finned Pilot Whale,Appendix II – Trade regulated
8462,Brunei Darussalam,,,Native,Mammalia,Delphinidae,Globicephala macrorhynchus,Short-finned Pilot Whale,Appendix II – Trade regulated
8462,Cabo Verde,CV,CPV,Native,Mammalia,Delphinidae,Globicephala macrorhynchus,Short-finned Pilot Whale,Appendix II – Trade regulated
8462,Cambodia,KH,KHM,Native,Mammalia,Delphinidae,Globicephala macrorhynchus,Short-finned Pilot Whale,Appendix II – Trade regulated
8462,Cameroon,CM,CMR,Native,Mammalia,Delphinidae,Globicephala macrorhynchus,Short-finned Pilot Whale,Appendix II – Trade regulated
8462,Canada,CA,CAN,Native,Mammalia,Delphinidae,Globicephala macrorhynchus,Short-finned Pilot Whale,Appendix II – Trade regulated
8462,Cayman Islands (United Kingdom),,,Native,Mammalia,Delphinidae,Globicephala macrorhynchus,Short-finned Pilot Whale,Appendix II – Trade regulated
8462,Chile,CL,CHL,Native,Mammalia,Delphinidae,Globicephala macrorhynchus,Short-finned Pilot Whale,Appendix II – Trade regulated
8462,China,CN,CHN,Native,Mammalia,Delphinidae,Globicephala macrorhynchus,Short-finned Pilot Whale,Appendix II – Trade regulated
8462,Colombia,CO,COL,Native,Mammalia,Delphinidae,Globicephala macrorhynchus,Short-finned Pilot Whale,Appendix II – Trade regulated
8462,Comoros,KM,COM,Native,Mammalia,Delphinidae,Globicephala macrorhynchus,Short-finned Pilot Whale,Appendix II – Trade regulated
8462,Congo,,,Native,Mammalia,Delphinidae,Globicephala macrorhynchus,Short-finned Pilot Whale,Appendix II – Trade regulated
8462,Costa Rica,CR,CRI,Native,Mammalia,Delphinidae,Globicephala macrorhynchus,Short-finned Pilot Whale,Appendix II – Trade regulated
8462,C√¥te d'Ivoire,,,Native,Mammalia,Delphinidae,Globicephala macrorhynchus,Short-finned Pilot Whale,Appendix II – Trade regulated
8462,Cuba,CU,CUB,Native,Mammalia,Delphinidae,Globicephala macrorhynchus,Short-finned Pilot Whale,Appendix II – Trade regulated
8462,Democratic People's Republic of Korea,,,Native,Mammalia,Delphinidae,Globicephala macrorhynchus,Short-finned Pilot Whale,Appendix II – Trade regulated
8462,Djibouti,DJ,DJI,Native,Mammalia,Delphinidae,Globicephala macrorhynchus,Short-finned Pilot Whale,Appendix II – Trade regulated
8462,Dominica,DM,DMA,Native,Mammalia,Delphinidae,Globicephala macrorhynchus,Short-finned Pilot Whale,Appendix II – Trade regulated
8462,Dominican Republic,DO,DOM,Native,Mammalia,Delphinidae,Globicephala macrorhynchus,Short-finned Pilot Whale,Appendix II – Trade regulated
8462,Ecuador,EC,ECU,Native,Mammalia,Delphinidae,Globicephala macrorhynchus,Short-finned Pilot Whale,Appendix II – Trade regulated
8462,El Salvador,SV,SLV,Native,Mammalia,Delphinidae,Globicephala macrorhynchus,Short-finned Pilot Whale,Appendix II – Trade regulated
8462,Equatorial Guinea,GQ,GNQ,Native,Mammalia,Delphinidae,Globicephala macrorhynchus,Short-finned Pilot Whale,Appendix II – Trade regulated
8462,Eritrea,ER,ERI,Native,Mammalia,Delphinidae,Globicephala macrorhynchus,Short-finned Pilot Whale,Appendix II – Trade regulated
8462,Fiji,FJ,FJI,Native,Mammalia,Delphinidae,Globicephala macrorhynchus,Short-finned Pilot Whale,Appendix II – Trade regulated
8462,French Guiana [FR],,,Native,Mammalia,Delphinidae,Globicephala macrorhynchus,Short-finned Pilot Whale,Appendix II – Trade regulated
8462,French Polynesia,PF,PYF,Native,Mammalia,Delphinidae,Globicephala macrorhynchus,Short-finned Pilot Whale,Appendix II – Trade regulated
8462,Gabon,GA,GAB,Native,Mammalia,Delphinidae,Globicephala macrorhynchus,Short-finned Pilot Whale,Appendix II – Trade regulated
8462,Gambia,GM,GMB,Native,Mammalia,Delphinidae,Globicephala macrorhynchus,Short-finned Pilot Whale,Appendix II – Trade regulated
8462,Ghana,GH,GHA,Native,Mammalia,Delphinidae,Globicephala macrorhynchus,Short-finned Pilot Whale,Appendix II – Trade regulated
8462,Grenada,GD,GRD,Native,Mammalia,Delphinidae,Globicephala macrorhynchus,Short-finned Pilot Whale,Appendix II – Trade regulated
8462,Guadeloupe,,,Native,Mammalia,Delphinidae,Globicephala macrorhynchus,Short-finned Pilot Whale,Appendix II – Trade regulated
8462,Guam,GU,GUM,Native,Mammalia,Delphinidae,Globicephala macrorhynchus,Short-finned Pilot Whale,Appendix II – Trade regulated
8462,Guatemala,GT,GTM,Native,Mammalia,Delphinidae,Globicephala macrorhynchus,Short-finned Pilot Whale,Appendix II – Trade regulated
8462,Guinea,GN,GIN,Native,Mammalia,Delphinidae,Globicephala macrorhynchus,Short-finned Pilot Whale,Appendix II – Trade regulated
8462,Guinea Bissau,,,Native,Mammalia,Delphinidae,Globicephala macrorhynchus,Short-finned Pilot Whale,Appendix II – Trade regulated
8462,Guyana,GY,GUY,Native,Mammalia,Delphinidae,Globicephala macrorhynchus,Short-finned Pilot Whale,Appendix II – Trade regulated
8462,Haiti,HT,HTI,Native,Mammalia,Delphinidae,Globicephala macrorhynchus,Short-finned Pilot Whale,Appendix II – Trade regulated
8462,Honduras,HN,HND,Native,Mammalia,Delphinidae,Globicephala macrorhynchus,Short-finned Pilot Whale,Appendix II – Trade regulated
8462,India,IN,IND,Native,Mammalia,Delphinidae,Globicephala macrorhynchus,Short-finned Pilot Whale,Appendix II – Trade regulated
8462,Indonesia,ID,IDN,Native,Mammalia,Delphinidae,Globicephala macrorhynchus,Short-finned Pilot Whale,Appendix II – Trade regulated
8462,Iran (Islamic Republic of),,,Native,Mammalia,Delphinidae,Globicephala macrorhynchus,Short-finned Pilot Whale,Appendix II – Trade regulated
8462,Japan,JP,JPN,Native,Mammalia,Delphinidae,Globicephala macrorhynchus,Short-finned Pilot Whale,Appendix II – Trade regulated
8462,Kenya,KE,KEN,Native,Mammalia,Delphinidae,Globicephala macrorhynchus,Short-finned Pilot Whale,Appendix II – Trade regulated
8462,Kiribati,KI,KIR,Native,Mammalia,Delphinidae,Globicephala macrorhynchus,Short-finned Pilot Whale,Appendix II – Trade regulated
8462,Liberia,LR,LBR,Native,Mammalia,Delphinidae,Globicephala macrorhynchus,Short-finned Pilot Whale,Appendix II – Trade regulated
8462,Madagascar,MG,MDG,Native,Mammalia,Delphinidae,Globicephala macrorhynchus,Short-finned Pilot Whale,Appendix II – Trade regulated
8462,Malaysia,MY,MYS,Native,Mammalia,Delphinidae,Globicephala macrorhynchus,Short-finned Pilot Whale,Appendix II – Trade regulated
8462,Maldives,MV,MDV,Native,Mammalia,Delphinidae,Globicephala macrorhynchus,Short-finned Pilot Whale,Appendix II – Trade regulated
8462,Marshall Islands,MH,MHL,Native,Mammalia,Delphinidae,Globicephala macrorhynchus,Short-finned Pilot Whale,Appendix II – Trade regulated
8462,Martinique,,,Native,Mammalia,Delphinidae,Globicephala macrorhynchus,Short-finned Pilot Whale,Appendix II – Trade regulated
8462,Mauritania,MR,MRT,Native,Mammalia,Delphinidae,Globicephala macrorhynchus,Short-finned Pilot Whale,Appendix II – Trade regulated
8462,Mauritius,MU,MUS,Native,Mammalia,Delphinidae,Globicephala macrorhynchus,Short-finned Pilot Whale,Appendix II – Trade regulated
8462,Mayotte,,,Native,Mammalia,Delphinidae,Globicephala macrorhynchus,Short-finned Pilot Whale,Appendix II – Trade regulated
8462,Mexico,MX,MEX,Native,Mammalia,Delphinidae,Globicephala macrorhynchus,Short-finned Pilot Whale,Appendix II – Trade regulated
8462,Micronesia (Federated States of),,,Native,Mammalia,Delphinidae,Globicephala macrorhynchus,Short-finned Pilot Whale,Appendix II – Trade regulated
8462,Morocco,MA,MAR,Native,Mammalia,Delphinidae,Globicephala macrorhynchus,Short-finned Pilot Whale,Appendix II – Trade regulated
8462,Mozambique,MZ,MOZ,Native,Mammalia,Delphinidae,Globicephala macrorhynchus,Short-finned Pilot Whale,Appendix II – Trade regulated
8462,Myanmar,MM,MMR,Native,Mammalia,Delphinidae,Globicephala macrorhynchus,Short-finned Pilot Whale,Appendix II – Trade regulated
8462,Namibia,NA,NAM,Native,Mammalia,Delphinidae,Globicephala macrorhynchus,Short-finned Pilot Whale,Appendix II – Trade regulated
8462,Nauru,NR,NRU,Native,Mammalia,Delphinidae,Globicephala macrorhynchus,Short-finned Pilot Whale,Appendix II – Trade regulated
8462,Netherlands Antilles,,,Native,Mammalia,Delphinidae,Globicephala macrorhynchus,Short-finned Pilot Whale,Appendix II – Trade regulated
8462,New Caledonia,NC,NCL,Native,Mammalia,Delphinidae,Globicephala macrorhynchus,Short-finned Pilot Whale,Appendix II – Trade regulated
8462,New Zealand,NZ,NZL,Native,Mammalia,Delphinidae,Globicephala macrorhynchus,Short-finned Pilot Whale,Appendix II – Trade regulated
8462,Nicaragua,NI,NIC,Native,Mammalia,Delphinidae,Globicephala macrorhynchus,Short-finned Pilot Whale,Appendix II – Trade regulated
8462,Nigeria,NG,NGA,Native,Mammalia,Delphinidae,Globicephala macrorhynchus,Short-finned Pilot Whale,Appendix II – Trade regulated
8462,Oman,OM,OMN,Native,Mammalia,Delphinidae,Globicephala macrorhynchus,Short-finned Pilot Whale,Appendix II – Trade regulated
8462,Pakistan,PK,PAK,Native,Mammalia,Delphinidae,Globicephala macrorhynchus,Short-finned Pilot Whale,Appendix II – Trade regulated
8462,Palau,PW,PLW,Native,Mammalia,Delphinidae,Globicephala macrorhynchus,Short-finned Pilot Whale,Appendix II – Trade regulated
8462,Panama,PA,PAN,Native,Mammalia,Delphinidae,Globicephala macrorhynchus,Short-finned Pilot Whale,Appendix II – Trade regulated
8462,Papua New Guinea,PG,PNG,Native,Mammalia,Delphinidae,Globicephala macrorhynchus,Short-finned Pilot Whale,Appendix II – Trade regulated
8462,Peru,PE,PER,Native,Mammalia,Delphinidae,Globicephala macrorhynchus,Short-finned Pilot Whale,Appendix II – Trade regulated
8462,Philippines,PH,PHL,Native,Mammalia,Delphinidae,Globicephala macrorhynchus,Short-finned Pilot Whale,Appendix II – Trade regulated
8462,Portugal,PT,PRT,Native,Mammalia,Delphinidae,Globicephala macrorhynchus,Short-finned Pilot Whale,Appendix II – Trade regulated
8462,Puerto Rico,PR,PRI,Native,Mammalia,Delphinidae,Globicephala macrorhynchus,Short-finned Pilot Whale,Appendix II – Trade regulated
8462,Republic of Korea,,,Native,Mammalia,Delphinidae,Globicephala macrorhynchus,Short-finned Pilot Whale,Appendix II – Trade regulated
8462,Russian Federation,,,Native,Mammalia,Delphinidae,Globicephala macrorhynchus,Short-finned Pilot Whale,Appendix II – Trade regulated
8462,Saint Lucia,LC,LCA,Native,Mammalia,Delphinidae,Globicephala macrorhynchus,Short-finned Pilot Whale,Appendix II – Trade regulated
8462,Saint Vincent and the Grenadines,VC,VCT,Native,Mammalia,Delphinidae,Globicephala macrorhynchus,Short-finned Pilot Whale,Appendix II – Trade regulated
8462,Samoa,WS,WSM,Native,Mammalia,Delphinidae,Globicephala macrorhynchus,Short-finned Pilot Whale,Appendix II – Trade regulated
8462,Sao Tome and Principe,,,Native,Mammalia,Delphinidae,Globicephala macrorhynchus,Short-finned Pilot Whale,Appendix II – Trade regulated
8462,Saudi Arabia,SA,SAU,Native,Mammalia,Delphinidae,Globicephala macrorhynchus,Short-finned Pilot Whale,Appendix II – Trade regulated
8462,Senegal,SN,SEN,Native,Mammalia,Delphinidae,Globicephala macrorhynchus,Short-finned Pilot Whale,Appendix II – Trade regulated
8462,Seychelles,SC,SYC,Native,Mammalia,Delphinidae,Globicephala macrorhynchus,Short-finned Pilot Whale,Appendix II – Trade regulated
8462,Sierra Leone,SL,SLE,Native,Mammalia,Delphinidae,Globicephala macrorhynchus,Short-finned Pilot Whale,Appendix II – Trade regulated
8462,Singapore,SG,SGP,Native,Mammalia,Delphinidae,Globicephala macrorhynchus,Short-finned Pilot Whale,Appendix II – Trade regulated
8462,Solomon Islands,SB,SLB,Native,Mammalia,Delphinidae,Globicephala macrorhynchus,Short-finned Pilot Whale,Appendix II – Trade regulated
8462,Somalia,SO,SOM,Native,Mammalia,Delphinidae,Globicephala macrorhynchus,Short-finned Pilot Whale,Appendix II – Trade regulated
8462,South Africa,ZA,ZAF,Native,Mammalia,Delphinidae,Globicephala macrorhynchus,Short-finned Pilot Whale,Appendix II – Trade regulated
8462,Spain,ES,ESP,Native,Mammalia,Delphinidae,Globicephala macrorhynchus,Short-finned Pilot Whale,Appendix II – Trade regulated
8462,Sri Lanka,LK,LKA,Native,Mammalia,Delphinidae,Globicephala macrorhynchus,Short-finned Pilot Whale,Appendix II – Trade regulated
8462,Suriname,SR,SUR,Native,Mammalia,Delphinidae,Globicephala macrorhynchus,Short-finned Pilot Whale,Appendix II – Trade regulated
8462,Taiwan,CN-TW,TWN,Native,Mammalia,Delphinidae,Globicephala macrorhynchus,Short-finned Pilot Whale,Appendix II – Trade regulated
8462,Province of China,,,Native,Mammalia,Delphinidae,Globicephala macrorhynchus,Short-finned Pilot Whale,Appendix II – Trade regulated
8462,Thailand,TH,THA,Native,Mammalia,Delphinidae,Globicephala macrorhynchus,Short-finned Pilot Whale,Appendix II – Trade regulated
8462,Togo,TG,TGO,Native,Mammalia,Delphinidae,Globicephala macrorhynchus,Short-finned Pilot Whale,Appendix II – Trade regulated
8462,Tonga,TO,TON,Native,Mammalia,Delphinidae,Globicephala macrorhynchus,Short-finned Pilot Whale,Appendix II – Trade regulated
8462,Trinidad and Tobago,TT,TTO,Native,Mammalia,Delphinidae,Globicephala macrorhynchus,Short-finned Pilot Whale,Appendix II – Trade regulated
8462,Tuvalu,TV,TUV,Native,Mammalia,Delphinidae,Globicephala macrorhynchus,Short-finned Pilot Whale,Appendix II – Trade regulated
8462,United Republic of Tanzania,TZ,TZA,Native,Mammalia,Delphinidae,Globicephala macrorhynchus,Short-finned Pilot Whale,Appendix II – Trade regulated
8462,United States of America,US,USA,Native,Mammalia,Delphinidae,Globicephala macrorhynchus,Short-finned Pilot Whale,Appendix II – Trade regulated
8462,Vanuatu,VU,VUT,Native,Mammalia,Delphinidae,Globicephala macrorhynchus,Short-finned Pilot Whale,Appendix II – Trade regulated
8462,Venezuela (Bolivarian Republic of),,,Native,Mammalia,Delphinidae,Globicephala macrorhynchus,Short-finned Pilot Whale,Appendix II – Trade regulated
8462,Viet Nam,,,Native,Mammalia,Delphinidae,Globicephala macrorhynchus,Short-finned Pilot Whale,Appendix II – Trade regulated
8462,Virgin Islands of the USA,,,Native,Mammalia,Delphinidae,Globicephala macrorhynchus,Short-finned Pilot Whale,Appendix II – Trade regulated
8462,Yemen,YE,YEM,Native,Mammalia,Delphinidae,Globicephala macrorhynchus,Short-finned Pilot Whale,Appendix II – Trade regulated
7046,Algeria,DZ,DZA,Native,Mammalia,Delphinidae,Globicephala melas,Long-finned Pilot Whale,Appendix II – Trade regulated
7046,Argentina,AR,ARG,Native,Mammalia,Delphinidae,Globicephala melas,Long-finned Pilot Whale,Appendix II – Trade regulated
7046,Australia,AU,AUS,Native,Mammalia,Delphinidae,Globicephala melas,Long-finned Pilot Whale,Appendix II – Trade regulated
7046,Belgium,BE,BEL,Native,Mammalia,Delphinidae,Globicephala melas,Long-finned Pilot Whale,Appendix II – Trade regulated
7046,Brazil,BR,BRA,Native,Mammalia,Delphinidae,Globicephala melas,Long-finned Pilot Whale,Appendix II – Trade regulated
7046,Canada,CA,CAN,Native,Mammalia,Delphinidae,Globicephala melas,Long-finned Pilot Whale,Appendix II – Trade regulated
7046,Chile,CL,CHL,Native,Mammalia,Delphinidae,Globicephala melas,Long-finned Pilot Whale,Appendix II – Trade regulated
7046,Denmark,DK,DNK,Native,Mammalia,Delphinidae,Globicephala melas,Long-finned Pilot Whale,Appendix II – Trade regulated
7046,Falkland Islands (Malvinas),,,Native,Mammalia,Delphinidae,Globicephala melas,Long-finned Pilot Whale,Appendix II – Trade regulated
7046,Faroe Islands,FO,FRO,Native,Mammalia,Delphinidae,Globicephala melas,Long-finned Pilot Whale,Appendix II – Trade regulated
7046,France,-99,-99,Native,Mammalia,Delphinidae,Globicephala melas,Long-finned Pilot Whale,Appendix II – Trade regulated
7046,French Southern and Antarctic Territories,,,Native,Mammalia,Delphinidae,Globicephala melas,Long-finned Pilot Whale,Appendix II – Trade regulated
7046,Germany,DE,DEU,Native,Mammalia,Delphinidae,Globicephala melas,Long-finned Pilot Whale,Appendix II – Trade regulated
7046,Gibraltar (United Kingdom),,,Native,Mammalia,Delphinidae,Globicephala melas,Long-finned Pilot Whale,Appendix II – Trade regulated
7046,Greenland,GL,GRL,Native,Mammalia,Delphinidae,Globicephala melas,Long-finned Pilot Whale,Appendix II – Trade regulated
7046,Iceland,IS,ISL,Native,Mammalia,Delphinidae,Globicephala melas,Long-finned Pilot Whale,Appendix II – Trade regulated
7046,Ireland,IE,IRL,Native,Mammalia,Delphinidae,Globicephala melas,Long-finned Pilot Whale,Appendix II – Trade regulated
7046,Isle of Man (United Kingdom),,,Native,Mammalia,Delphinidae,Globicephala melas,Long-finned Pilot Whale,Appendix II – Trade regulated
7046,Italy,IT,ITA,Native,Mammalia,Delphinidae,Globicephala melas,Long-finned Pilot Whale,Appendix II – Trade regulated
7046,Libya,LY,LBY,Native,Mammalia,Delphinidae,Globicephala melas,Long-finned Pilot Whale,Appendix II – Trade regulated
7046,Malta,MT,MLT,Native,Mammalia,Delphinidae,Globicephala melas,Long-finned Pilot Whale,Appendix II – Trade regulated
7046,Mauritania,MR,MRT,Native,Mammalia,Delphinidae,Globicephala melas,Long-finned Pilot Whale,Appendix II – Trade regulated
7046,Morocco,MA,MAR,Native,Mammalia,Delphinidae,Globicephala melas,Long-finned Pilot Whale,Appendix II – Trade regulated
7046,Namibia,NA,NAM,Native,Mammalia,Delphinidae,Globicephala melas,Long-finned Pilot Whale,Appendix II – Trade regulated
7046,Netherlands,NL,NLD,Native,Mammalia,Delphinidae,Globicephala melas,Long-finned Pilot Whale,Appendix II – Trade regulated
7046,New Zealand,NZ,NZL,Native,Mammalia,Delphinidae,Globicephala melas,Long-finned Pilot Whale,Appendix II – Trade regulated
7046,Norway,-99,-99,Native,Mammalia,Delphinidae,Globicephala melas,Long-finned Pilot Whale,Appendix II – Trade regulated
7046,Peru,PE,PER,Native,Mammalia,Delphinidae,Globicephala melas,Long-finned Pilot Whale,Appendix II – Trade regulated
7046,Portugal,PT,PRT,Native,Mammalia,Delphinidae,Globicephala melas,Long-finned Pilot Whale,Appendix II – Trade regulated
7046,South Africa,ZA,ZAF,Native,Mammalia,Delphinidae,Globicephala melas,Long-finned Pilot Whale,Appendix II – Trade regulated
7046,Spain,ES,ESP,Native,Mammalia,Delphinidae,Globicephala melas,Long-finned Pilot Whale,Appendix II – Trade regulated
7046,Sweden,SE,SWE,Native,Mammalia,Delphinidae,Globicephala melas,Long-finned Pilot Whale,Appendix II – Trade regulated
7046,Tunisia,TN,TUN,Native,Mammalia,Delphinidae,Globicephala melas,Long-finned Pilot Whale,Appendix II – Trade regulated
7046,United Kingdom of Great Britain and Northern Ireland,,,Native,Mammalia,Delphinidae,Globicephala melas,Long-finned Pilot Whale,Appendix II – Trade regulated
7046,United States of America,US,USA,Native,Mammalia,Delphinidae,Globicephala melas,Long-finned Pilot Whale,Appendix II – Trade regulated
7046,Uruguay,UY,URY,Native,Mammalia,Delphinidae,Globicephala melas,Long-finned Pilot Whale,Appendix II – Trade regulated
7046,Western Sahara,EH,ESH,Native,Mammalia,Delphinidae,Globicephala melas,Long-finned Pilot Whale,Appendix II – Trade regulated
9702,Algeria,DZ,DZA,Native,Mammalia,Delphinidae,Grampus griseus,Risso's Dolphin,Appendix II – Trade regulated
9702,Angola,AO,AGO,Native,Mammalia,Delphinidae,Grampus griseus,Risso's Dolphin,Appendix II – Trade regulated
9702,Argentina,AR,ARG,Native,Mammalia,Delphinidae,Grampus griseus,Risso's Dolphin,Appendix II – Trade regulated
9702,Australia,AU,AUS,Native,Mammalia,Delphinidae,Grampus griseus,Risso's Dolphin,Appendix II – Trade regulated
9702,Bahamas,,,Native,Mammalia,Delphinidae,Grampus griseus,Risso's Dolphin,Appendix II – Trade regulated
9702,Belgium,BE,BEL,Native,Mammalia,Delphinidae,Grampus griseus,Risso's Dolphin,Appendix II – Trade regulated
9702,Brazil,BR,BRA,Native,Mammalia,Delphinidae,Grampus griseus,Risso's Dolphin,Appendix II – Trade regulated
9702,Brunei Darussalam,,,Native,Mammalia,Delphinidae,Grampus griseus,Risso's Dolphin,Appendix II – Trade regulated
9702,Cabo Verde,CV,CPV,Native,Mammalia,Delphinidae,Grampus griseus,Risso's Dolphin,Appendix II – Trade regulated
9702,Canada,CA,CAN,Native,Mammalia,Delphinidae,Grampus griseus,Risso's Dolphin,Appendix II – Trade regulated
9702,Chile,CL,CHL,Native,Mammalia,Delphinidae,Grampus griseus,Risso's Dolphin,Appendix II – Trade regulated
9702,China,CN,CHN,Native,Mammalia,Delphinidae,Grampus griseus,Risso's Dolphin,Appendix II – Trade regulated
9702,Colombia,CO,COL,Native,Mammalia,Delphinidae,Grampus griseus,Risso's Dolphin,Appendix II – Trade regulated
9702,Comoros,KM,COM,Native,Mammalia,Delphinidae,Grampus griseus,Risso's Dolphin,Appendix II – Trade regulated
9702,Costa Rica,CR,CRI,Native,Mammalia,Delphinidae,Grampus griseus,Risso's Dolphin,Appendix II – Trade regulated
9702,C√¥te d'Ivoire,,,Native,Mammalia,Delphinidae,Grampus griseus,Risso's Dolphin,Appendix II – Trade regulated
9702,Croatia,HR,HRV,Native,Mammalia,Delphinidae,Grampus griseus,Risso's Dolphin,Appendix II – Trade regulated
9702,Cuba,CU,CUB,Native,Mammalia,Delphinidae,Grampus griseus,Risso's Dolphin,Appendix II – Trade regulated
9702,Denmark,DK,DNK,Native,Mammalia,Delphinidae,Grampus griseus,Risso's Dolphin,Appendix II – Trade regulated
9702,Djibouti,DJ,DJI,Native,Mammalia,Delphinidae,Grampus griseus,Risso's Dolphin,Appendix II – Trade regulated
9702,Ecuador,EC,ECU,Native,Mammalia,Delphinidae,Grampus griseus,Risso's Dolphin,Appendix II – Trade regulated
9702,France,-99,-99,Native,Mammalia,Delphinidae,Grampus griseus,Risso's Dolphin,Appendix II – Trade regulated
9702,French Polynesia,PF,PYF,Native,Mammalia,Delphinidae,Grampus griseus,Risso's Dolphin,Appendix II – Trade regulated
9702,Gabon,GA,GAB,Native,Mammalia,Delphinidae,Grampus griseus,Risso's Dolphin,Appendix II – Trade regulated
9702,Gambia,GM,GMB,Native,Mammalia,Delphinidae,Grampus griseus,Risso's Dolphin,Appendix II – Trade regulated
9702,Germany,DE,DEU,Native,Mammalia,Delphinidae,Grampus griseus,Risso's Dolphin,Appendix II – Trade regulated
9702,Ghana,GH,GHA,Native,Mammalia,Delphinidae,Grampus griseus,Risso's Dolphin,Appendix II – Trade regulated
9702,Gibraltar (United Kingdom),,,Native,Mammalia,Delphinidae,Grampus griseus,Risso's Dolphin,Appendix II – Trade regulated
9702,Greece,GR,GRC,Native,Mammalia,Delphinidae,Grampus griseus,Risso's Dolphin,Appendix II – Trade regulated
9702,Greenland,GL,GRL,Native,Mammalia,Delphinidae,Grampus griseus,Risso's Dolphin,Appendix II – Trade regulated
9702,Guatemala,GT,GTM,Native,Mammalia,Delphinidae,Grampus griseus,Risso's Dolphin,Appendix II – Trade regulated
9702,Haiti,HT,HTI,Native,Mammalia,Delphinidae,Grampus griseus,Risso's Dolphin,Appendix II – Trade regulated
9702,Honduras,HN,HND,Native,Mammalia,Delphinidae,Grampus griseus,Risso's Dolphin,Appendix II – Trade regulated
9702,India,IN,IND,Native,Mammalia,Delphinidae,Grampus griseus,Risso's Dolphin,Appendix II – Trade regulated
9702,Indonesia,ID,IDN,Native,Mammalia,Delphinidae,Grampus griseus,Risso's Dolphin,Appendix II – Trade regulated
9702,Iran (Islamic Republic of),,,Native,Mammalia,Delphinidae,Grampus griseus,Risso's Dolphin,Appendix II – Trade regulated
9702,Ireland,IE,IRL,Native,Mammalia,Delphinidae,Grampus griseus,Risso's Dolphin,Appendix II – Trade regulated
9702,Israel,IL,ISR,Native,Mammalia,Delphinidae,Grampus griseus,Risso's Dolphin,Appendix II – Trade regulated
9702,Italy,IT,ITA,Native,Mammalia,Delphinidae,Grampus griseus,Risso's Dolphin,Appendix II – Trade regulated
9702,Japan,JP,JPN,Native,Mammalia,Delphinidae,Grampus griseus,Risso's Dolphin,Appendix II – Trade regulated
9702,Kenya,KE,KEN,Native,Mammalia,Delphinidae,Grampus griseus,Risso's Dolphin,Appendix II – Trade regulated
9702,Lebanon,LB,LBN,Native,Mammalia,Delphinidae,Grampus griseus,Risso's Dolphin,Appendix II – Trade regulated
9702,Madagascar,MG,MDG,Native,Mammalia,Delphinidae,Grampus griseus,Risso's Dolphin,Appendix II – Trade regulated
9702,Malaysia,MY,MYS,Native,Mammalia,Delphinidae,Grampus griseus,Risso's Dolphin,Appendix II – Trade regulated
9702,Maldives,MV,MDV,Native,Mammalia,Delphinidae,Grampus griseus,Risso's Dolphin,Appendix II – Trade regulated
9702,Malta,MT,MLT,Native,Mammalia,Delphinidae,Grampus griseus,Risso's Dolphin,Appendix II – Trade regulated
9702,Mauritania,MR,MRT,Native,Mammalia,Delphinidae,Grampus griseus,Risso's Dolphin,Appendix II – Trade regulated
9702,Mauritius,MU,MUS,Native,Mammalia,Delphinidae,Grampus griseus,Risso's Dolphin,Appendix II – Trade regulated
9702,Mexico,MX,MEX,Native,Mammalia,Delphinidae,Grampus griseus,Risso's Dolphin,Appendix II – Trade regulated
9702,Morocco,MA,MAR,Native,Mammalia,Delphinidae,Grampus griseus,Risso's Dolphin,Appendix II – Trade regulated
9702,Namibia,NA,NAM,Native,Mammalia,Delphinidae,Grampus griseus,Risso's Dolphin,Appendix II – Trade regulated
9702,Netherlands,NL,NLD,Native,Mammalia,Delphinidae,Grampus griseus,Risso's Dolphin,Appendix II – Trade regulated
9702,Netherlands Antilles,,,Native,Mammalia,Delphinidae,Grampus griseus,Risso's Dolphin,Appendix II – Trade regulated
9702,New Caledonia,NC,NCL,Native,Mammalia,Delphinidae,Grampus griseus,Risso's Dolphin,Appendix II – Trade regulated
9702,New Zealand,NZ,NZL,Native,Mammalia,Delphinidae,Grampus griseus,Risso's Dolphin,Appendix II – Trade regulated
9702,Oman,OM,OMN,Native,Mammalia,Delphinidae,Grampus griseus,Risso's Dolphin,Appendix II – Trade regulated
9702,Panama,PA,PAN,Native,Mammalia,Delphinidae,Grampus griseus,Risso's Dolphin,Appendix II – Trade regulated
9702,Papua New Guinea,PG,PNG,Native,Mammalia,Delphinidae,Grampus griseus,Risso's Dolphin,Appendix II – Trade regulated
9702,Peru,PE,PER,Native,Mammalia,Delphinidae,Grampus griseus,Risso's Dolphin,Appendix II – Trade regulated
9702,Philippines,PH,PHL,Native,Mammalia,Delphinidae,Grampus griseus,Risso's Dolphin,Appendix II – Trade regulated
9702,Portugal,PT,PRT,Native,Mammalia,Delphinidae,Grampus griseus,Risso's Dolphin,Appendix II – Trade regulated
9702,Republic of Korea,,,Native,Mammalia,Delphinidae,Grampus griseus,Risso's Dolphin,Appendix II – Trade regulated
9702,Russian Federation,,,Native,Mammalia,Delphinidae,Grampus griseus,Risso's Dolphin,Appendix II – Trade regulated
9702,Saint Vincent and the Grenadines,VC,VCT,Native,Mammalia,Delphinidae,Grampus griseus,Risso's Dolphin,Appendix II – Trade regulated
9702,Senegal,SN,SEN,Native,Mammalia,Delphinidae,Grampus griseus,Risso's Dolphin,Appendix II – Trade regulated
9702,Seychelles,SC,SYC,Native,Mammalia,Delphinidae,Grampus griseus,Risso's Dolphin,Appendix II – Trade regulated
9702,Solomon Islands,SB,SLB,Native,Mammalia,Delphinidae,Grampus griseus,Risso's Dolphin,Appendix II – Trade regulated
9702,Somalia,SO,SOM,Native,Mammalia,Delphinidae,Grampus griseus,Risso's Dolphin,Appendix II – Trade regulated
9702,South Africa,ZA,ZAF,Native,Mammalia,Delphinidae,Grampus griseus,Risso's Dolphin,Appendix II – Trade regulated
9702,Spain,ES,ESP,Native,Mammalia,Delphinidae,Grampus griseus,Risso's Dolphin,Appendix II – Trade regulated
9702,Sri Lanka,LK,LKA,Native,Mammalia,Delphinidae,Grampus griseus,Risso's Dolphin,Appendix II – Trade regulated
9702,Sweden,SE,SWE,Native,Mammalia,Delphinidae,Grampus griseus,Risso's Dolphin,Appendix II – Trade regulated
9702,Taiwan,CN-TW,TWN,Native,Mammalia,Delphinidae,Grampus griseus,Risso's Dolphin,Appendix II – Trade regulated
9702,Province of China,,,Native,Mammalia,Delphinidae,Grampus griseus,Risso's Dolphin,Appendix II – Trade regulated
9702,Tonga,TO,TON,Native,Mammalia,Delphinidae,Grampus griseus,Risso's Dolphin,Appendix II – Trade regulated
9702,Trinidad and Tobago,TT,TTO,Native,Mammalia,Delphinidae,Grampus griseus,Risso's Dolphin,Appendix II – Trade regulated
9702,T√ºrkiye,,,Native,Mammalia,Delphinidae,Grampus griseus,Risso's Dolphin,Appendix II – Trade regulated
9702,United Arab Emirates,AE,ARE,Native,Mammalia,Delphinidae,Grampus griseus,Risso's Dolphin,Appendix II – Trade regulated
9702,United Kingdom of Great Britain and Northern Ireland,,,Native,Mammalia,Delphinidae,Grampus griseus,Risso's Dolphin,Appendix II – Trade regulated
9702,United Republic of Tanzania,TZ,TZA,Native,Mammalia,Delphinidae,Grampus griseus,Risso's Dolphin,Appendix II – Trade regulated
9702,United States of America,US,USA,Native,Mammalia,Delphinidae,Grampus griseus,Risso's Dolphin,Appendix II – Trade regulated
9702,Uruguay,UY,URY,Native,Mammalia,Delphinidae,Grampus griseus,Risso's Dolphin,Appendix II – Trade regulated
9702,Venezuela (Bolivarian Republic of),,,Native,Mammalia,Delphinidae,Grampus griseus,Risso's Dolphin,Appendix II – Trade regulated
9702,Viet Nam,,,Native,Mammalia,Delphinidae,Grampus griseus,Risso's Dolphin,Appendix II – Trade regulated
9702,Yemen,YE,YEM,Native,Mammalia,Delphinidae,Grampus griseus,Risso's Dolphin,Appendix II – Trade regulated
7197,Angola,AO,AGO,Native,Mammalia,Delphinidae,Lagenodelphis hosei,Fraser's Dolphin,Appendix II – Trade regulated
7197,Argentina,AR,ARG,Native,Mammalia,Delphinidae,Lagenodelphis hosei,Fraser's Dolphin,Appendix II – Trade regulated
7197,Australia,AU,AUS,Native,Mammalia,Delphinidae,Lagenodelphis hosei,Fraser's Dolphin,Appendix II – Trade regulated
7197,Brazil,BR,BRA,Native,Mammalia,Delphinidae,Lagenodelphis hosei,Fraser's Dolphin,Appendix II – Trade regulated
7197,Brunei Darussalam,,,Native,Mammalia,Delphinidae,Lagenodelphis hosei,Fraser's Dolphin,Appendix II – Trade regulated
7197,Cabo Verde,CV,CPV,Native,Mammalia,Delphinidae,Lagenodelphis hosei,Fraser's Dolphin,Appendix II – Trade regulated
7197,China,CN,CHN,Native,Mammalia,Delphinidae,Lagenodelphis hosei,Fraser's Dolphin,Appendix II – Trade regulated
7197,Colombia,CO,COL,Native,Mammalia,Delphinidae,Lagenodelphis hosei,Fraser's Dolphin,Appendix II – Trade regulated
7197,Comoros,KM,COM,Native,Mammalia,Delphinidae,Lagenodelphis hosei,Fraser's Dolphin,Appendix II – Trade regulated
7197,Costa Rica,CR,CRI,Native,Mammalia,Delphinidae,Lagenodelphis hosei,Fraser's Dolphin,Appendix II – Trade regulated
7197,Dominica,DM,DMA,Native,Mammalia,Delphinidae,Lagenodelphis hosei,Fraser's Dolphin,Appendix II – Trade regulated
7197,Ecuador,EC,ECU,Native,Mammalia,Delphinidae,Lagenodelphis hosei,Fraser's Dolphin,Appendix II – Trade regulated
7197,Fiji,FJ,FJI,Native,Mammalia,Delphinidae,Lagenodelphis hosei,Fraser's Dolphin,Appendix II – Trade regulated
7197,French Polynesia,PF,PYF,Native,Mammalia,Delphinidae,Lagenodelphis hosei,Fraser's Dolphin,Appendix II – Trade regulated
7197,Ghana,GH,GHA,Native,Mammalia,Delphinidae,Lagenodelphis hosei,Fraser's Dolphin,Appendix II – Trade regulated
7197,Indonesia,ID,IDN,Native,Mammalia,Delphinidae,Lagenodelphis hosei,Fraser's Dolphin,Appendix II – Trade regulated
7197,Japan,JP,JPN,Native,Mammalia,Delphinidae,Lagenodelphis hosei,Fraser's Dolphin,Appendix II – Trade regulated
7197,Kenya,KE,KEN,Native,Mammalia,Delphinidae,Lagenodelphis hosei,Fraser's Dolphin,Appendix II – Trade regulated
7197,Kiribati,KI,KIR,Native,Mammalia,Delphinidae,Lagenodelphis hosei,Fraser's Dolphin,Appendix II – Trade regulated
7197,Madagascar,MG,MDG,Native,Mammalia,Delphinidae,Lagenodelphis hosei,Fraser's Dolphin,Appendix II – Trade regulated
7197,Malaysia,MY,MYS,Native,Mammalia,Delphinidae,Lagenodelphis hosei,Fraser's Dolphin,Appendix II – Trade regulated
7197,Maldives,MV,MDV,Native,Mammalia,Delphinidae,Lagenodelphis hosei,Fraser's Dolphin,Appendix II – Trade regulated
7197,Mexico,MX,MEX,Native,Mammalia,Delphinidae,Lagenodelphis hosei,Fraser's Dolphin,Appendix II – Trade regulated
7197,Micronesia (Federated States of),,,Native,Mammalia,Delphinidae,Lagenodelphis hosei,Fraser's Dolphin,Appendix II – Trade regulated
7197,Nauru,NR,NRU,Native,Mammalia,Delphinidae,Lagenodelphis hosei,Fraser's Dolphin,Appendix II – Trade regulated
7197,Netherlands Antilles,,,Native,Mammalia,Delphinidae,Lagenodelphis hosei,Fraser's Dolphin,Appendix II – Trade regulated
7197,Oman,OM,OMN,Native,Mammalia,Delphinidae,Lagenodelphis hosei,Fraser's Dolphin,Appendix II – Trade regulated
7197,Palau,PW,PLW,Native,Mammalia,Delphinidae,Lagenodelphis hosei,Fraser's Dolphin,Appendix II – Trade regulated
7197,Panama,PA,PAN,Native,Mammalia,Delphinidae,Lagenodelphis hosei,Fraser's Dolphin,Appendix II – Trade regulated
7197,Papua New Guinea,PG,PNG,Native,Mammalia,Delphinidae,Lagenodelphis hosei,Fraser's Dolphin,Appendix II – Trade regulated
7197,Peru,PE,PER,Native,Mammalia,Delphinidae,Lagenodelphis hosei,Fraser's Dolphin,Appendix II – Trade regulated
7197,Philippines,PH,PHL,Native,Mammalia,Delphinidae,Lagenodelphis hosei,Fraser's Dolphin,Appendix II – Trade regulated
7197,Puerto Rico,PR,PRI,Native,Mammalia,Delphinidae,Lagenodelphis hosei,Fraser's Dolphin,Appendix II – Trade regulated
7197,Saint Vincent and the Grenadines,VC,VCT,Native,Mammalia,Delphinidae,Lagenodelphis hosei,Fraser's Dolphin,Appendix II – Trade regulated
7197,Senegal,SN,SEN,Native,Mammalia,Delphinidae,Lagenodelphis hosei,Fraser's Dolphin,Appendix II – Trade regulated
7197,Solomon Islands,SB,SLB,Native,Mammalia,Delphinidae,Lagenodelphis hosei,Fraser's Dolphin,Appendix II – Trade regulated
7197,South Africa,ZA,ZAF,Native,Mammalia,Delphinidae,Lagenodelphis hosei,Fraser's Dolphin,Appendix II – Trade regulated
7197,Spain,ES,ESP,Native,Mammalia,Delphinidae,Lagenodelphis hosei,Fraser's Dolphin,Appendix II – Trade regulated
7197,Sri Lanka,LK,LKA,Native,Mammalia,Delphinidae,Lagenodelphis hosei,Fraser's Dolphin,Appendix II – Trade regulated
7197,Taiwan,CN-TW,TWN,Native,Mammalia,Delphinidae,Lagenodelphis hosei,Fraser's Dolphin,Appendix II – Trade regulated
7197,Province of China,,,Native,Mammalia,Delphinidae,Lagenodelphis hosei,Fraser's Dolphin,Appendix II – Trade regulated
7197,Thailand,TH,THA,Native,Mammalia,Delphinidae,Lagenodelphis hosei,Fraser's Dolphin,Appendix II – Trade regulated
7197,United Republic of Tanzania,TZ,TZA,Native,Mammalia,Delphinidae,Lagenodelphis hosei,Fraser's Dolphin,Appendix II – Trade regulated
7197,United States of America,US,USA,Native,Mammalia,Delphinidae,Lagenodelphis hosei,Fraser's Dolphin,Appendix II – Trade regulated
7197,Uruguay,UY,URY,Native,Mammalia,Delphinidae,Lagenodelphis hosei,Fraser's Dolphin,Appendix II – Trade regulated
7197,Venezuela (Bolivarian Republic of),,,Native,Mammalia,Delphinidae,Lagenodelphis hosei,Fraser's Dolphin,Appendix II – Trade regulated
7197,Viet Nam,,,Native,Mammalia,Delphinidae,Lagenodelphis hosei,Fraser's Dolphin,Appendix II – Trade regulated
9180,Belgium,BE,BEL,Native,Mammalia,Delphinidae,Lagenorhynchus acutus,Atlantic White-sided Dolphin,Appendix II – Trade regulated
9180,Canada,CA,CAN,Native,Mammalia,Delphinidae,Lagenorhynchus acutus,Atlantic White-sided Dolphin,Appendix II – Trade regulated
9180,Denmark,DK,DNK,Native,Mammalia,Delphinidae,Lagenorhynchus acutus,Atlantic White-sided Dolphin,Appendix II – Trade regulated
9180,Faroe Islands,FO,FRO,Native,Mammalia,Delphinidae,Lagenorhynchus acutus,Atlantic White-sided Dolphin,Appendix II – Trade regulated
9180,France,-99,-99,Native,Mammalia,Delphinidae,Lagenorhynchus acutus,Atlantic White-sided Dolphin,Appendix II – Trade regulated
9180,Greenland,GL,GRL,Native,Mammalia,Delphinidae,Lagenorhynchus acutus,Atlantic White-sided Dolphin,Appendix II – Trade regulated
9180,Iceland,IS,ISL,Native,Mammalia,Delphinidae,Lagenorhynchus acutus,Atlantic White-sided Dolphin,Appendix II – Trade regulated
9180,Ireland,IE,IRL,Native,Mammalia,Delphinidae,Lagenorhynchus acutus,Atlantic White-sided Dolphin,Appendix II – Trade regulated
9180,Netherlands,NL,NLD,Native,Mammalia,Delphinidae,Lagenorhynchus acutus,Atlantic White-sided Dolphin,Appendix II – Trade regulated
9180,Norway,-99,-99,Native,Mammalia,Delphinidae,Lagenorhynchus acutus,Atlantic White-sided Dolphin,Appendix II – Trade regulated
9180,Russian Federation,,,Native,Mammalia,Delphinidae,Lagenorhynchus acutus,Atlantic White-sided Dolphin,Appendix II – Trade regulated
9180,Svalbard and Jan Mayen Islands,,,Native,Mammalia,Delphinidae,Lagenorhynchus acutus,Atlantic White-sided Dolphin,Appendix II – Trade regulated
9180,Sweden,SE,SWE,Native,Mammalia,Delphinidae,Lagenorhynchus acutus,Atlantic White-sided Dolphin,Appendix II – Trade regulated
9180,United Kingdom of Great Britain and Northern Ireland,,,Native,Mammalia,Delphinidae,Lagenorhynchus acutus,Atlantic White-sided Dolphin,Appendix II – Trade regulated
9180,United States of America,US,USA,Native,Mammalia,Delphinidae,Lagenorhynchus acutus,Atlantic White-sided Dolphin,Appendix II – Trade regulated
3918,Belgium,BE,BEL,Native,Mammalia,Delphinidae,Lagenorhynchus albirostris,White-beaked Dolphin,Appendix II – Trade regulated
3918,Canada,CA,CAN,Native,Mammalia,Delphinidae,Lagenorhynchus albirostris,White-beaked Dolphin,Appendix II – Trade regulated
3918,Denmark,DK,DNK,Native,Mammalia,Delphinidae,Lagenorhynchus albirostris,White-beaked Dolphin,Appendix II – Trade regulated
3918,Faroe Islands,FO,FRO,Native,Mammalia,Delphinidae,Lagenorhynchus albirostris,White-beaked Dolphin,Appendix II – Trade regulated
3918,France,-99,-99,Native,Mammalia,Delphinidae,Lagenorhynchus albirostris,White-beaked Dolphin,Appendix II – Trade regulated
3918,Germany,DE,DEU,Native,Mammalia,Delphinidae,Lagenorhynchus albirostris,White-beaked Dolphin,Appendix II – Trade regulated
3918,Greenland,GL,GRL,Native,Mammalia,Delphinidae,Lagenorhynchus albirostris,White-beaked Dolphin,Appendix II – Trade regulated
3918,Iceland,IS,ISL,Native,Mammalia,Delphinidae,Lagenorhynchus albirostris,White-beaked Dolphin,Appendix II – Trade regulated
3918,Ireland,IE,IRL,Native,Mammalia,Delphinidae,Lagenorhynchus albirostris,White-beaked Dolphin,Appendix II – Trade regulated
3918,Netherlands,NL,NLD,Native,Mammalia,Delphinidae,Lagenorhynchus albirostris,White-beaked Dolphin,Appendix II – Trade regulated
3918,Norway,-99,-99,Native,Mammalia,Delphinidae,Lagenorhynchus albirostris,White-beaked Dolphin,Appendix II – Trade regulated
3918,Russian Federation,,,Native,Mammalia,Delphinidae,Lagenorhynchus albirostris,White-beaked Dolphin,Appendix II – Trade regulated
3918,Svalbard and Jan Mayen Islands,,,Native,Mammalia,Delphinidae,Lagenorhynchus albirostris,White-beaked Dolphin,Appendix II – Trade regulated
3918,Sweden,SE,SWE,Native,Mammalia,Delphinidae,Lagenorhynchus albirostris,White-beaked Dolphin,Appendix II – Trade regulated
3918,United Kingdom of Great Britain and Northern Ireland,,,Native,Mammalia,Delphinidae,Lagenorhynchus albirostris,White-beaked Dolphin,Appendix II – Trade regulated
3918,United States of America,US,USA,Native,Mammalia,Delphinidae,Lagenorhynchus albirostris,White-beaked Dolphin,Appendix II – Trade regulated
6793,Argentina,AR,ARG,Native,Mammalia,Delphinidae,Lagenorhynchus australis,Peale's Dolphin,Appendix II – Trade regulated
6793,Chile,CL,CHL,Native,Mammalia,Delphinidae,Lagenorhynchus australis,Peale's Dolphin,Appendix II – Trade regulated
6793,Falkland Islands (Malvinas),,,Native,Mammalia,Delphinidae,Lagenorhynchus australis,Peale's Dolphin,Appendix II – Trade regulated
7504,Antarctica,AQ,ATA,Native,Mammalia,Delphinidae,Lagenorhynchus cruciger,Hourglass Dolphin,Appendix II – Trade regulated
7504,Argentina,AR,ARG,Native,Mammalia,Delphinidae,Lagenorhynchus cruciger,Hourglass Dolphin,Appendix II – Trade regulated
7504,Australia,AU,AUS,Native,Mammalia,Delphinidae,Lagenorhynchus cruciger,Hourglass Dolphin,Appendix II – Trade regulated
7504,Chile,CL,CHL,Native,Mammalia,Delphinidae,Lagenorhynchus cruciger,Hourglass Dolphin,Appendix II – Trade regulated
7504,Falkland Islands (Malvinas),,,Native,Mammalia,Delphinidae,Lagenorhynchus cruciger,Hourglass Dolphin,Appendix II – Trade regulated
7504,French Southern and Antarctic Territories,,,Native,Mammalia,Delphinidae,Lagenorhynchus cruciger,Hourglass Dolphin,Appendix II – Trade regulated
7504,Heard and McDonald Islands,,,Native,Mammalia,Delphinidae,Lagenorhynchus cruciger,Hourglass Dolphin,Appendix II – Trade regulated
7504,New Zealand,NZ,NZL,Native,Mammalia,Delphinidae,Lagenorhynchus cruciger,Hourglass Dolphin,Appendix II – Trade regulated
8540,Canada,CA,CAN,Native,Mammalia,Delphinidae,Lagenorhynchus obliquidens,Pacific White-sided Dolphin,Appendix II – Trade regulated
8540,China,CN,CHN,Native,Mammalia,Delphinidae,Lagenorhynchus obliquidens,Pacific White-sided Dolphin,Appendix II – Trade regulated
8540,Democratic People's Republic of Korea,,,Native,Mammalia,Delphinidae,Lagenorhynchus obliquidens,Pacific White-sided Dolphin,Appendix II – Trade regulated
8540,Japan,JP,JPN,Native,Mammalia,Delphinidae,Lagenorhynchus obliquidens,Pacific White-sided Dolphin,Appendix II – Trade regulated
8540,Mexico,MX,MEX,Native,Mammalia,Delphinidae,Lagenorhynchus obliquidens,Pacific White-sided Dolphin,Appendix II – Trade regulated
8540,Republic of Korea,,,Native,Mammalia,Delphinidae,Lagenorhynchus obliquidens,Pacific White-sided Dolphin,Appendix II – Trade regulated
8540,Russian Federation,,,Native,Mammalia,Delphinidae,Lagenorhynchus obliquidens,Pacific White-sided Dolphin,Appendix II – Trade regulated
8540,Taiwan,CN-TW,TWN,Native,Mammalia,Delphinidae,Lagenorhynchus obliquidens,Pacific White-sided Dolphin,Appendix II – Trade regulated
8540,Province of China,,,Native,Mammalia,Delphinidae,Lagenorhynchus obliquidens,Pacific White-sided Dolphin,Appendix II – Trade regulated
8540,United States of America,US,USA,Native,Mammalia,Delphinidae,Lagenorhynchus obliquidens,Pacific White-sided Dolphin,Appendix II – Trade regulated
10842,Argentina,AR,ARG,Native,Mammalia,Delphinidae,Lagenorhynchus obscurus,Dusky Dolphin,Appendix II – Trade regulated
10842,Chile,CL,CHL,Native,Mammalia,Delphinidae,Lagenorhynchus obscurus,Dusky Dolphin,Appendix II – Trade regulated
10842,Falkland Islands (Malvinas),,,Native,Mammalia,Delphinidae,Lagenorhynchus obscurus,Dusky Dolphin,Appendix II – Trade regulated
10842,French Southern and Antarctic Territories,,,Native,Mammalia,Delphinidae,Lagenorhynchus obscurus,Dusky Dolphin,Appendix II – Trade regulated
10842,Namibia,NA,NAM,Native,Mammalia,Delphinidae,Lagenorhynchus obscurus,Dusky Dolphin,Appendix II – Trade regulated
10842,New Zealand,NZ,NZL,Native,Mammalia,Delphinidae,Lagenorhynchus obscurus,Dusky Dolphin,Appendix II – Trade regulated
10842,Peru,PE,PER,Native,Mammalia,Delphinidae,Lagenorhynchus obscurus,Dusky Dolphin,Appendix II – Trade regulated
10842,Saint Helena and Dependencies (United Kingdom),,,Native,Mammalia,Delphinidae,Lagenorhynchus obscurus,Dusky Dolphin,Appendix II – Trade regulated
10842,South Africa,ZA,ZAF,Native,Mammalia,Delphinidae,Lagenorhynchus obscurus,Dusky Dolphin,Appendix II – Trade regulated
8788,Japan,JP,JPN,Native,Mammalia,Delphinidae,Lissodelphis borealis,Northern Right Whale Dolphin,Appendix II – Trade regulated
8788,Mexico,MX,MEX,Native,Mammalia,Delphinidae,Lissodelphis borealis,Northern Right Whale Dolphin,Appendix II – Trade regulated
8788,Russian Federation,,,Native,Mammalia,Delphinidae,Lissodelphis borealis,Northern Right Whale Dolphin,Appendix II – Trade regulated
8788,United States of America,US,USA,Native,Mammalia,Delphinidae,Lissodelphis borealis,Northern Right Whale Dolphin,Appendix II – Trade regulated
10448,Antarctica,AQ,ATA,Native,Mammalia,Delphinidae,Lissodelphis peronii,Southern Right Whale Dolphin,Appendix II – Trade regulated
10448,Argentina,AR,ARG,Native,Mammalia,Delphinidae,Lissodelphis peronii,Southern Right Whale Dolphin,Appendix II – Trade regulated
10448,Australia,AU,AUS,Native,Mammalia,Delphinidae,Lissodelphis peronii,Southern Right Whale Dolphin,Appendix II – Trade regulated
10448,Bouvet Island,,,Native,Mammalia,Delphinidae,Lissodelphis peronii,Southern Right Whale Dolphin,Appendix II – Trade regulated
10448,Brazil,BR,BRA,Native,Mammalia,Delphinidae,Lissodelphis peronii,Southern Right Whale Dolphin,Appendix II – Trade regulated
10448,Chile,CL,CHL,Native,Mammalia,Delphinidae,Lissodelphis peronii,Southern Right Whale Dolphin,Appendix II – Trade regulated
10448,Falkland Islands (Malvinas),,,Native,Mammalia,Delphinidae,Lissodelphis peronii,Southern Right Whale Dolphin,Appendix II – Trade regulated
10448,French Southern and Antarctic Territories,,,Native,Mammalia,Delphinidae,Lissodelphis peronii,Southern Right Whale Dolphin,Appendix II – Trade regulated
10448,Indonesia,ID,IDN,Native,Mammalia,Delphinidae,Lissodelphis peronii,Southern Right Whale Dolphin,Appendix II – Trade regulated
10448,Namibia,NA,NAM,Native,Mammalia,Delphinidae,Lissodelphis peronii,Southern Right Whale Dolphin,Appendix II – Trade regulated
10448,New Zealand,NZ,NZL,Native,Mammalia,Delphinidae,Lissodelphis peronii,Southern Right Whale Dolphin,Appendix II – Trade regulated
10448,Papua New Guinea,PG,PNG,Native,Mammalia,Delphinidae,Lissodelphis peronii,Southern Right Whale Dolphin,Appendix II – Trade regulated
10448,Peru,PE,PER,Native,Mammalia,Delphinidae,Lissodelphis peronii,Southern Right Whale Dolphin,Appendix II – Trade regulated
10448,South Africa,ZA,ZAF,Native,Mammalia,Delphinidae,Lissodelphis peronii,Southern Right Whale Dolphin,Appendix II – Trade regulated
10448,Uruguay,UY,URY,Native,Mammalia,Delphinidae,Lissodelphis peronii,Southern Right Whale Dolphin,Appendix II – Trade regulated
9382,Australia,AU,AUS,Native,Mammalia,Delphinidae,Orcaella brevirostris,Irrawaddy Dolphin,Appendix I – Species threatened with extinction
9382,Bangladesh,BD,BGD,Native,Mammalia,Delphinidae,Orcaella brevirostris,Irrawaddy Dolphin,Appendix I – Species threatened with extinction
9382,Brunei Darussalam,,,Native,Mammalia,Delphinidae,Orcaella brevirostris,Irrawaddy Dolphin,Appendix I – Species threatened with extinction
9382,Cambodia,KH,KHM,Native,Mammalia,Delphinidae,Orcaella brevirostris,Irrawaddy Dolphin,Appendix I – Species threatened with extinction
9382,India,IN,IND,Native,Mammalia,Delphinidae,Orcaella brevirostris,Irrawaddy Dolphin,Appendix I – Species threatened with extinction
9382,Indonesia,ID,IDN,Native,Mammalia,Delphinidae,Orcaella brevirostris,Irrawaddy Dolphin,Appendix I – Species threatened with extinction
9382,Lao People's Democratic Republic,,,Native,Mammalia,Delphinidae,Orcaella brevirostris,Irrawaddy Dolphin,Appendix I – Species threatened with extinction
9382,Malaysia,MY,MYS,Native,Mammalia,Delphinidae,Orcaella brevirostris,Irrawaddy Dolphin,Appendix I – Species threatened with extinction
9382,Myanmar,MM,MMR,Native,Mammalia,Delphinidae,Orcaella brevirostris,Irrawaddy Dolphin,Appendix I – Species threatened with extinction
9382,Papua New Guinea,PG,PNG,Native,Mammalia,Delphinidae,Orcaella brevirostris,Irrawaddy Dolphin,Appendix I – Species threatened with extinction
9382,Philippines,PH,PHL,Native,Mammalia,Delphinidae,Orcaella brevirostris,Irrawaddy Dolphin,Appendix I – Species threatened with extinction
9382,Singapore,SG,SGP,Native,Mammalia,Delphinidae,Orcaella brevirostris,Irrawaddy Dolphin,Appendix I – Species threatened with extinction
9382,Thailand,TH,THA,Native,Mammalia,Delphinidae,Orcaella brevirostris,Irrawaddy Dolphin,Appendix I – Species threatened with extinction
9382,Viet Nam,,,Native,Mammalia,Delphinidae,Orcaella brevirostris,Irrawaddy Dolphin,Appendix I – Species threatened with extinction
11005,Australia,AU,AUS,Native,Mammalia,Delphinidae,Orcaella heinsohni,Australian Snubfin Dolphin,Appendix I – Species threatened with extinction
11005,Papua New Guinea,PG,PNG,Native,Mammalia,Delphinidae,Orcaella heinsohni,Australian Snubfin Dolphin,Appendix I – Species threatened with extinction
6391,Angola,AO,AGO,Native,Mammalia,Delphinidae,Orcinus orca,Killer Whale (Orca),Appendix II – Trade regulated
6391,Antarctica,AQ,ATA,Native,Mammalia,Delphinidae,Orcinus orca,Killer Whale (Orca),Appendix II – Trade regulated
6391,Argentina,AR,ARG,Native,Mammalia,Delphinidae,Orcinus orca,Killer Whale (Orca),Appendix II – Trade regulated
6391,Australia,AU,AUS,Native,Mammalia,Delphinidae,Orcinus orca,Killer Whale (Orca),Appendix II – Trade regulated
6391,Bahamas,,,Native,Mammalia,Delphinidae,Orcinus orca,Killer Whale (Orca),Appendix II – Trade regulated
6391,Belgium,BE,BEL,Native,Mammalia,Delphinidae,Orcinus orca,Killer Whale (Orca),Appendix II – Trade regulated
6391,Brazil,BR,BRA,Native,Mammalia,Delphinidae,Orcinus orca,Killer Whale (Orca),Appendix II – Trade regulated
6391,Cabo Verde,CV,CPV,Native,Mammalia,Delphinidae,Orcinus orca,Killer Whale (Orca),Appendix II – Trade regulated
6391,Canada,CA,CAN,Native,Mammalia,Delphinidae,Orcinus orca,Killer Whale (Orca),Appendix II – Trade regulated
6391,Chile,CL,CHL,Native,Mammalia,Delphinidae,Orcinus orca,Killer Whale (Orca),Appendix II – Trade regulated
6391,China,CN,CHN,Native,Mammalia,Delphinidae,Orcinus orca,Killer Whale (Orca),Appendix II – Trade regulated
6391,Colombia,CO,COL,Native,Mammalia,Delphinidae,Orcinus orca,Killer Whale (Orca),Appendix II – Trade regulated
6391,Costa Rica,CR,CRI,Native,Mammalia,Delphinidae,Orcinus orca,Killer Whale (Orca),Appendix II – Trade regulated
6391,C√¥te d'Ivoire,,,Native,Mammalia,Delphinidae,Orcinus orca,Killer Whale (Orca),Appendix II – Trade regulated
6391,Democratic People's Republic of Korea,,,Native,Mammalia,Delphinidae,Orcinus orca,Killer Whale (Orca),Appendix II – Trade regulated
6391,Denmark,DK,DNK,Native,Mammalia,Delphinidae,Orcinus orca,Killer Whale (Orca),Appendix II – Trade regulated
6391,Ecuador,EC,ECU,Native,Mammalia,Delphinidae,Orcinus orca,Killer Whale (Orca),Appendix II – Trade regulated
6391,Equatorial Guinea,GQ,GNQ,Native,Mammalia,Delphinidae,Orcinus orca,Killer Whale (Orca),Appendix II – Trade regulated
6391,Falkland Islands (Malvinas),,,Native,Mammalia,Delphinidae,Orcinus orca,Killer Whale (Orca),Appendix II – Trade regulated
6391,Faroe Islands,FO,FRO,Native,Mammalia,Delphinidae,Orcinus orca,Killer Whale (Orca),Appendix II – Trade regulated
6391,Fiji,FJ,FJI,Native,Mammalia,Delphinidae,Orcinus orca,Killer Whale (Orca),Appendix II – Trade regulated
6391,France,-99,-99,Native,Mammalia,Delphinidae,Orcinus orca,Killer Whale (Orca),Appendix II – Trade regulated
6391,French Southern and Antarctic Territories,,,Native,Mammalia,Delphinidae,Orcinus orca,Killer Whale (Orca),Appendix II – Trade regulated
6391,Gabon,GA,GAB,Native,Mammalia,Delphinidae,Orcinus orca,Killer Whale (Orca),Appendix II – Trade regulated
6391,Germany,DE,DEU,Native,Mammalia,Delphinidae,Orcinus orca,Killer Whale (Orca),Appendix II – Trade regulated
6391,Ghana,GH,GHA,Native,Mammalia,Delphinidae,Orcinus orca,Killer Whale (Orca),Appendix II – Trade regulated
6391,Greece,GR,GRC,Native,Mammalia,Delphinidae,Orcinus orca,Killer Whale (Orca),Appendix II – Trade regulated
6391,Greenland,GL,GRL,Native,Mammalia,Delphinidae,Orcinus orca,Killer Whale (Orca),Appendix II – Trade regulated
6391,Grenada,GD,GRD,Native,Mammalia,Delphinidae,Orcinus orca,Killer Whale (Orca),Appendix II – Trade regulated
6391,Guam,GU,GUM,Native,Mammalia,Delphinidae,Orcinus orca,Killer Whale (Orca),Appendix II – Trade regulated
6391,Guinea,GN,GIN,Native,Mammalia,Delphinidae,Orcinus orca,Killer Whale (Orca),Appendix II – Trade regulated
6391,Honduras,HN,HND,Native,Mammalia,Delphinidae,Orcinus orca,Killer Whale (Orca),Appendix II – Trade regulated
6391,Iceland,IS,ISL,Native,Mammalia,Delphinidae,Orcinus orca,Killer Whale (Orca),Appendix II – Trade regulated
6391,India,IN,IND,Native,Mammalia,Delphinidae,Orcinus orca,Killer Whale (Orca),Appendix II – Trade regulated
6391,Indonesia,ID,IDN,Native,Mammalia,Delphinidae,Orcinus orca,Killer Whale (Orca),Appendix II – Trade regulated
6391,Ireland,IE,IRL,Native,Mammalia,Delphinidae,Orcinus orca,Killer Whale (Orca),Appendix II – Trade regulated
6391,Italy,IT,ITA,Native,Mammalia,Delphinidae,Orcinus orca,Killer Whale (Orca),Appendix II – Trade regulated
6391,Japan,JP,JPN,Native,Mammalia,Delphinidae,Orcinus orca,Killer Whale (Orca),Appendix II – Trade regulated
6391,Kenya,KE,KEN,Native,Mammalia,Delphinidae,Orcinus orca,Killer Whale (Orca),Appendix II – Trade regulated
6391,Liberia,LR,LBR,Native,Mammalia,Delphinidae,Orcinus orca,Killer Whale (Orca),Appendix II – Trade regulated
6391,Madagascar,MG,MDG,Native,Mammalia,Delphinidae,Orcinus orca,Killer Whale (Orca),Appendix II – Trade regulated
6391,Malaysia,MY,MYS,Native,Mammalia,Delphinidae,Orcinus orca,Killer Whale (Orca),Appendix II – Trade regulated
6391,Malta,MT,MLT,Native,Mammalia,Delphinidae,Orcinus orca,Killer Whale (Orca),Appendix II – Trade regulated
6391,Mauritania,MR,MRT,Native,Mammalia,Delphinidae,Orcinus orca,Killer Whale (Orca),Appendix II – Trade regulated
6391,Mexico,MX,MEX,Native,Mammalia,Delphinidae,Orcinus orca,Killer Whale (Orca),Appendix II – Trade regulated
6391,Morocco,MA,MAR,Native,Mammalia,Delphinidae,Orcinus orca,Killer Whale (Orca),Appendix II – Trade regulated
6391,Mozambique,MZ,MOZ,Native,Mammalia,Delphinidae,Orcinus orca,Killer Whale (Orca),Appendix II – Trade regulated
6391,Namibia,NA,NAM,Native,Mammalia,Delphinidae,Orcinus orca,Killer Whale (Orca),Appendix II – Trade regulated
6391,Netherlands,NL,NLD,Native,Mammalia,Delphinidae,Orcinus orca,Killer Whale (Orca),Appendix II – Trade regulated
6391,Netherlands Antilles,,,Native,Mammalia,Delphinidae,Orcinus orca,Killer Whale (Orca),Appendix II – Trade regulated
6391,New Caledonia,NC,NCL,Native,Mammalia,Delphinidae,Orcinus orca,Killer Whale (Orca),Appendix II – Trade regulated
6391,New Zealand,NZ,NZL,Native,Mammalia,Delphinidae,Orcinus orca,Killer Whale (Orca),Appendix II – Trade regulated
6391,Norway,-99,-99,Native,Mammalia,Delphinidae,Orcinus orca,Killer Whale (Orca),Appendix II – Trade regulated
6391,Panama,PA,PAN,Native,Mammalia,Delphinidae,Orcinus orca,Killer Whale (Orca),Appendix II – Trade regulated
6391,Peru,PE,PER,Native,Mammalia,Delphinidae,Orcinus orca,Killer Whale (Orca),Appendix II – Trade regulated
6391,Philippines,PH,PHL,Native,Mammalia,Delphinidae,Orcinus orca,Killer Whale (Orca),Appendix II – Trade regulated
6391,Portugal,PT,PRT,Native,Mammalia,Delphinidae,Orcinus orca,Killer Whale (Orca),Appendix II – Trade regulated
6391,Republic of Korea,,,Native,Mammalia,Delphinidae,Orcinus orca,Killer Whale (Orca),Appendix II – Trade regulated
6391,Russian Federation,,,Native,Mammalia,Delphinidae,Orcinus orca,Killer Whale (Orca),Appendix II – Trade regulated
6391,Saint Vincent and the Grenadines,VC,VCT,Native,Mammalia,Delphinidae,Orcinus orca,Killer Whale (Orca),Appendix II – Trade regulated
6391,Sao Tome and Principe,,,Native,Mammalia,Delphinidae,Orcinus orca,Killer Whale (Orca),Appendix II – Trade regulated
6391,Senegal,SN,SEN,Native,Mammalia,Delphinidae,Orcinus orca,Killer Whale (Orca),Appendix II – Trade regulated
6391,Seychelles,SC,SYC,Native,Mammalia,Delphinidae,Orcinus orca,Killer Whale (Orca),Appendix II – Trade regulated
6391,Solomon Islands,SB,SLB,Native,Mammalia,Delphinidae,Orcinus orca,Killer Whale (Orca),Appendix II – Trade regulated
6391,South Africa,ZA,ZAF,Native,Mammalia,Delphinidae,Orcinus orca,Killer Whale (Orca),Appendix II – Trade regulated
6391,Spain,ES,ESP,Native,Mammalia,Delphinidae,Orcinus orca,Killer Whale (Orca),Appendix II – Trade regulated
6391,Sri Lanka,LK,LKA,Native,Mammalia,Delphinidae,Orcinus orca,Killer Whale (Orca),Appendix II – Trade regulated
6391,Thailand,TH,THA,Native,Mammalia,Delphinidae,Orcinus orca,Killer Whale (Orca),Appendix II – Trade regulated
6391,Trinidad and Tobago,TT,TTO,Native,Mammalia,Delphinidae,Orcinus orca,Killer Whale (Orca),Appendix II – Trade regulated
6391,United Kingdom of Great Britain and Northern Ireland,,,Native,Mammalia,Delphinidae,Orcinus orca,Killer Whale (Orca),Appendix II – Trade regulated
6391,United Republic of Tanzania,TZ,TZA,Native,Mammalia,Delphinidae,Orcinus orca,Killer Whale (Orca),Appendix II – Trade regulated
6391,United States of America,US,USA,Native,Mammalia,Delphinidae,Orcinus orca,Killer Whale (Orca),Appendix II – Trade regulated
6391,Uruguay,UY,URY,Native,Mammalia,Delphinidae,Orcinus orca,Killer Whale (Orca),Appendix II – Trade regulated
6391,Venezuela (Bolivarian Republic of),,,Native,Mammalia,Delphinidae,Orcinus orca,Killer Whale (Orca),Appendix II – Trade regulated
6391,Viet Nam,,,Native,Mammalia,Delphinidae,Orcinus orca,Killer Whale (Orca),Appendix II – Trade regulated
6391,Western Sahara,EH,ESH,Native,Mammalia,Delphinidae,Orcinus orca,Killer Whale (Orca),Appendix II – Trade regulated
7820,Angola,AO,AGO,Native,Mammalia,Delphinidae,Peponocephala electra,Melon-headed Whale,Appendix II – Trade regulated
7820,Australia,AU,AUS,Native,Mammalia,Delphinidae,Peponocephala electra,Melon-headed Whale,Appendix II – Trade regulated
7820,Bahamas,,,Native,Mammalia,Delphinidae,Peponocephala electra,Melon-headed Whale,Appendix II – Trade regulated
7820,Bangladesh,BD,BGD,Native,Mammalia,Delphinidae,Peponocephala electra,Melon-headed Whale,Appendix II – Trade regulated
7820,Brazil,BR,BRA,Native,Mammalia,Delphinidae,Peponocephala electra,Melon-headed Whale,Appendix II – Trade regulated
7820,Cabo Verde,CV,CPV,Native,Mammalia,Delphinidae,Peponocephala electra,Melon-headed Whale,Appendix II – Trade regulated
7820,Colombia,CO,COL,Native,Mammalia,Delphinidae,Peponocephala electra,Melon-headed Whale,Appendix II – Trade regulated
7820,Comoros,KM,COM,Native,Mammalia,Delphinidae,Peponocephala electra,Melon-headed Whale,Appendix II – Trade regulated
7820,Costa Rica,CR,CRI,Native,Mammalia,Delphinidae,Peponocephala electra,Melon-headed Whale,Appendix II – Trade regulated
7820,Ecuador,EC,ECU,Native,Mammalia,Delphinidae,Peponocephala electra,Melon-headed Whale,Appendix II – Trade regulated
7820,French Polynesia,PF,PYF,Native,Mammalia,Delphinidae,Peponocephala electra,Melon-headed Whale,Appendix II – Trade regulated
7820,Gabon,GA,GAB,Native,Mammalia,Delphinidae,Peponocephala electra,Melon-headed Whale,Appendix II – Trade regulated
7820,Ghana,GH,GHA,Native,Mammalia,Delphinidae,Peponocephala electra,Melon-headed Whale,Appendix II – Trade regulated
7820,Guam,GU,GUM,Native,Mammalia,Delphinidae,Peponocephala electra,Melon-headed Whale,Appendix II – Trade regulated
7820,Guatemala,GT,GTM,Native,Mammalia,Delphinidae,Peponocephala electra,Melon-headed Whale,Appendix II – Trade regulated
7820,Guinea Bissau,,,Native,Mammalia,Delphinidae,Peponocephala electra,Melon-headed Whale,Appendix II – Trade regulated
7820,Honduras,HN,HND,Native,Mammalia,Delphinidae,Peponocephala electra,Melon-headed Whale,Appendix II – Trade regulated
7820,India,IN,IND,Native,Mammalia,Delphinidae,Peponocephala electra,Melon-headed Whale,Appendix II – Trade regulated
7820,Indonesia,ID,IDN,Native,Mammalia,Delphinidae,Peponocephala electra,Melon-headed Whale,Appendix II – Trade regulated
7820,Japan,JP,JPN,Native,Mammalia,Delphinidae,Peponocephala electra,Melon-headed Whale,Appendix II – Trade regulated
7820,Malaysia,MY,MYS,Native,Mammalia,Delphinidae,Peponocephala electra,Melon-headed Whale,Appendix II – Trade regulated
7820,Maldives,MV,MDV,Native,Mammalia,Delphinidae,Peponocephala electra,Melon-headed Whale,Appendix II – Trade regulated
7820,Mauritania,MR,MRT,Native,Mammalia,Delphinidae,Peponocephala electra,Melon-headed Whale,Appendix II – Trade regulated
7820,Mexico,MX,MEX,Native,Mammalia,Delphinidae,Peponocephala electra,Melon-headed Whale,Appendix II – Trade regulated
7820,Netherlands Antilles,,,Native,Mammalia,Delphinidae,Peponocephala electra,Melon-headed Whale,Appendix II – Trade regulated
7820,Oman,OM,OMN,Native,Mammalia,Delphinidae,Peponocephala electra,Melon-headed Whale,Appendix II – Trade regulated
7820,Pakistan,PK,PAK,Native,Mammalia,Delphinidae,Peponocephala electra,Melon-headed Whale,Appendix II – Trade regulated
7820,Palau,PW,PLW,Native,Mammalia,Delphinidae,Peponocephala electra,Melon-headed Whale,Appendix II – Trade regulated
7820,Papua New Guinea,PG,PNG,Native,Mammalia,Delphinidae,Peponocephala electra,Melon-headed Whale,Appendix II – Trade regulated
7820,Peru,PE,PER,Native,Mammalia,Delphinidae,Peponocephala electra,Melon-headed Whale,Appendix II – Trade regulated
7820,Philippines,PH,PHL,Native,Mammalia,Delphinidae,Peponocephala electra,Melon-headed Whale,Appendix II – Trade regulated
7820,Puerto Rico,PR,PRI,Native,Mammalia,Delphinidae,Peponocephala electra,Melon-headed Whale,Appendix II – Trade regulated
7820,Saint Vincent and the Grenadines,VC,VCT,Native,Mammalia,Delphinidae,Peponocephala electra,Melon-headed Whale,Appendix II – Trade regulated
7820,Senegal,SN,SEN,Native,Mammalia,Delphinidae,Peponocephala electra,Melon-headed Whale,Appendix II – Trade regulated
7820,Seychelles,SC,SYC,Native,Mammalia,Delphinidae,Peponocephala electra,Melon-headed Whale,Appendix II – Trade regulated
7820,Solomon Islands,SB,SLB,Native,Mammalia,Delphinidae,Peponocephala electra,Melon-headed Whale,Appendix II – Trade regulated
7820,Somalia,SO,SOM,Native,Mammalia,Delphinidae,Peponocephala electra,Melon-headed Whale,Appendix II – Trade regulated
7820,South Africa,ZA,ZAF,Native,Mammalia,Delphinidae,Peponocephala electra,Melon-headed Whale,Appendix II – Trade regulated
7820,Sri Lanka,LK,LKA,Native,Mammalia,Delphinidae,Peponocephala electra,Melon-headed Whale,Appendix II – Trade regulated
7820,Thailand,TH,THA,Native,Mammalia,Delphinidae,Peponocephala electra,Melon-headed Whale,Appendix II – Trade regulated
7820,United Kingdom of Great Britain and Northern Ireland,,,Native,Mammalia,Delphinidae,Peponocephala electra,Melon-headed Whale,Appendix II – Trade regulated
7820,United Republic of Tanzania,TZ,TZA,Native,Mammalia,Delphinidae,Peponocephala electra,Melon-headed Whale,Appendix II – Trade regulated
7820,United States of America,US,USA,Native,Mammalia,Delphinidae,Peponocephala electra,Melon-headed Whale,Appendix II – Trade regulated
7820,Vanuatu,VU,VUT,Native,Mammalia,Delphinidae,Peponocephala electra,Melon-headed Whale,Appendix II – Trade regulated
7820,Venezuela (Bolivarian Republic of),,,Native,Mammalia,Delphinidae,Peponocephala electra,Melon-headed Whale,Appendix II – Trade regulated
7820,Viet Nam,,,Native,Mammalia,Delphinidae,Peponocephala electra,Melon-headed Whale,Appendix II – Trade regulated
6795,Angola,AO,AGO,Native,Mammalia,Delphinidae,Pseudorca crassidens,False Killer Whale,Appendix II – Trade regulated
6795,Argentina,AR,ARG,Native,Mammalia,Delphinidae,Pseudorca crassidens,False Killer Whale,Appendix II – Trade regulated
6795,Australia,AU,AUS,Native,Mammalia,Delphinidae,Pseudorca crassidens,False Killer Whale,Appendix II – Trade regulated
6795,Benin,BJ,BEN,Native,Mammalia,Delphinidae,Pseudorca crassidens,False Killer Whale,Appendix II – Trade regulated
6795,Brazil,BR,BRA,Native,Mammalia,Delphinidae,Pseudorca crassidens,False Killer Whale,Appendix II – Trade regulated
6795,Cambodia,KH,KHM,Native,Mammalia,Delphinidae,Pseudorca crassidens,False Killer Whale,Appendix II – Trade regulated
6795,Canada,CA,CAN,Native,Mammalia,Delphinidae,Pseudorca crassidens,False Killer Whale,Appendix II – Trade regulated
6795,Chile,CL,CHL,Native,Mammalia,Delphinidae,Pseudorca crassidens,False Killer Whale,Appendix II – Trade regulated
6795,China,CN,CHN,Native,Mammalia,Delphinidae,Pseudorca crassidens,False Killer Whale,Appendix II – Trade regulated
6795,Colombia,CO,COL,Native,Mammalia,Delphinidae,Pseudorca crassidens,False Killer Whale,Appendix II – Trade regulated
6795,Costa Rica,CR,CRI,Native,Mammalia,Delphinidae,Pseudorca crassidens,False Killer Whale,Appendix II – Trade regulated
6795,C√¥te d'Ivoire,,,Native,Mammalia,Delphinidae,Pseudorca crassidens,False Killer Whale,Appendix II – Trade regulated
6795,Cuba,CU,CUB,Native,Mammalia,Delphinidae,Pseudorca crassidens,False Killer Whale,Appendix II – Trade regulated
6795,Denmark,DK,DNK,Native,Mammalia,Delphinidae,Pseudorca crassidens,False Killer Whale,Appendix II – Trade regulated
6795,Djibouti,DJ,DJI,Native,Mammalia,Delphinidae,Pseudorca crassidens,False Killer Whale,Appendix II – Trade regulated
6795,Ecuador,EC,ECU,Native,Mammalia,Delphinidae,Pseudorca crassidens,False Killer Whale,Appendix II – Trade regulated
6795,Falkland Islands (Malvinas),,,Native,Mammalia,Delphinidae,Pseudorca crassidens,False Killer Whale,Appendix II – Trade regulated
6795,Fiji,FJ,FJI,Native,Mammalia,Delphinidae,Pseudorca crassidens,False Killer Whale,Appendix II – Trade regulated
6795,France,-99,-99,Native,Mammalia,Delphinidae,Pseudorca crassidens,False Killer Whale,Appendix II – Trade regulated
6795,French Polynesia,PF,PYF,Native,Mammalia,Delphinidae,Pseudorca crassidens,False Killer Whale,Appendix II – Trade regulated
6795,Gabon,GA,GAB,Native,Mammalia,Delphinidae,Pseudorca crassidens,False Killer Whale,Appendix II – Trade regulated
6795,Germany,DE,DEU,Native,Mammalia,Delphinidae,Pseudorca crassidens,False Killer Whale,Appendix II – Trade regulated
6795,Ghana,GH,GHA,Native,Mammalia,Delphinidae,Pseudorca crassidens,False Killer Whale,Appendix II – Trade regulated
6795,Grenada,GD,GRD,Native,Mammalia,Delphinidae,Pseudorca crassidens,False Killer Whale,Appendix II – Trade regulated
6795,Honduras,HN,HND,Native,Mammalia,Delphinidae,Pseudorca crassidens,False Killer Whale,Appendix II – Trade regulated
6795,Hong Kong,,,Native,Mammalia,Delphinidae,Pseudorca crassidens,False Killer Whale,Appendix II – Trade regulated
6795,SAR,,,Native,Mammalia,Delphinidae,Pseudorca crassidens,False Killer Whale,Appendix II – Trade regulated
6795,India,IN,IND,Native,Mammalia,Delphinidae,Pseudorca crassidens,False Killer Whale,Appendix II – Trade regulated
6795,Indonesia,ID,IDN,Native,Mammalia,Delphinidae,Pseudorca crassidens,False Killer Whale,Appendix II – Trade regulated
6795,Iran (Islamic Republic of),,,Native,Mammalia,Delphinidae,Pseudorca crassidens,False Killer Whale,Appendix II – Trade regulated
6795,Iraq,IQ,IRQ,Native,Mammalia,Delphinidae,Pseudorca crassidens,False Killer Whale,Appendix II – Trade regulated
6795,Ireland,IE,IRL,Native,Mammalia,Delphinidae,Pseudorca crassidens,False Killer Whale,Appendix II – Trade regulated
6795,Italy,IT,ITA,Native,Mammalia,Delphinidae,Pseudorca crassidens,False Killer Whale,Appendix II – Trade regulated
6795,Japan,JP,JPN,Native,Mammalia,Delphinidae,Pseudorca crassidens,False Killer Whale,Appendix II – Trade regulated
6795,Kenya,KE,KEN,Native,Mammalia,Delphinidae,Pseudorca crassidens,False Killer Whale,Appendix II – Trade regulated
6795,Malaysia,MY,MYS,Native,Mammalia,Delphinidae,Pseudorca crassidens,False Killer Whale,Appendix II – Trade regulated
6795,Malta,MT,MLT,Native,Mammalia,Delphinidae,Pseudorca crassidens,False Killer Whale,Appendix II – Trade regulated
6795,Mexico,MX,MEX,Native,Mammalia,Delphinidae,Pseudorca crassidens,False Killer Whale,Appendix II – Trade regulated
6795,Morocco,MA,MAR,Native,Mammalia,Delphinidae,Pseudorca crassidens,False Killer Whale,Appendix II – Trade regulated
6795,Mozambique,MZ,MOZ,Native,Mammalia,Delphinidae,Pseudorca crassidens,False Killer Whale,Appendix II – Trade regulated
6795,Namibia,NA,NAM,Native,Mammalia,Delphinidae,Pseudorca crassidens,False Killer Whale,Appendix II – Trade regulated
6795,Netherlands Antilles,,,Native,Mammalia,Delphinidae,Pseudorca crassidens,False Killer Whale,Appendix II – Trade regulated
6795,New Caledonia,NC,NCL,Native,Mammalia,Delphinidae,Pseudorca crassidens,False Killer Whale,Appendix II – Trade regulated
6795,New Zealand,NZ,NZL,Native,Mammalia,Delphinidae,Pseudorca crassidens,False Killer Whale,Appendix II – Trade regulated
6795,Norway,-99,-99,Native,Mammalia,Delphinidae,Pseudorca crassidens,False Killer Whale,Appendix II – Trade regulated
6795,Oman,OM,OMN,Native,Mammalia,Delphinidae,Pseudorca crassidens,False Killer Whale,Appendix II – Trade regulated
6795,Pakistan,PK,PAK,Native,Mammalia,Delphinidae,Pseudorca crassidens,False Killer Whale,Appendix II – Trade regulated
6795,Panama,PA,PAN,Native,Mammalia,Delphinidae,Pseudorca crassidens,False Killer Whale,Appendix II – Trade regulated
6795,Peru,PE,PER,Native,Mammalia,Delphinidae,Pseudorca crassidens,False Killer Whale,Appendix II – Trade regulated
6795,Philippines,PH,PHL,Native,Mammalia,Delphinidae,Pseudorca crassidens,False Killer Whale,Appendix II – Trade regulated
6795,Portugal,PT,PRT,Native,Mammalia,Delphinidae,Pseudorca crassidens,False Killer Whale,Appendix II – Trade regulated
6795,Russian Federation,,,Native,Mammalia,Delphinidae,Pseudorca crassidens,False Killer Whale,Appendix II – Trade regulated
6795,Saint Helena and Dependencies (United Kingdom),,,Native,Mammalia,Delphinidae,Pseudorca crassidens,False Killer Whale,Appendix II – Trade regulated
6795,Saint Vincent and the Grenadines,VC,VCT,Native,Mammalia,Delphinidae,Pseudorca crassidens,False Killer Whale,Appendix II – Trade regulated
6795,Solomon Islands,SB,SLB,Native,Mammalia,Delphinidae,Pseudorca crassidens,False Killer Whale,Appendix II – Trade regulated
6795,Somalia,SO,SOM,Native,Mammalia,Delphinidae,Pseudorca crassidens,False Killer Whale,Appendix II – Trade regulated
6795,South Africa,ZA,ZAF,Native,Mammalia,Delphinidae,Pseudorca crassidens,False Killer Whale,Appendix II – Trade regulated
6795,Spain,ES,ESP,Native,Mammalia,Delphinidae,Pseudorca crassidens,False Killer Whale,Appendix II – Trade regulated
6795,Sri Lanka,LK,LKA,Native,Mammalia,Delphinidae,Pseudorca crassidens,False Killer Whale,Appendix II – Trade regulated
6795,Sweden,SE,SWE,Native,Mammalia,Delphinidae,Pseudorca crassidens,False Killer Whale,Appendix II – Trade regulated
6795,Taiwan,CN-TW,TWN,Native,Mammalia,Delphinidae,Pseudorca crassidens,False Killer Whale,Appendix II – Trade regulated
6795,Province of China,,,Native,Mammalia,Delphinidae,Pseudorca crassidens,False Killer Whale,Appendix II – Trade regulated
6795,Thailand,TH,THA,Native,Mammalia,Delphinidae,Pseudorca crassidens,False Killer Whale,Appendix II – Trade regulated
6795,United Kingdom of Great Britain and Northern Ireland,,,Native,Mammalia,Delphinidae,Pseudorca crassidens,False Killer Whale,Appendix II – Trade regulated
6795,United Republic of Tanzania,TZ,TZA,Native,Mammalia,Delphinidae,Pseudorca crassidens,False Killer Whale,Appendix II – Trade regulated
6795,United States of America,US,USA,Native,Mammalia,Delphinidae,Pseudorca crassidens,False Killer Whale,Appendix II – Trade regulated
6795,Uruguay,UY,URY,Native,Mammalia,Delphinidae,Pseudorca crassidens,False Killer Whale,Appendix II – Trade regulated
6795,Venezuela (Bolivarian Republic of),,,Native,Mammalia,Delphinidae,Pseudorca crassidens,False Killer Whale,Appendix II – Trade regulated
6795,Viet Nam,,,Native,Mammalia,Delphinidae,Pseudorca crassidens,False Killer Whale,Appendix II – Trade regulated
6795,Yemen,YE,YEM,Native,Mammalia,Delphinidae,Pseudorca crassidens,False Killer Whale,Appendix II – Trade regulated
4962,Brazil,BR,BRA,Native,Mammalia,Delphinidae,Sotalia fluviatilis,Tucuxi,Appendix I – Species threatened with extinction
4962,Colombia,CO,COL,Native,Mammalia,Delphinidae,Sotalia fluviatilis,Tucuxi,Appendix I – Species threatened with extinction
4962,Ecuador,EC,ECU,Native,Mammalia,Delphinidae,Sotalia fluviatilis,Tucuxi,Appendix I – Species threatened with extinction
4962,Peru,PE,PER,Native,Mammalia,Delphinidae,Sotalia fluviatilis,Tucuxi,Appendix I – Species threatened with extinction
10624,Brazil,BR,BRA,Native,Mammalia,Delphinidae,Sotalia guianensis,Guiana Dolphin,Appendix I – Species threatened with extinction
10624,Colombia,CO,COL,Native,Mammalia,Delphinidae,Sotalia guianensis,Guiana Dolphin,Appendix I – Species threatened with extinction
10624,Costa Rica,CR,CRI,Native,Mammalia,Delphinidae,Sotalia guianensis,Guiana Dolphin,Appendix I – Species threatened with extinction
10624,French Guiana [FR],,,Native,Mammalia,Delphinidae,Sotalia guianensis,Guiana Dolphin,Appendix I – Species threatened with extinction
10624,Guyana,GY,GUY,Native,Mammalia,Delphinidae,Sotalia guianensis,Guiana Dolphin,Appendix I – Species threatened with extinction
10624,Nicaragua,NI,NIC,Native,Mammalia,Delphinidae,Sotalia guianensis,Guiana Dolphin,Appendix I – Species threatened with extinction
10624,Panama,PA,PAN,Native,Mammalia,Delphinidae,Sotalia guianensis,Guiana Dolphin,Appendix I – Species threatened with extinction
10624,Suriname,SR,SUR,Native,Mammalia,Delphinidae,Sotalia guianensis,Guiana Dolphin,Appendix I – Species threatened with extinction
10624,Trinidad and Tobago,TT,TTO,Native,Mammalia,Delphinidae,Sotalia guianensis,Guiana Dolphin,Appendix I – Species threatened with extinction
10624,Venezuela (Bolivarian Republic of),,,Native,Mammalia,Delphinidae,Sotalia guianensis,Guiana Dolphin,Appendix I – Species threatened with extinction
8824,Bangladesh,BD,BGD,Native,Mammalia,Delphinidae,Sousa chinensis,Indo-Pacific Humpback Dolphin,Appendix I – Species threatened with extinction
8824,Brunei Darussalam,,,Native,Mammalia,Delphinidae,Sousa chinensis,Indo-Pacific Humpback Dolphin,Appendix I – Species threatened with extinction
8824,Cambodia,KH,KHM,Native,Mammalia,Delphinidae,Sousa chinensis,Indo-Pacific Humpback Dolphin,Appendix I – Species threatened with extinction
8824,China,CN,CHN,Native,Mammalia,Delphinidae,Sousa chinensis,Indo-Pacific Humpback Dolphin,Appendix I – Species threatened with extinction
8824,Hong Kong,,,Native,Mammalia,Delphinidae,Sousa chinensis,Indo-Pacific Humpback Dolphin,Appendix I – Species threatened with extinction
8824,SAR,,,Native,Mammalia,Delphinidae,Sousa chinensis,Indo-Pacific Humpback Dolphin,Appendix I – Species threatened with extinction
8824,India,IN,IND,Native,Mammalia,Delphinidae,Sousa chinensis,Indo-Pacific Humpback Dolphin,Appendix I – Species threatened with extinction
8824,Indonesia,ID,IDN,Native,Mammalia,Delphinidae,Sousa chinensis,Indo-Pacific Humpback Dolphin,Appendix I – Species threatened with extinction
8824,Malaysia,MY,MYS,Native,Mammalia,Delphinidae,Sousa chinensis,Indo-Pacific Humpback Dolphin,Appendix I – Species threatened with extinction
8824,Myanmar,MM,MMR,Native,Mammalia,Delphinidae,Sousa chinensis,Indo-Pacific Humpback Dolphin,Appendix I – Species threatened with extinction
8824,Papua New Guinea,PG,PNG,Native,Mammalia,Delphinidae,Sousa chinensis,Indo-Pacific Humpback Dolphin,Appendix I – Species threatened with extinction
8824,Philippines,PH,PHL,Native,Mammalia,Delphinidae,Sousa chinensis,Indo-Pacific Humpback Dolphin,Appendix I – Species threatened with extinction
8824,Singapore,SG,SGP,Native,Mammalia,Delphinidae,Sousa chinensis,Indo-Pacific Humpback Dolphin,Appendix I – Species threatened with extinction
8824,Sudan,SD,SDN,Native,Mammalia,Delphinidae,Sousa chinensis,Indo-Pacific Humpback Dolphin,Appendix I – Species threatened with extinction
8824,Taiwan,CN-TW,TWN,Native,Mammalia,Delphinidae,Sousa chinensis,Indo-Pacific Humpback Dolphin,Appendix I – Species threatened with extinction
8824,Province of China,,,Native,Mammalia,Delphinidae,Sousa chinensis,Indo-Pacific Humpback Dolphin,Appendix I – Species threatened with extinction
8824,Thailand,TH,THA,Native,Mammalia,Delphinidae,Sousa chinensis,Indo-Pacific Humpback Dolphin,Appendix I – Species threatened with extinction
8824,Viet Nam,,,Native,Mammalia,Delphinidae,Sousa chinensis,Indo-Pacific Humpback Dolphin,Appendix I – Species threatened with extinction
34009,Bahrain,BH,BHR,Native,Mammalia,Delphinidae,Sousa plumbea,Indian Ocean Humpback Dolphin,Appendix I – Species threatened with extinction
34009,Bangladesh,BD,BGD,Native,Mammalia,Delphinidae,Sousa plumbea,Indian Ocean Humpback Dolphin,Appendix I – Species threatened with extinction
34009,Comoros,KM,COM,Native,Mammalia,Delphinidae,Sousa plumbea,Indian Ocean Humpback Dolphin,Appendix I – Species threatened with extinction
34009,Djibouti,DJ,DJI,Native,Mammalia,Delphinidae,Sousa plumbea,Indian Ocean Humpback Dolphin,Appendix I – Species threatened with extinction
34009,Egypt,EG,EGY,Native,Mammalia,Delphinidae,Sousa plumbea,Indian Ocean Humpback Dolphin,Appendix I – Species threatened with extinction
34009,Eritrea,ER,ERI,Native,Mammalia,Delphinidae,Sousa plumbea,Indian Ocean Humpback Dolphin,Appendix I – Species threatened with extinction
34009,Ethiopia,ET,ETH,Native,Mammalia,Delphinidae,Sousa plumbea,Indian Ocean Humpback Dolphin,Appendix I – Species threatened with extinction
34009,India,IN,IND,Native,Mammalia,Delphinidae,Sousa plumbea,Indian Ocean Humpback Dolphin,Appendix I – Species threatened with extinction
34009,Iran (Islamic Republic of),,,Native,Mammalia,Delphinidae,Sousa plumbea,Indian Ocean Humpback Dolphin,Appendix I – Species threatened with extinction
34009,Iraq,IQ,IRQ,Native,Mammalia,Delphinidae,Sousa plumbea,Indian Ocean Humpback Dolphin,Appendix I – Species threatened with extinction
34009,Kenya,KE,KEN,Native,Mammalia,Delphinidae,Sousa plumbea,Indian Ocean Humpback Dolphin,Appendix I – Species threatened with extinction
34009,Kuwait,KW,KWT,Native,Mammalia,Delphinidae,Sousa plumbea,Indian Ocean Humpback Dolphin,Appendix I – Species threatened with extinction
34009,Madagascar,MG,MDG,Native,Mammalia,Delphinidae,Sousa plumbea,Indian Ocean Humpback Dolphin,Appendix I – Species threatened with extinction
34009,Malaysia,MY,MYS,Native,Mammalia,Delphinidae,Sousa plumbea,Indian Ocean Humpback Dolphin,Appendix I – Species threatened with extinction
34009,Mozambique,MZ,MOZ,Native,Mammalia,Delphinidae,Sousa plumbea,Indian Ocean Humpback Dolphin,Appendix I – Species threatened with extinction
34009,Myanmar,MM,MMR,Native,Mammalia,Delphinidae,Sousa plumbea,Indian Ocean Humpback Dolphin,Appendix I – Species threatened with extinction
34009,Oman,OM,OMN,Native,Mammalia,Delphinidae,Sousa plumbea,Indian Ocean Humpback Dolphin,Appendix I – Species threatened with extinction
34009,Pakistan,PK,PAK,Native,Mammalia,Delphinidae,Sousa plumbea,Indian Ocean Humpback Dolphin,Appendix I – Species threatened with extinction
34009,Papua New Guinea,PG,PNG,Native,Mammalia,Delphinidae,Sousa plumbea,Indian Ocean Humpback Dolphin,Appendix I – Species threatened with extinction
34009,Philippines,PH,PHL,Native,Mammalia,Delphinidae,Sousa plumbea,Indian Ocean Humpback Dolphin,Appendix I – Species threatened with extinction
34009,Qatar,QA,QAT,Native,Mammalia,Delphinidae,Sousa plumbea,Indian Ocean Humpback Dolphin,Appendix I – Species threatened with extinction
34009,Saudi Arabia,SA,SAU,Native,Mammalia,Delphinidae,Sousa plumbea,Indian Ocean Humpback Dolphin,Appendix I – Species threatened with extinction
34009,Somalia,SO,SOM,Native,Mammalia,Delphinidae,Sousa plumbea,Indian Ocean Humpback Dolphin,Appendix I – Species threatened with extinction
34009,South Africa,ZA,ZAF,Native,Mammalia,Delphinidae,Sousa plumbea,Indian Ocean Humpback Dolphin,Appendix I – Species threatened with extinction
34009,Sri Lanka,LK,LKA,Native,Mammalia,Delphinidae,Sousa plumbea,Indian Ocean Humpback Dolphin,Appendix I – Species threatened with extinction
34009,Sudan,SD,SDN,Native,Mammalia,Delphinidae,Sousa plumbea,Indian Ocean Humpback Dolphin,Appendix I – Species threatened with extinction
34009,United Arab Emirates,AE,ARE,Native,Mammalia,Delphinidae,Sousa plumbea,Indian Ocean Humpback Dolphin,Appendix I – Species threatened with extinction
34009,United Republic of Tanzania,TZ,TZA,Native,Mammalia,Delphinidae,Sousa plumbea,Indian Ocean Humpback Dolphin,Appendix I – Species threatened with extinction
34009,Yemen,YE,YEM,Native,Mammalia,Delphinidae,Sousa plumbea,Indian Ocean Humpback Dolphin,Appendix I – Species threatened with extinction
67921,Australia,AU,AUS,Native,Mammalia,Delphinidae,Sousa sahulensis,Australian Humpback Dolphin,Appendix I – Species threatened with extinction
67921,Indonesia,ID,IDN,Native,Mammalia,Delphinidae,Sousa sahulensis,Australian Humpback Dolphin,Appendix I – Species threatened with extinction
67921,Papua New Guinea,PG,PNG,Native,Mammalia,Delphinidae,Sousa sahulensis,Australian Humpback Dolphin,Appendix I – Species threatened with extinction
5245,Angola,AO,AGO,Native,Mammalia,Delphinidae,Sousa teuszii,Atlantic Humpback Dolphin,Appendix I – Species threatened with extinction
5245,Benin,BJ,BEN,Native,Mammalia,Delphinidae,Sousa teuszii,Atlantic Humpback Dolphin,Appendix I – Species threatened with extinction
5245,Cameroon,CM,CMR,Native,Mammalia,Delphinidae,Sousa teuszii,Atlantic Humpback Dolphin,Appendix I – Species threatened with extinction
5245,C√¥te d'Ivoire,,,Native,Mammalia,Delphinidae,Sousa teuszii,Atlantic Humpback Dolphin,Appendix I – Species threatened with extinction
5245,Democratic Republic of the Congo,CD,COD,Native,Mammalia,Delphinidae,Sousa teuszii,Atlantic Humpback Dolphin,Appendix I – Species threatened with extinction
5245,Equatorial Guinea,GQ,GNQ,Native,Mammalia,Delphinidae,Sousa teuszii,Atlantic Humpback Dolphin,Appendix I – Species threatened with extinction
5245,Gabon,GA,GAB,Native,Mammalia,Delphinidae,Sousa teuszii,Atlantic Humpback Dolphin,Appendix I – Species threatened with extinction
5245,Gambia,GM,GMB,Native,Mammalia,Delphinidae,Sousa teuszii,Atlantic Humpback Dolphin,Appendix I – Species threatened with extinction
5245,Guinea,GN,GIN,Native,Mammalia,Delphinidae,Sousa teuszii,Atlantic Humpback Dolphin,Appendix I – Species threatened with extinction
5245,Guinea Bissau,,,Native,Mammalia,Delphinidae,Sousa teuszii,Atlantic Humpback Dolphin,Appendix I – Species threatened with extinction
5245,Liberia,LR,LBR,Native,Mammalia,Delphinidae,Sousa teuszii,Atlantic Humpback Dolphin,Appendix I – Species threatened with extinction
5245,Mauritania,MR,MRT,Native,Mammalia,Delphinidae,Sousa teuszii,Atlantic Humpback Dolphin,Appendix I – Species threatened with extinction
5245,Morocco,MA,MAR,Native,Mammalia,Delphinidae,Sousa teuszii,Atlantic Humpback Dolphin,Appendix I – Species threatened with extinction
5245,Senegal,SN,SEN,Native,Mammalia,Delphinidae,Sousa teuszii,Atlantic Humpback Dolphin,Appendix I – Species threatened with extinction
5245,Sierra Leone,SL,SLE,Native,Mammalia,Delphinidae,Sousa teuszii,Atlantic Humpback Dolphin,Appendix I – Species threatened with extinction
5245,Western Sahara,EH,ESH,Native,Mammalia,Delphinidae,Sousa teuszii,Atlantic Humpback Dolphin,Appendix I – Species threatened with extinction
8989,Angola,AO,AGO,Native,Mammalia,Delphinidae,Stenella attenuata,Pantropical Spotted Dolphin,Appendix II – Trade regulated
8989,Argentina,AR,ARG,Native,Mammalia,Delphinidae,Stenella attenuata,Pantropical Spotted Dolphin,Appendix II – Trade regulated
8989,Australia,AU,AUS,Native,Mammalia,Delphinidae,Stenella attenuata,Pantropical Spotted Dolphin,Appendix II – Trade regulated
8989,Bahamas,,,Native,Mammalia,Delphinidae,Stenella attenuata,Pantropical Spotted Dolphin,Appendix II – Trade regulated
8989,Bangladesh,BD,BGD,Native,Mammalia,Delphinidae,Stenella attenuata,Pantropical Spotted Dolphin,Appendix II – Trade regulated
8989,Belize,BZ,BLZ,Native,Mammalia,Delphinidae,Stenella attenuata,Pantropical Spotted Dolphin,Appendix II – Trade regulated
8989,Brazil,BR,BRA,Native,Mammalia,Delphinidae,Stenella attenuata,Pantropical Spotted Dolphin,Appendix II – Trade regulated
8989,Cabo Verde,CV,CPV,Native,Mammalia,Delphinidae,Stenella attenuata,Pantropical Spotted Dolphin,Appendix II – Trade regulated
8989,Cambodia,KH,KHM,Native,Mammalia,Delphinidae,Stenella attenuata,Pantropical Spotted Dolphin,Appendix II – Trade regulated
8989,Cayman Islands (United Kingdom),,,Native,Mammalia,Delphinidae,Stenella attenuata,Pantropical Spotted Dolphin,Appendix II – Trade regulated
8989,Chile,CL,CHL,Native,Mammalia,Delphinidae,Stenella attenuata,Pantropical Spotted Dolphin,Appendix II – Trade regulated
8989,China,CN,CHN,Native,Mammalia,Delphinidae,Stenella attenuata,Pantropical Spotted Dolphin,Appendix II – Trade regulated
8989,Colombia,CO,COL,Native,Mammalia,Delphinidae,Stenella attenuata,Pantropical Spotted Dolphin,Appendix II – Trade regulated
8989,Comoros,KM,COM,Native,Mammalia,Delphinidae,Stenella attenuata,Pantropical Spotted Dolphin,Appendix II – Trade regulated
8989,Costa Rica,CR,CRI,Native,Mammalia,Delphinidae,Stenella attenuata,Pantropical Spotted Dolphin,Appendix II – Trade regulated
8989,C√¥te d'Ivoire,,,Native,Mammalia,Delphinidae,Stenella attenuata,Pantropical Spotted Dolphin,Appendix II – Trade regulated
8989,Cuba,CU,CUB,Native,Mammalia,Delphinidae,Stenella attenuata,Pantropical Spotted Dolphin,Appendix II – Trade regulated
8989,Democratic People's Republic of Korea,,,Native,Mammalia,Delphinidae,Stenella attenuata,Pantropical Spotted Dolphin,Appendix II – Trade regulated
8989,Djibouti,DJ,DJI,Native,Mammalia,Delphinidae,Stenella attenuata,Pantropical Spotted Dolphin,Appendix II – Trade regulated
8989,Dominica,DM,DMA,Native,Mammalia,Delphinidae,Stenella attenuata,Pantropical Spotted Dolphin,Appendix II – Trade regulated
8989,Dominican Republic,DO,DOM,Native,Mammalia,Delphinidae,Stenella attenuata,Pantropical Spotted Dolphin,Appendix II – Trade regulated
8989,Ecuador,EC,ECU,Native,Mammalia,Delphinidae,Stenella attenuata,Pantropical Spotted Dolphin,Appendix II – Trade regulated
8989,El Salvador,SV,SLV,Native,Mammalia,Delphinidae,Stenella attenuata,Pantropical Spotted Dolphin,Appendix II – Trade regulated
8989,Fiji,FJ,FJI,Native,Mammalia,Delphinidae,Stenella attenuata,Pantropical Spotted Dolphin,Appendix II – Trade regulated
8989,French Polynesia,PF,PYF,Native,Mammalia,Delphinidae,Stenella attenuata,Pantropical Spotted Dolphin,Appendix II – Trade regulated
8989,Gabon,GA,GAB,Native,Mammalia,Delphinidae,Stenella attenuata,Pantropical Spotted Dolphin,Appendix II – Trade regulated
8989,Ghana,GH,GHA,Native,Mammalia,Delphinidae,Stenella attenuata,Pantropical Spotted Dolphin,Appendix II – Trade regulated
8989,Grenada,GD,GRD,Native,Mammalia,Delphinidae,Stenella attenuata,Pantropical Spotted Dolphin,Appendix II – Trade regulated
8989,Guadeloupe,,,Native,Mammalia,Delphinidae,Stenella attenuata,Pantropical Spotted Dolphin,Appendix II – Trade regulated
8989,Guatemala,GT,GTM,Native,Mammalia,Delphinidae,Stenella attenuata,Pantropical Spotted Dolphin,Appendix II – Trade regulated
8989,Haiti,HT,HTI,Native,Mammalia,Delphinidae,Stenella attenuata,Pantropical Spotted Dolphin,Appendix II – Trade regulated
8989,Honduras,HN,HND,Native,Mammalia,Delphinidae,Stenella attenuata,Pantropical Spotted Dolphin,Appendix II – Trade regulated
8989,India,IN,IND,Native,Mammalia,Delphinidae,Stenella attenuata,Pantropical Spotted Dolphin,Appendix II – Trade regulated
8989,Indonesia,ID,IDN,Native,Mammalia,Delphinidae,Stenella attenuata,Pantropical Spotted Dolphin,Appendix II – Trade regulated
8989,Jamaica,JM,JAM,Native,Mammalia,Delphinidae,Stenella attenuata,Pantropical Spotted Dolphin,Appendix II – Trade regulated
8989,Japan,JP,JPN,Native,Mammalia,Delphinidae,Stenella attenuata,Pantropical Spotted Dolphin,Appendix II – Trade regulated
8989,Kenya,KE,KEN,Native,Mammalia,Delphinidae,Stenella attenuata,Pantropical Spotted Dolphin,Appendix II – Trade regulated
8989,Madagascar,MG,MDG,Native,Mammalia,Delphinidae,Stenella attenuata,Pantropical Spotted Dolphin,Appendix II – Trade regulated
8989,Malaysia,MY,MYS,Native,Mammalia,Delphinidae,Stenella attenuata,Pantropical Spotted Dolphin,Appendix II – Trade regulated
8989,Maldives,MV,MDV,Native,Mammalia,Delphinidae,Stenella attenuata,Pantropical Spotted Dolphin,Appendix II – Trade regulated
8989,Martinique,,,Native,Mammalia,Delphinidae,Stenella attenuata,Pantropical Spotted Dolphin,Appendix II – Trade regulated
8989,Mauritania,MR,MRT,Native,Mammalia,Delphinidae,Stenella attenuata,Pantropical Spotted Dolphin,Appendix II – Trade regulated
8989,Mauritius,MU,MUS,Native,Mammalia,Delphinidae,Stenella attenuata,Pantropical Spotted Dolphin,Appendix II – Trade regulated
8989,Mexico,MX,MEX,Native,Mammalia,Delphinidae,Stenella attenuata,Pantropical Spotted Dolphin,Appendix II – Trade regulated
8989,Mozambique,MZ,MOZ,Native,Mammalia,Delphinidae,Stenella attenuata,Pantropical Spotted Dolphin,Appendix II – Trade regulated
8989,Myanmar,MM,MMR,Native,Mammalia,Delphinidae,Stenella attenuata,Pantropical Spotted Dolphin,Appendix II – Trade regulated
8989,Netherlands Antilles,,,Native,Mammalia,Delphinidae,Stenella attenuata,Pantropical Spotted Dolphin,Appendix II – Trade regulated
8989,New Caledonia,NC,NCL,Native,Mammalia,Delphinidae,Stenella attenuata,Pantropical Spotted Dolphin,Appendix II – Trade regulated
8989,New Zealand,NZ,NZL,Native,Mammalia,Delphinidae,Stenella attenuata,Pantropical Spotted Dolphin,Appendix II – Trade regulated
8989,Oman,OM,OMN,Native,Mammalia,Delphinidae,Stenella attenuata,Pantropical Spotted Dolphin,Appendix II – Trade regulated
8989,Pakistan,PK,PAK,Native,Mammalia,Delphinidae,Stenella attenuata,Pantropical Spotted Dolphin,Appendix II – Trade regulated
8989,Panama,PA,PAN,Native,Mammalia,Delphinidae,Stenella attenuata,Pantropical Spotted Dolphin,Appendix II – Trade regulated
8989,Papua New Guinea,PG,PNG,Native,Mammalia,Delphinidae,Stenella attenuata,Pantropical Spotted Dolphin,Appendix II – Trade regulated
8989,Peru,PE,PER,Native,Mammalia,Delphinidae,Stenella attenuata,Pantropical Spotted Dolphin,Appendix II – Trade regulated
8989,Philippines,PH,PHL,Native,Mammalia,Delphinidae,Stenella attenuata,Pantropical Spotted Dolphin,Appendix II – Trade regulated
8989,Puerto Rico,PR,PRI,Native,Mammalia,Delphinidae,Stenella attenuata,Pantropical Spotted Dolphin,Appendix II – Trade regulated
8989,Republic of Korea,,,Native,Mammalia,Delphinidae,Stenella attenuata,Pantropical Spotted Dolphin,Appendix II – Trade regulated
8989,Saint Helena and Dependencies (United Kingdom),,,Native,Mammalia,Delphinidae,Stenella attenuata,Pantropical Spotted Dolphin,Appendix II – Trade regulated
8989,Saint Lucia,LC,LCA,Native,Mammalia,Delphinidae,Stenella attenuata,Pantropical Spotted Dolphin,Appendix II – Trade regulated
8989,Saint Vincent and the Grenadines,VC,VCT,Native,Mammalia,Delphinidae,Stenella attenuata,Pantropical Spotted Dolphin,Appendix II – Trade regulated
8989,Sao Tome and Principe,,,Native,Mammalia,Delphinidae,Stenella attenuata,Pantropical Spotted Dolphin,Appendix II – Trade regulated
8989,Seychelles,SC,SYC,Native,Mammalia,Delphinidae,Stenella attenuata,Pantropical Spotted Dolphin,Appendix II – Trade regulated
8989,Solomon Islands,SB,SLB,Native,Mammalia,Delphinidae,Stenella attenuata,Pantropical Spotted Dolphin,Appendix II – Trade regulated
8989,Somalia,SO,SOM,Native,Mammalia,Delphinidae,Stenella attenuata,Pantropical Spotted Dolphin,Appendix II – Trade regulated
8989,South Africa,ZA,ZAF,Native,Mammalia,Delphinidae,Stenella attenuata,Pantropical Spotted Dolphin,Appendix II – Trade regulated
8989,Sri Lanka,LK,LKA,Native,Mammalia,Delphinidae,Stenella attenuata,Pantropical Spotted Dolphin,Appendix II – Trade regulated
8989,Taiwan,CN-TW,TWN,Native,Mammalia,Delphinidae,Stenella attenuata,Pantropical Spotted Dolphin,Appendix II – Trade regulated
8989,Province of China,,,Native,Mammalia,Delphinidae,Stenella attenuata,Pantropical Spotted Dolphin,Appendix II – Trade regulated
8989,Thailand,TH,THA,Native,Mammalia,Delphinidae,Stenella attenuata,Pantropical Spotted Dolphin,Appendix II – Trade regulated
8989,Trinidad and Tobago,TT,TTO,Native,Mammalia,Delphinidae,Stenella attenuata,Pantropical Spotted Dolphin,Appendix II – Trade regulated
8989,Tuvalu,TV,TUV,Native,Mammalia,Delphinidae,Stenella attenuata,Pantropical Spotted Dolphin,Appendix II – Trade regulated
8989,United Republic of Tanzania,TZ,TZA,Native,Mammalia,Delphinidae,Stenella attenuata,Pantropical Spotted Dolphin,Appendix II – Trade regulated
8989,United States of America,US,USA,Native,Mammalia,Delphinidae,Stenella attenuata,Pantropical Spotted Dolphin,Appendix II – Trade regulated
8989,Uruguay,UY,URY,Native,Mammalia,Delphinidae,Stenella attenuata,Pantropical Spotted Dolphin,Appendix II – Trade regulated
8989,Vanuatu,VU,VUT,Native,Mammalia,Delphinidae,Stenella attenuata,Pantropical Spotted Dolphin,Appendix II – Trade regulated
8989,Venezuela (Bolivarian Republic of),,,Native,Mammalia,Delphinidae,Stenella attenuata,Pantropical Spotted Dolphin,Appendix II – Trade regulated
8989,Viet Nam,,,Native,Mammalia,Delphinidae,Stenella attenuata,Pantropical Spotted Dolphin,Appendix II – Trade regulated
8989,Yemen,YE,YEM,Native,Mammalia,Delphinidae,Stenella attenuata,Pantropical Spotted Dolphin,Appendix II – Trade regulated
11236,Antigua and Barbuda,AG,ATG,Native,Mammalia,Delphinidae,Stenella clymene,Clymene Dolphin,Appendix II – Trade regulated
11236,Bahamas,,,Native,Mammalia,Delphinidae,Stenella clymene,Clymene Dolphin,Appendix II – Trade regulated
11236,Barbados,BB,BRB,Native,Mammalia,Delphinidae,Stenella clymene,Clymene Dolphin,Appendix II – Trade regulated
11236,Belize,BZ,BLZ,Native,Mammalia,Delphinidae,Stenella clymene,Clymene Dolphin,Appendix II – Trade regulated
11236,Benin,BJ,BEN,Native,Mammalia,Delphinidae,Stenella clymene,Clymene Dolphin,Appendix II – Trade regulated
11236,Brazil,BR,BRA,Native,Mammalia,Delphinidae,Stenella clymene,Clymene Dolphin,Appendix II – Trade regulated
11236,Cameroon,CM,CMR,Native,Mammalia,Delphinidae,Stenella clymene,Clymene Dolphin,Appendix II – Trade regulated
11236,Colombia,CO,COL,Native,Mammalia,Delphinidae,Stenella clymene,Clymene Dolphin,Appendix II – Trade regulated
11236,Congo,,,Native,Mammalia,Delphinidae,Stenella clymene,Clymene Dolphin,Appendix II – Trade regulated
11236,Costa Rica,CR,CRI,Native,Mammalia,Delphinidae,Stenella clymene,Clymene Dolphin,Appendix II – Trade regulated
11236,C√¥te d'Ivoire,,,Native,Mammalia,Delphinidae,Stenella clymene,Clymene Dolphin,Appendix II – Trade regulated
11236,Cuba,CU,CUB,Native,Mammalia,Delphinidae,Stenella clymene,Clymene Dolphin,Appendix II – Trade regulated
11236,Dominica,DM,DMA,Native,Mammalia,Delphinidae,Stenella clymene,Clymene Dolphin,Appendix II – Trade regulated
11236,Dominican Republic,DO,DOM,Native,Mammalia,Delphinidae,Stenella clymene,Clymene Dolphin,Appendix II – Trade regulated
11236,Equatorial Guinea,GQ,GNQ,Native,Mammalia,Delphinidae,Stenella clymene,Clymene Dolphin,Appendix II – Trade regulated
11236,French Guiana [FR],,,Native,Mammalia,Delphinidae,Stenella clymene,Clymene Dolphin,Appendix II – Trade regulated
11236,Gabon,GA,GAB,Native,Mammalia,Delphinidae,Stenella clymene,Clymene Dolphin,Appendix II – Trade regulated
11236,Gambia,GM,GMB,Native,Mammalia,Delphinidae,Stenella clymene,Clymene Dolphin,Appendix II – Trade regulated
11236,Ghana,GH,GHA,Native,Mammalia,Delphinidae,Stenella clymene,Clymene Dolphin,Appendix II – Trade regulated
11236,Grenada,GD,GRD,Native,Mammalia,Delphinidae,Stenella clymene,Clymene Dolphin,Appendix II – Trade regulated
11236,Guatemala,GT,GTM,Native,Mammalia,Delphinidae,Stenella clymene,Clymene Dolphin,Appendix II – Trade regulated
11236,Guinea,GN,GIN,Native,Mammalia,Delphinidae,Stenella clymene,Clymene Dolphin,Appendix II – Trade regulated
11236,Guinea Bissau,,,Native,Mammalia,Delphinidae,Stenella clymene,Clymene Dolphin,Appendix II – Trade regulated
11236,Guyana,GY,GUY,Native,Mammalia,Delphinidae,Stenella clymene,Clymene Dolphin,Appendix II – Trade regulated
11236,Haiti,HT,HTI,Native,Mammalia,Delphinidae,Stenella clymene,Clymene Dolphin,Appendix II – Trade regulated
11236,Honduras,HN,HND,Native,Mammalia,Delphinidae,Stenella clymene,Clymene Dolphin,Appendix II – Trade regulated
11236,Jamaica,JM,JAM,Native,Mammalia,Delphinidae,Stenella clymene,Clymene Dolphin,Appendix II – Trade regulated
11236,Liberia,LR,LBR,Native,Mammalia,Delphinidae,Stenella clymene,Clymene Dolphin,Appendix II – Trade regulated
11236,Mauritania,MR,MRT,Native,Mammalia,Delphinidae,Stenella clymene,Clymene Dolphin,Appendix II – Trade regulated
11236,Mexico,MX,MEX,Native,Mammalia,Delphinidae,Stenella clymene,Clymene Dolphin,Appendix II – Trade regulated
11236,Netherlands Antilles,,,Native,Mammalia,Delphinidae,Stenella clymene,Clymene Dolphin,Appendix II – Trade regulated
11236,Nicaragua,NI,NIC,Native,Mammalia,Delphinidae,Stenella clymene,Clymene Dolphin,Appendix II – Trade regulated
11236,Nigeria,NG,NGA,Native,Mammalia,Delphinidae,Stenella clymene,Clymene Dolphin,Appendix II – Trade regulated
11236,Panama,PA,PAN,Native,Mammalia,Delphinidae,Stenella clymene,Clymene Dolphin,Appendix II – Trade regulated
11236,Saint Lucia,LC,LCA,Native,Mammalia,Delphinidae,Stenella clymene,Clymene Dolphin,Appendix II – Trade regulated
11236,Saint Vincent and the Grenadines,VC,VCT,Native,Mammalia,Delphinidae,Stenella clymene,Clymene Dolphin,Appendix II – Trade regulated
11236,Senegal,SN,SEN,Native,Mammalia,Delphinidae,Stenella clymene,Clymene Dolphin,Appendix II – Trade regulated
11236,Sierra Leone,SL,SLE,Native,Mammalia,Delphinidae,Stenella clymene,Clymene Dolphin,Appendix II – Trade regulated
11236,Suriname,SR,SUR,Native,Mammalia,Delphinidae,Stenella clymene,Clymene Dolphin,Appendix II – Trade regulated
11236,Togo,TG,TGO,Native,Mammalia,Delphinidae,Stenella clymene,Clymene Dolphin,Appendix II – Trade regulated
11236,Trinidad and Tobago,TT,TTO,Native,Mammalia,Delphinidae,Stenella clymene,Clymene Dolphin,Appendix II – Trade regulated
11236,Turks and Caicos Islands (United Kingdom),,,Native,Mammalia,Delphinidae,Stenella clymene,Clymene Dolphin,Appendix II – Trade regulated
11236,United States of America,US,USA,Native,Mammalia,Delphinidae,Stenella clymene,Clymene Dolphin,Appendix II – Trade regulated
11236,Venezuela (Bolivarian Republic of),,,Native,Mammalia,Delphinidae,Stenella clymene,Clymene Dolphin,Appendix II – Trade regulated
10064,Angola,AO,AGO,Native,Mammalia,Delphinidae,Stenella coeruleoalba,Striped Dolphin,Appendix II – Trade regulated
10064,Argentina,AR,ARG,Native,Mammalia,Delphinidae,Stenella coeruleoalba,Striped Dolphin,Appendix II – Trade regulated
10064,Australia,AU,AUS,Native,Mammalia,Delphinidae,Stenella coeruleoalba,Striped Dolphin,Appendix II – Trade regulated
10064,Belgium,BE,BEL,Native,Mammalia,Delphinidae,Stenella coeruleoalba,Striped Dolphin,Appendix II – Trade regulated
10064,Brazil,BR,BRA,Native,Mammalia,Delphinidae,Stenella coeruleoalba,Striped Dolphin,Appendix II – Trade regulated
10064,Cabo Verde,CV,CPV,Native,Mammalia,Delphinidae,Stenella coeruleoalba,Striped Dolphin,Appendix II – Trade regulated
10064,Canada,CA,CAN,Native,Mammalia,Delphinidae,Stenella coeruleoalba,Striped Dolphin,Appendix II – Trade regulated
10064,Chile,CL,CHL,Native,Mammalia,Delphinidae,Stenella coeruleoalba,Striped Dolphin,Appendix II – Trade regulated
10064,China,CN,CHN,Native,Mammalia,Delphinidae,Stenella coeruleoalba,Striped Dolphin,Appendix II – Trade regulated
10064,Colombia,CO,COL,Native,Mammalia,Delphinidae,Stenella coeruleoalba,Striped Dolphin,Appendix II – Trade regulated
10064,Costa Rica,CR,CRI,Native,Mammalia,Delphinidae,Stenella coeruleoalba,Striped Dolphin,Appendix II – Trade regulated
10064,C√¥te d'Ivoire,,,Native,Mammalia,Delphinidae,Stenella coeruleoalba,Striped Dolphin,Appendix II – Trade regulated
10064,Croatia,HR,HRV,Native,Mammalia,Delphinidae,Stenella coeruleoalba,Striped Dolphin,Appendix II – Trade regulated
10064,Cuba,CU,CUB,Native,Mammalia,Delphinidae,Stenella coeruleoalba,Striped Dolphin,Appendix II – Trade regulated
10064,Cyprus,CY,CYP,Native,Mammalia,Delphinidae,Stenella coeruleoalba,Striped Dolphin,Appendix II – Trade regulated
10064,Denmark,DK,DNK,Native,Mammalia,Delphinidae,Stenella coeruleoalba,Striped Dolphin,Appendix II – Trade regulated
10064,Ecuador,EC,ECU,Native,Mammalia,Delphinidae,Stenella coeruleoalba,Striped Dolphin,Appendix II – Trade regulated
10064,Faroe Islands,FO,FRO,Native,Mammalia,Delphinidae,Stenella coeruleoalba,Striped Dolphin,Appendix II – Trade regulated
10064,France,-99,-99,Native,Mammalia,Delphinidae,Stenella coeruleoalba,Striped Dolphin,Appendix II – Trade regulated
10064,Gibraltar (United Kingdom),,,Native,Mammalia,Delphinidae,Stenella coeruleoalba,Striped Dolphin,Appendix II – Trade regulated
10064,Greece,GR,GRC,Native,Mammalia,Delphinidae,Stenella coeruleoalba,Striped Dolphin,Appendix II – Trade regulated
10064,Greenland,GL,GRL,Native,Mammalia,Delphinidae,Stenella coeruleoalba,Striped Dolphin,Appendix II – Trade regulated
10064,Haiti,HT,HTI,Native,Mammalia,Delphinidae,Stenella coeruleoalba,Striped Dolphin,Appendix II – Trade regulated
10064,Honduras,HN,HND,Native,Mammalia,Delphinidae,Stenella coeruleoalba,Striped Dolphin,Appendix II – Trade regulated
10064,India,IN,IND,Native,Mammalia,Delphinidae,Stenella coeruleoalba,Striped Dolphin,Appendix II – Trade regulated
10064,Indonesia,ID,IDN,Native,Mammalia,Delphinidae,Stenella coeruleoalba,Striped Dolphin,Appendix II – Trade regulated
10064,Ireland,IE,IRL,Native,Mammalia,Delphinidae,Stenella coeruleoalba,Striped Dolphin,Appendix II – Trade regulated
10064,Israel,IL,ISR,Native,Mammalia,Delphinidae,Stenella coeruleoalba,Striped Dolphin,Appendix II – Trade regulated
10064,Italy,IT,ITA,Native,Mammalia,Delphinidae,Stenella coeruleoalba,Striped Dolphin,Appendix II – Trade regulated
10064,Jamaica,JM,JAM,Native,Mammalia,Delphinidae,Stenella coeruleoalba,Striped Dolphin,Appendix II – Trade regulated
10064,Japan,JP,JPN,Native,Mammalia,Delphinidae,Stenella coeruleoalba,Striped Dolphin,Appendix II – Trade regulated
10064,Maldives,MV,MDV,Native,Mammalia,Delphinidae,Stenella coeruleoalba,Striped Dolphin,Appendix II – Trade regulated
10064,Malta,MT,MLT,Native,Mammalia,Delphinidae,Stenella coeruleoalba,Striped Dolphin,Appendix II – Trade regulated
10064,Mauritania,MR,MRT,Native,Mammalia,Delphinidae,Stenella coeruleoalba,Striped Dolphin,Appendix II – Trade regulated
10064,Mexico,MX,MEX,Native,Mammalia,Delphinidae,Stenella coeruleoalba,Striped Dolphin,Appendix II – Trade regulated
10064,Monaco,MC,MCO,Native,Mammalia,Delphinidae,Stenella coeruleoalba,Striped Dolphin,Appendix II – Trade regulated
10064,Montenegro,ME,MNE,Native,Mammalia,Delphinidae,Stenella coeruleoalba,Striped Dolphin,Appendix II – Trade regulated
10064,Morocco,MA,MAR,Native,Mammalia,Delphinidae,Stenella coeruleoalba,Striped Dolphin,Appendix II – Trade regulated
10064,Mozambique,MZ,MOZ,Native,Mammalia,Delphinidae,Stenella coeruleoalba,Striped Dolphin,Appendix II – Trade regulated
10064,Netherlands,NL,NLD,Native,Mammalia,Delphinidae,Stenella coeruleoalba,Striped Dolphin,Appendix II – Trade regulated
10064,Netherlands Antilles,,,Native,Mammalia,Delphinidae,Stenella coeruleoalba,Striped Dolphin,Appendix II – Trade regulated
10064,New Zealand,NZ,NZL,Native,Mammalia,Delphinidae,Stenella coeruleoalba,Striped Dolphin,Appendix II – Trade regulated
10064,Norway,-99,-99,Native,Mammalia,Delphinidae,Stenella coeruleoalba,Striped Dolphin,Appendix II – Trade regulated
10064,Oman,OM,OMN,Native,Mammalia,Delphinidae,Stenella coeruleoalba,Striped Dolphin,Appendix II – Trade regulated
10064,Panama,PA,PAN,Native,Mammalia,Delphinidae,Stenella coeruleoalba,Striped Dolphin,Appendix II – Trade regulated
10064,Peru,PE,PER,Native,Mammalia,Delphinidae,Stenella coeruleoalba,Striped Dolphin,Appendix II – Trade regulated
10064,Philippines,PH,PHL,Native,Mammalia,Delphinidae,Stenella coeruleoalba,Striped Dolphin,Appendix II – Trade regulated
10064,Portugal,PT,PRT,Native,Mammalia,Delphinidae,Stenella coeruleoalba,Striped Dolphin,Appendix II – Trade regulated
10064,Russian Federation,,,Native,Mammalia,Delphinidae,Stenella coeruleoalba,Striped Dolphin,Appendix II – Trade regulated
10064,Saint Vincent and the Grenadines,VC,VCT,Native,Mammalia,Delphinidae,Stenella coeruleoalba,Striped Dolphin,Appendix II – Trade regulated
10064,Senegal,SN,SEN,Native,Mammalia,Delphinidae,Stenella coeruleoalba,Striped Dolphin,Appendix II – Trade regulated
10064,Seychelles,SC,SYC,Native,Mammalia,Delphinidae,Stenella coeruleoalba,Striped Dolphin,Appendix II – Trade regulated
10064,Solomon Islands,SB,SLB,Native,Mammalia,Delphinidae,Stenella coeruleoalba,Striped Dolphin,Appendix II – Trade regulated
10064,Somalia,SO,SOM,Native,Mammalia,Delphinidae,Stenella coeruleoalba,Striped Dolphin,Appendix II – Trade regulated
10064,South Africa,ZA,ZAF,Native,Mammalia,Delphinidae,Stenella coeruleoalba,Striped Dolphin,Appendix II – Trade regulated
10064,Spain,ES,ESP,Native,Mammalia,Delphinidae,Stenella coeruleoalba,Striped Dolphin,Appendix II – Trade regulated
10064,Sri Lanka,LK,LKA,Native,Mammalia,Delphinidae,Stenella coeruleoalba,Striped Dolphin,Appendix II – Trade regulated
10064,Sweden,SE,SWE,Native,Mammalia,Delphinidae,Stenella coeruleoalba,Striped Dolphin,Appendix II – Trade regulated
10064,Thailand,TH,THA,Native,Mammalia,Delphinidae,Stenella coeruleoalba,Striped Dolphin,Appendix II – Trade regulated
10064,United Kingdom of Great Britain and Northern Ireland,,,Native,Mammalia,Delphinidae,Stenella coeruleoalba,Striped Dolphin,Appendix II – Trade regulated
10064,United States of America,US,USA,Native,Mammalia,Delphinidae,Stenella coeruleoalba,Striped Dolphin,Appendix II – Trade regulated
10064,Uruguay,UY,URY,Native,Mammalia,Delphinidae,Stenella coeruleoalba,Striped Dolphin,Appendix II – Trade regulated
10064,Vanuatu,VU,VUT,Native,Mammalia,Delphinidae,Stenella coeruleoalba,Striped Dolphin,Appendix II – Trade regulated
10064,Venezuela (Bolivarian Republic of),,,Native,Mammalia,Delphinidae,Stenella coeruleoalba,Striped Dolphin,Appendix II – Trade regulated
10064,Viet Nam,,,Native,Mammalia,Delphinidae,Stenella coeruleoalba,Striped Dolphin,Appendix II – Trade regulated
8215,Algeria,DZ,DZA,Native,Mammalia,Delphinidae,Stenella frontalis,Atlantic Spotted Dolphin,Appendix II – Trade regulated
8215,Angola,AO,AGO,Native,Mammalia,Delphinidae,Stenella frontalis,Atlantic Spotted Dolphin,Appendix II – Trade regulated
8215,Bahamas,,,Native,Mammalia,Delphinidae,Stenella frontalis,Atlantic Spotted Dolphin,Appendix II – Trade regulated
8215,Belize,BZ,BLZ,Native,Mammalia,Delphinidae,Stenella frontalis,Atlantic Spotted Dolphin,Appendix II – Trade regulated
8215,Benin,BJ,BEN,Native,Mammalia,Delphinidae,Stenella frontalis,Atlantic Spotted Dolphin,Appendix II – Trade regulated
8215,Brazil,BR,BRA,Native,Mammalia,Delphinidae,Stenella frontalis,Atlantic Spotted Dolphin,Appendix II – Trade regulated
8215,Cabo Verde,CV,CPV,Native,Mammalia,Delphinidae,Stenella frontalis,Atlantic Spotted Dolphin,Appendix II – Trade regulated
8215,Cameroon,CM,CMR,Native,Mammalia,Delphinidae,Stenella frontalis,Atlantic Spotted Dolphin,Appendix II – Trade regulated
8215,Colombia,CO,COL,Native,Mammalia,Delphinidae,Stenella frontalis,Atlantic Spotted Dolphin,Appendix II – Trade regulated
8215,Costa Rica,CR,CRI,Native,Mammalia,Delphinidae,Stenella frontalis,Atlantic Spotted Dolphin,Appendix II – Trade regulated
8215,C√¥te d'Ivoire,,,Native,Mammalia,Delphinidae,Stenella frontalis,Atlantic Spotted Dolphin,Appendix II – Trade regulated
8215,Dominican Republic,DO,DOM,Native,Mammalia,Delphinidae,Stenella frontalis,Atlantic Spotted Dolphin,Appendix II – Trade regulated
8215,Equatorial Guinea,GQ,GNQ,Native,Mammalia,Delphinidae,Stenella frontalis,Atlantic Spotted Dolphin,Appendix II – Trade regulated
8215,Gabon,GA,GAB,Native,Mammalia,Delphinidae,Stenella frontalis,Atlantic Spotted Dolphin,Appendix II – Trade regulated
8215,Ghana,GH,GHA,Native,Mammalia,Delphinidae,Stenella frontalis,Atlantic Spotted Dolphin,Appendix II – Trade regulated
8215,Grenada,GD,GRD,Native,Mammalia,Delphinidae,Stenella frontalis,Atlantic Spotted Dolphin,Appendix II – Trade regulated
8215,Guinea,GN,GIN,Native,Mammalia,Delphinidae,Stenella frontalis,Atlantic Spotted Dolphin,Appendix II – Trade regulated
8215,Haiti,HT,HTI,Native,Mammalia,Delphinidae,Stenella frontalis,Atlantic Spotted Dolphin,Appendix II – Trade regulated
8215,Honduras,HN,HND,Native,Mammalia,Delphinidae,Stenella frontalis,Atlantic Spotted Dolphin,Appendix II – Trade regulated
8215,Mauritania,MR,MRT,Native,Mammalia,Delphinidae,Stenella frontalis,Atlantic Spotted Dolphin,Appendix II – Trade regulated
8215,Mexico,MX,MEX,Native,Mammalia,Delphinidae,Stenella frontalis,Atlantic Spotted Dolphin,Appendix II – Trade regulated
8215,Netherlands Antilles,,,Native,Mammalia,Delphinidae,Stenella frontalis,Atlantic Spotted Dolphin,Appendix II – Trade regulated
8215,Panama,PA,PAN,Native,Mammalia,Delphinidae,Stenella frontalis,Atlantic Spotted Dolphin,Appendix II – Trade regulated
8215,Portugal,PT,PRT,Native,Mammalia,Delphinidae,Stenella frontalis,Atlantic Spotted Dolphin,Appendix II – Trade regulated
8215,Puerto Rico,PR,PRI,Native,Mammalia,Delphinidae,Stenella frontalis,Atlantic Spotted Dolphin,Appendix II – Trade regulated
8215,Saint Helena and Dependencies (United Kingdom),,,Native,Mammalia,Delphinidae,Stenella frontalis,Atlantic Spotted Dolphin,Appendix II – Trade regulated
8215,Saint Vincent and the Grenadines,VC,VCT,Native,Mammalia,Delphinidae,Stenella frontalis,Atlantic Spotted Dolphin,Appendix II – Trade regulated
8215,Senegal,SN,SEN,Native,Mammalia,Delphinidae,Stenella frontalis,Atlantic Spotted Dolphin,Appendix II – Trade regulated
8215,Spain,ES,ESP,Native,Mammalia,Delphinidae,Stenella frontalis,Atlantic Spotted Dolphin,Appendix II – Trade regulated
8215,United States of America,US,USA,Native,Mammalia,Delphinidae,Stenella frontalis,Atlantic Spotted Dolphin,Appendix II – Trade regulated
8215,Venezuela (Bolivarian Republic of),,,Native,Mammalia,Delphinidae,Stenella frontalis,Atlantic Spotted Dolphin,Appendix II – Trade regulated
10191,Angola,AO,AGO,Native,Mammalia,Delphinidae,Stenella longirostris,Spinner Dolphin,Appendix II – Trade regulated
10191,Argentina,AR,ARG,Native,Mammalia,Delphinidae,Stenella longirostris,Spinner Dolphin,Appendix II – Trade regulated
10191,Australia,AU,AUS,Native,Mammalia,Delphinidae,Stenella longirostris,Spinner Dolphin,Appendix II – Trade regulated
10191,Bahamas,,,Native,Mammalia,Delphinidae,Stenella longirostris,Spinner Dolphin,Appendix II – Trade regulated
10191,Bangladesh,BD,BGD,Native,Mammalia,Delphinidae,Stenella longirostris,Spinner Dolphin,Appendix II – Trade regulated
10191,Belize,BZ,BLZ,Native,Mammalia,Delphinidae,Stenella longirostris,Spinner Dolphin,Appendix II – Trade regulated
10191,Brazil,BR,BRA,Native,Mammalia,Delphinidae,Stenella longirostris,Spinner Dolphin,Appendix II – Trade regulated
10191,Brunei Darussalam,,,Native,Mammalia,Delphinidae,Stenella longirostris,Spinner Dolphin,Appendix II – Trade regulated
10191,Cabo Verde,CV,CPV,Native,Mammalia,Delphinidae,Stenella longirostris,Spinner Dolphin,Appendix II – Trade regulated
10191,Cambodia,KH,KHM,Native,Mammalia,Delphinidae,Stenella longirostris,Spinner Dolphin,Appendix II – Trade regulated
10191,Chile,CL,CHL,Native,Mammalia,Delphinidae,Stenella longirostris,Spinner Dolphin,Appendix II – Trade regulated
10191,China,CN,CHN,Native,Mammalia,Delphinidae,Stenella longirostris,Spinner Dolphin,Appendix II – Trade regulated
10191,Colombia,CO,COL,Native,Mammalia,Delphinidae,Stenella longirostris,Spinner Dolphin,Appendix II – Trade regulated
10191,Comoros,KM,COM,Native,Mammalia,Delphinidae,Stenella longirostris,Spinner Dolphin,Appendix II – Trade regulated
10191,Costa Rica,CR,CRI,Native,Mammalia,Delphinidae,Stenella longirostris,Spinner Dolphin,Appendix II – Trade regulated
10191,C√¥te d'Ivoire,,,Native,Mammalia,Delphinidae,Stenella longirostris,Spinner Dolphin,Appendix II – Trade regulated
10191,Cuba,CU,CUB,Native,Mammalia,Delphinidae,Stenella longirostris,Spinner Dolphin,Appendix II – Trade regulated
10191,Djibouti,DJ,DJI,Native,Mammalia,Delphinidae,Stenella longirostris,Spinner Dolphin,Appendix II – Trade regulated
10191,Ecuador,EC,ECU,Native,Mammalia,Delphinidae,Stenella longirostris,Spinner Dolphin,Appendix II – Trade regulated
10191,Egypt,EG,EGY,Native,Mammalia,Delphinidae,Stenella longirostris,Spinner Dolphin,Appendix II – Trade regulated
10191,El Salvador,SV,SLV,Native,Mammalia,Delphinidae,Stenella longirostris,Spinner Dolphin,Appendix II – Trade regulated
10191,French Polynesia,PF,PYF,Native,Mammalia,Delphinidae,Stenella longirostris,Spinner Dolphin,Appendix II – Trade regulated
10191,Ghana,GH,GHA,Native,Mammalia,Delphinidae,Stenella longirostris,Spinner Dolphin,Appendix II – Trade regulated
10191,Grenada,GD,GRD,Native,Mammalia,Delphinidae,Stenella longirostris,Spinner Dolphin,Appendix II – Trade regulated
10191,Honduras,HN,HND,Native,Mammalia,Delphinidae,Stenella longirostris,Spinner Dolphin,Appendix II – Trade regulated
10191,India,IN,IND,Native,Mammalia,Delphinidae,Stenella longirostris,Spinner Dolphin,Appendix II – Trade regulated
10191,Indonesia,ID,IDN,Native,Mammalia,Delphinidae,Stenella longirostris,Spinner Dolphin,Appendix II – Trade regulated
10191,Japan,JP,JPN,Native,Mammalia,Delphinidae,Stenella longirostris,Spinner Dolphin,Appendix II – Trade regulated
10191,Kenya,KE,KEN,Native,Mammalia,Delphinidae,Stenella longirostris,Spinner Dolphin,Appendix II – Trade regulated
10191,Liberia,LR,LBR,Native,Mammalia,Delphinidae,Stenella longirostris,Spinner Dolphin,Appendix II – Trade regulated
10191,Madagascar,MG,MDG,Native,Mammalia,Delphinidae,Stenella longirostris,Spinner Dolphin,Appendix II – Trade regulated
10191,Malaysia,MY,MYS,Native,Mammalia,Delphinidae,Stenella longirostris,Spinner Dolphin,Appendix II – Trade regulated
10191,Maldives,MV,MDV,Native,Mammalia,Delphinidae,Stenella longirostris,Spinner Dolphin,Appendix II – Trade regulated
10191,Mauritania,MR,MRT,Native,Mammalia,Delphinidae,Stenella longirostris,Spinner Dolphin,Appendix II – Trade regulated
10191,Mexico,MX,MEX,Native,Mammalia,Delphinidae,Stenella longirostris,Spinner Dolphin,Appendix II – Trade regulated
10191,Mozambique,MZ,MOZ,Native,Mammalia,Delphinidae,Stenella longirostris,Spinner Dolphin,Appendix II – Trade regulated
10191,Myanmar,MM,MMR,Native,Mammalia,Delphinidae,Stenella longirostris,Spinner Dolphin,Appendix II – Trade regulated
10191,Netherlands Antilles,,,Native,Mammalia,Delphinidae,Stenella longirostris,Spinner Dolphin,Appendix II – Trade regulated
10191,New Caledonia,NC,NCL,Native,Mammalia,Delphinidae,Stenella longirostris,Spinner Dolphin,Appendix II – Trade regulated
10191,New Zealand,NZ,NZL,Native,Mammalia,Delphinidae,Stenella longirostris,Spinner Dolphin,Appendix II – Trade regulated
10191,Oman,OM,OMN,Native,Mammalia,Delphinidae,Stenella longirostris,Spinner Dolphin,Appendix II – Trade regulated
10191,Pakistan,PK,PAK,Native,Mammalia,Delphinidae,Stenella longirostris,Spinner Dolphin,Appendix II – Trade regulated
10191,Panama,PA,PAN,Native,Mammalia,Delphinidae,Stenella longirostris,Spinner Dolphin,Appendix II – Trade regulated
10191,Papua New Guinea,PG,PNG,Native,Mammalia,Delphinidae,Stenella longirostris,Spinner Dolphin,Appendix II – Trade regulated
10191,Peru,PE,PER,Native,Mammalia,Delphinidae,Stenella longirostris,Spinner Dolphin,Appendix II – Trade regulated
10191,Philippines,PH,PHL,Native,Mammalia,Delphinidae,Stenella longirostris,Spinner Dolphin,Appendix II – Trade regulated
10191,Saint Helena and Dependencies (United Kingdom),,,Native,Mammalia,Delphinidae,Stenella longirostris,Spinner Dolphin,Appendix II – Trade regulated
10191,Saint Vincent and the Grenadines,VC,VCT,Native,Mammalia,Delphinidae,Stenella longirostris,Spinner Dolphin,Appendix II – Trade regulated
10191,Saudi Arabia,SA,SAU,Native,Mammalia,Delphinidae,Stenella longirostris,Spinner Dolphin,Appendix II – Trade regulated
10191,Senegal,SN,SEN,Native,Mammalia,Delphinidae,Stenella longirostris,Spinner Dolphin,Appendix II – Trade regulated
10191,Seychelles,SC,SYC,Native,Mammalia,Delphinidae,Stenella longirostris,Spinner Dolphin,Appendix II – Trade regulated
10191,Singapore,SG,SGP,Native,Mammalia,Delphinidae,Stenella longirostris,Spinner Dolphin,Appendix II – Trade regulated
10191,Solomon Islands,SB,SLB,Native,Mammalia,Delphinidae,Stenella longirostris,Spinner Dolphin,Appendix II – Trade regulated
10191,Somalia,SO,SOM,Native,Mammalia,Delphinidae,Stenella longirostris,Spinner Dolphin,Appendix II – Trade regulated
10191,South Africa,ZA,ZAF,Native,Mammalia,Delphinidae,Stenella longirostris,Spinner Dolphin,Appendix II – Trade regulated
10191,Sri Lanka,LK,LKA,Native,Mammalia,Delphinidae,Stenella longirostris,Spinner Dolphin,Appendix II – Trade regulated
10191,Sudan,SD,SDN,Native,Mammalia,Delphinidae,Stenella longirostris,Spinner Dolphin,Appendix II – Trade regulated
10191,Thailand,TH,THA,Native,Mammalia,Delphinidae,Stenella longirostris,Spinner Dolphin,Appendix II – Trade regulated
10191,Tonga,TO,TON,Native,Mammalia,Delphinidae,Stenella longirostris,Spinner Dolphin,Appendix II – Trade regulated
10191,United Republic of Tanzania,TZ,TZA,Native,Mammalia,Delphinidae,Stenella longirostris,Spinner Dolphin,Appendix II – Trade regulated
10191,United States of America,US,USA,Native,Mammalia,Delphinidae,Stenella longirostris,Spinner Dolphin,Appendix II – Trade regulated
10191,Vanuatu,VU,VUT,Native,Mammalia,Delphinidae,Stenella longirostris,Spinner Dolphin,Appendix II – Trade regulated
10191,Venezuela (Bolivarian Republic of),,,Native,Mammalia,Delphinidae,Stenella longirostris,Spinner Dolphin,Appendix II – Trade regulated
10191,Viet Nam,,,Native,Mammalia,Delphinidae,Stenella longirostris,Spinner Dolphin,Appendix II – Trade regulated
6629,Algeria,DZ,DZA,Native,Mammalia,Delphinidae,Steno bredanensis,Rough-toothed Dolphin,Appendix II – Trade regulated
6629,Angola,AO,AGO,Native,Mammalia,Delphinidae,Steno bredanensis,Rough-toothed Dolphin,Appendix II – Trade regulated
6629,Antigua and Barbuda,AG,ATG,Native,Mammalia,Delphinidae,Steno bredanensis,Rough-toothed Dolphin,Appendix II – Trade regulated
6629,Argentina,AR,ARG,Native,Mammalia,Delphinidae,Steno bredanensis,Rough-toothed Dolphin,Appendix II – Trade regulated
6629,Bahamas,,,Native,Mammalia,Delphinidae,Steno bredanensis,Rough-toothed Dolphin,Appendix II – Trade regulated
6629,Bangladesh,BD,BGD,Native,Mammalia,Delphinidae,Steno bredanensis,Rough-toothed Dolphin,Appendix II – Trade regulated
6629,Barbados,BB,BRB,Native,Mammalia,Delphinidae,Steno bredanensis,Rough-toothed Dolphin,Appendix II – Trade regulated
6629,Belgium,BE,BEL,Native,Mammalia,Delphinidae,Steno bredanensis,Rough-toothed Dolphin,Appendix II – Trade regulated
6629,Belize,BZ,BLZ,Native,Mammalia,Delphinidae,Steno bredanensis,Rough-toothed Dolphin,Appendix II – Trade regulated
6629,Brazil,BR,BRA,Native,Mammalia,Delphinidae,Steno bredanensis,Rough-toothed Dolphin,Appendix II – Trade regulated
6629,Brunei Darussalam,,,Native,Mammalia,Delphinidae,Steno bredanensis,Rough-toothed Dolphin,Appendix II – Trade regulated
6629,Cabo Verde,CV,CPV,Native,Mammalia,Delphinidae,Steno bredanensis,Rough-toothed Dolphin,Appendix II – Trade regulated
6629,Cambodia,KH,KHM,Native,Mammalia,Delphinidae,Steno bredanensis,Rough-toothed Dolphin,Appendix II – Trade regulated
6629,Cameroon,CM,CMR,Native,Mammalia,Delphinidae,Steno bredanensis,Rough-toothed Dolphin,Appendix II – Trade regulated
6629,Chile,CL,CHL,Native,Mammalia,Delphinidae,Steno bredanensis,Rough-toothed Dolphin,Appendix II – Trade regulated
6629,China,CN,CHN,Native,Mammalia,Delphinidae,Steno bredanensis,Rough-toothed Dolphin,Appendix II – Trade regulated
6629,Colombia,CO,COL,Native,Mammalia,Delphinidae,Steno bredanensis,Rough-toothed Dolphin,Appendix II – Trade regulated
6629,Costa Rica,CR,CRI,Native,Mammalia,Delphinidae,Steno bredanensis,Rough-toothed Dolphin,Appendix II – Trade regulated
6629,C√¥te d'Ivoire,,,Native,Mammalia,Delphinidae,Steno bredanensis,Rough-toothed Dolphin,Appendix II – Trade regulated
6629,Cuba,CU,CUB,Native,Mammalia,Delphinidae,Steno bredanensis,Rough-toothed Dolphin,Appendix II – Trade regulated
6629,Democratic People's Republic of Korea,,,Native,Mammalia,Delphinidae,Steno bredanensis,Rough-toothed Dolphin,Appendix II – Trade regulated
6629,Ecuador,EC,ECU,Native,Mammalia,Delphinidae,Steno bredanensis,Rough-toothed Dolphin,Appendix II – Trade regulated
6629,Egypt,EG,EGY,Native,Mammalia,Delphinidae,Steno bredanensis,Rough-toothed Dolphin,Appendix II – Trade regulated
6629,Equatorial Guinea,GQ,GNQ,Native,Mammalia,Delphinidae,Steno bredanensis,Rough-toothed Dolphin,Appendix II – Trade regulated
6629,Eritrea,ER,ERI,Native,Mammalia,Delphinidae,Steno bredanensis,Rough-toothed Dolphin,Appendix II – Trade regulated
6629,Fiji,FJ,FJI,Native,Mammalia,Delphinidae,Steno bredanensis,Rough-toothed Dolphin,Appendix II – Trade regulated
6629,France,-99,-99,Native,Mammalia,Delphinidae,Steno bredanensis,Rough-toothed Dolphin,Appendix II – Trade regulated
6629,French Guiana [FR],,,Native,Mammalia,Delphinidae,Steno bredanensis,Rough-toothed Dolphin,Appendix II – Trade regulated
6629,French Polynesia,PF,PYF,Native,Mammalia,Delphinidae,Steno bredanensis,Rough-toothed Dolphin,Appendix II – Trade regulated
6629,Gabon,GA,GAB,Native,Mammalia,Delphinidae,Steno bredanensis,Rough-toothed Dolphin,Appendix II – Trade regulated
6629,Gambia,GM,GMB,Native,Mammalia,Delphinidae,Steno bredanensis,Rough-toothed Dolphin,Appendix II – Trade regulated
6629,Ghana,GH,GHA,Native,Mammalia,Delphinidae,Steno bredanensis,Rough-toothed Dolphin,Appendix II – Trade regulated
6629,Greece,GR,GRC,Native,Mammalia,Delphinidae,Steno bredanensis,Rough-toothed Dolphin,Appendix II – Trade regulated
6629,Grenada,GD,GRD,Native,Mammalia,Delphinidae,Steno bredanensis,Rough-toothed Dolphin,Appendix II – Trade regulated
6629,Guatemala,GT,GTM,Native,Mammalia,Delphinidae,Steno bredanensis,Rough-toothed Dolphin,Appendix II – Trade regulated
6629,Guyana,GY,GUY,Native,Mammalia,Delphinidae,Steno bredanensis,Rough-toothed Dolphin,Appendix II – Trade regulated
6629,Haiti,HT,HTI,Native,Mammalia,Delphinidae,Steno bredanensis,Rough-toothed Dolphin,Appendix II – Trade regulated
6629,Honduras,HN,HND,Native,Mammalia,Delphinidae,Steno bredanensis,Rough-toothed Dolphin,Appendix II – Trade regulated
6629,India,IN,IND,Native,Mammalia,Delphinidae,Steno bredanensis,Rough-toothed Dolphin,Appendix II – Trade regulated
6629,Indonesia,ID,IDN,Native,Mammalia,Delphinidae,Steno bredanensis,Rough-toothed Dolphin,Appendix II – Trade regulated
6629,Israel,IL,ISR,Native,Mammalia,Delphinidae,Steno bredanensis,Rough-toothed Dolphin,Appendix II – Trade regulated
6629,Italy,IT,ITA,Native,Mammalia,Delphinidae,Steno bredanensis,Rough-toothed Dolphin,Appendix II – Trade regulated
6629,Jamaica,JM,JAM,Native,Mammalia,Delphinidae,Steno bredanensis,Rough-toothed Dolphin,Appendix II – Trade regulated
6629,Japan,JP,JPN,Native,Mammalia,Delphinidae,Steno bredanensis,Rough-toothed Dolphin,Appendix II – Trade regulated
6629,Kenya,KE,KEN,Native,Mammalia,Delphinidae,Steno bredanensis,Rough-toothed Dolphin,Appendix II – Trade regulated
6629,Madagascar,MG,MDG,Native,Mammalia,Delphinidae,Steno bredanensis,Rough-toothed Dolphin,Appendix II – Trade regulated
6629,Malaysia,MY,MYS,Native,Mammalia,Delphinidae,Steno bredanensis,Rough-toothed Dolphin,Appendix II – Trade regulated
6629,Maldives,MV,MDV,Native,Mammalia,Delphinidae,Steno bredanensis,Rough-toothed Dolphin,Appendix II – Trade regulated
6629,Malta,MT,MLT,Native,Mammalia,Delphinidae,Steno bredanensis,Rough-toothed Dolphin,Appendix II – Trade regulated
6629,Mauritania,MR,MRT,Native,Mammalia,Delphinidae,Steno bredanensis,Rough-toothed Dolphin,Appendix II – Trade regulated
6629,Mexico,MX,MEX,Native,Mammalia,Delphinidae,Steno bredanensis,Rough-toothed Dolphin,Appendix II – Trade regulated
6629,Mozambique,MZ,MOZ,Native,Mammalia,Delphinidae,Steno bredanensis,Rough-toothed Dolphin,Appendix II – Trade regulated
6629,Myanmar,MM,MMR,Native,Mammalia,Delphinidae,Steno bredanensis,Rough-toothed Dolphin,Appendix II – Trade regulated
6629,Namibia,NA,NAM,Native,Mammalia,Delphinidae,Steno bredanensis,Rough-toothed Dolphin,Appendix II – Trade regulated
6629,New Zealand,NZ,NZL,Native,Mammalia,Delphinidae,Steno bredanensis,Rough-toothed Dolphin,Appendix II – Trade regulated
6629,Nicaragua,NI,NIC,Native,Mammalia,Delphinidae,Steno bredanensis,Rough-toothed Dolphin,Appendix II – Trade regulated
6629,Oman,OM,OMN,Native,Mammalia,Delphinidae,Steno bredanensis,Rough-toothed Dolphin,Appendix II – Trade regulated
6629,Pakistan,PK,PAK,Native,Mammalia,Delphinidae,Steno bredanensis,Rough-toothed Dolphin,Appendix II – Trade regulated
6629,Panama,PA,PAN,Native,Mammalia,Delphinidae,Steno bredanensis,Rough-toothed Dolphin,Appendix II – Trade regulated
6629,Papua New Guinea,PG,PNG,Native,Mammalia,Delphinidae,Steno bredanensis,Rough-toothed Dolphin,Appendix II – Trade regulated
6629,Peru,PE,PER,Native,Mammalia,Delphinidae,Steno bredanensis,Rough-toothed Dolphin,Appendix II – Trade regulated
6629,Philippines,PH,PHL,Native,Mammalia,Delphinidae,Steno bredanensis,Rough-toothed Dolphin,Appendix II – Trade regulated
6629,Portugal,PT,PRT,Native,Mammalia,Delphinidae,Steno bredanensis,Rough-toothed Dolphin,Appendix II – Trade regulated
6629,Republic of Korea,,,Native,Mammalia,Delphinidae,Steno bredanensis,Rough-toothed Dolphin,Appendix II – Trade regulated
6629,Saint Helena and Dependencies (United Kingdom),,,Native,Mammalia,Delphinidae,Steno bredanensis,Rough-toothed Dolphin,Appendix II – Trade regulated
6629,Saint Vincent and the Grenadines,VC,VCT,Native,Mammalia,Delphinidae,Steno bredanensis,Rough-toothed Dolphin,Appendix II – Trade regulated
6629,Senegal,SN,SEN,Native,Mammalia,Delphinidae,Steno bredanensis,Rough-toothed Dolphin,Appendix II – Trade regulated
6629,Seychelles,SC,SYC,Native,Mammalia,Delphinidae,Steno bredanensis,Rough-toothed Dolphin,Appendix II – Trade regulated
6629,Solomon Islands,SB,SLB,Native,Mammalia,Delphinidae,Steno bredanensis,Rough-toothed Dolphin,Appendix II – Trade regulated
6629,Somalia,SO,SOM,Native,Mammalia,Delphinidae,Steno bredanensis,Rough-toothed Dolphin,Appendix II – Trade regulated
6629,South Africa,ZA,ZAF,Native,Mammalia,Delphinidae,Steno bredanensis,Rough-toothed Dolphin,Appendix II – Trade regulated
6629,Spain,ES,ESP,Native,Mammalia,Delphinidae,Steno bredanensis,Rough-toothed Dolphin,Appendix II – Trade regulated
6629,Sri Lanka,LK,LKA,Native,Mammalia,Delphinidae,Steno bredanensis,Rough-toothed Dolphin,Appendix II – Trade regulated
6629,Suriname,SR,SUR,Native,Mammalia,Delphinidae,Steno bredanensis,Rough-toothed Dolphin,Appendix II – Trade regulated
6629,Thailand,TH,THA,Native,Mammalia,Delphinidae,Steno bredanensis,Rough-toothed Dolphin,Appendix II – Trade regulated
6629,Togo,TG,TGO,Native,Mammalia,Delphinidae,Steno bredanensis,Rough-toothed Dolphin,Appendix II – Trade regulated
6629,Tonga,TO,TON,Native,Mammalia,Delphinidae,Steno bredanensis,Rough-toothed Dolphin,Appendix II – Trade regulated
6629,Tunisia,TN,TUN,Native,Mammalia,Delphinidae,Steno bredanensis,Rough-toothed Dolphin,Appendix II – Trade regulated
6629,T√ºrkiye,,,Native,Mammalia,Delphinidae,Steno bredanensis,Rough-toothed Dolphin,Appendix II – Trade regulated
6629,United Republic of Tanzania,TZ,TZA,Native,Mammalia,Delphinidae,Steno bredanensis,Rough-toothed Dolphin,Appendix II – Trade regulated
6629,United States of America,US,USA,Native,Mammalia,Delphinidae,Steno bredanensis,Rough-toothed Dolphin,Appendix II – Trade regulated
6629,Venezuela (Bolivarian Republic of),,,Native,Mammalia,Delphinidae,Steno bredanensis,Rough-toothed Dolphin,Appendix II – Trade regulated
6629,Viet Nam,,,Native,Mammalia,Delphinidae,Steno bredanensis,Rough-toothed Dolphin,Appendix II – Trade regulated
6629,Yemen,YE,YEM,Native,Mammalia,Delphinidae,Steno bredanensis,Rough-toothed Dolphin,Appendix II – Trade regulated
4770,Australia,AU,AUS,Native,Mammalia,Delphinidae,Tursiops aduncus,Indo-Pacific Bottlenose Dolphin,Appendix II – Trade regulated
4770,Bangladesh,BD,BGD,Native,Mammalia,Delphinidae,Tursiops aduncus,Indo-Pacific Bottlenose Dolphin,Appendix II – Trade regulated
4770,Brunei Darussalam,,,Native,Mammalia,Delphinidae,Tursiops aduncus,Indo-Pacific Bottlenose Dolphin,Appendix II – Trade regulated
4770,Cambodia,KH,KHM,Native,Mammalia,Delphinidae,Tursiops aduncus,Indo-Pacific Bottlenose Dolphin,Appendix II – Trade regulated
4770,China,CN,CHN,Native,Mammalia,Delphinidae,Tursiops aduncus,Indo-Pacific Bottlenose Dolphin,Appendix II – Trade regulated
4770,Comoros,KM,COM,Native,Mammalia,Delphinidae,Tursiops aduncus,Indo-Pacific Bottlenose Dolphin,Appendix II – Trade regulated
4770,Djibouti,DJ,DJI,Native,Mammalia,Delphinidae,Tursiops aduncus,Indo-Pacific Bottlenose Dolphin,Appendix II – Trade regulated
4770,Eritrea,ER,ERI,Native,Mammalia,Delphinidae,Tursiops aduncus,Indo-Pacific Bottlenose Dolphin,Appendix II – Trade regulated
4770,Hong Kong,,,Native,Mammalia,Delphinidae,Tursiops aduncus,Indo-Pacific Bottlenose Dolphin,Appendix II – Trade regulated
4770,SAR,,,Native,Mammalia,Delphinidae,Tursiops aduncus,Indo-Pacific Bottlenose Dolphin,Appendix II – Trade regulated
4770,India,IN,IND,Native,Mammalia,Delphinidae,Tursiops aduncus,Indo-Pacific Bottlenose Dolphin,Appendix II – Trade regulated
4770,Indonesia,ID,IDN,Native,Mammalia,Delphinidae,Tursiops aduncus,Indo-Pacific Bottlenose Dolphin,Appendix II – Trade regulated
4770,Iran (Islamic Republic of),,,Native,Mammalia,Delphinidae,Tursiops aduncus,Indo-Pacific Bottlenose Dolphin,Appendix II – Trade regulated
4770,Japan,JP,JPN,Native,Mammalia,Delphinidae,Tursiops aduncus,Indo-Pacific Bottlenose Dolphin,Appendix II – Trade regulated
4770,Kenya,KE,KEN,Native,Mammalia,Delphinidae,Tursiops aduncus,Indo-Pacific Bottlenose Dolphin,Appendix II – Trade regulated
4770,Madagascar,MG,MDG,Native,Mammalia,Delphinidae,Tursiops aduncus,Indo-Pacific Bottlenose Dolphin,Appendix II – Trade regulated
4770,Malaysia,MY,MYS,Native,Mammalia,Delphinidae,Tursiops aduncus,Indo-Pacific Bottlenose Dolphin,Appendix II – Trade regulated
4770,Mozambique,MZ,MOZ,Native,Mammalia,Delphinidae,Tursiops aduncus,Indo-Pacific Bottlenose Dolphin,Appendix II – Trade regulated
4770,Myanmar,MM,MMR,Native,Mammalia,Delphinidae,Tursiops aduncus,Indo-Pacific Bottlenose Dolphin,Appendix II – Trade regulated
4770,Oman,OM,OMN,Native,Mammalia,Delphinidae,Tursiops aduncus,Indo-Pacific Bottlenose Dolphin,Appendix II – Trade regulated
4770,Pakistan,PK,PAK,Native,Mammalia,Delphinidae,Tursiops aduncus,Indo-Pacific Bottlenose Dolphin,Appendix II – Trade regulated
4770,Papua New Guinea,PG,PNG,Native,Mammalia,Delphinidae,Tursiops aduncus,Indo-Pacific Bottlenose Dolphin,Appendix II – Trade regulated
4770,Philippines,PH,PHL,Native,Mammalia,Delphinidae,Tursiops aduncus,Indo-Pacific Bottlenose Dolphin,Appendix II – Trade regulated
4770,Saudi Arabia,SA,SAU,Native,Mammalia,Delphinidae,Tursiops aduncus,Indo-Pacific Bottlenose Dolphin,Appendix II – Trade regulated
4770,Singapore,SG,SGP,Native,Mammalia,Delphinidae,Tursiops aduncus,Indo-Pacific Bottlenose Dolphin,Appendix II – Trade regulated
4770,Solomon Islands,SB,SLB,Native,Mammalia,Delphinidae,Tursiops aduncus,Indo-Pacific Bottlenose Dolphin,Appendix II – Trade regulated
4770,Somalia,SO,SOM,Native,Mammalia,Delphinidae,Tursiops aduncus,Indo-Pacific Bottlenose Dolphin,Appendix II – Trade regulated
4770,South Africa,ZA,ZAF,Native,Mammalia,Delphinidae,Tursiops aduncus,Indo-Pacific Bottlenose Dolphin,Appendix II – Trade regulated
4770,Sri Lanka,LK,LKA,Native,Mammalia,Delphinidae,Tursiops aduncus,Indo-Pacific Bottlenose Dolphin,Appendix II – Trade regulated
4770,Taiwan,CN-TW,TWN,Native,Mammalia,Delphinidae,Tursiops aduncus,Indo-Pacific Bottlenose Dolphin,Appendix II – Trade regulated
4770,Province of China,,,Native,Mammalia,Delphinidae,Tursiops aduncus,Indo-Pacific Bottlenose Dolphin,Appendix II – Trade regulated
4770,Thailand,TH,THA,Native,Mammalia,Delphinidae,Tursiops aduncus,Indo-Pacific Bottlenose Dolphin,Appendix II – Trade regulated
4770,Timor-Leste,,,Native,Mammalia,Delphinidae,Tursiops aduncus,Indo-Pacific Bottlenose Dolphin,Appendix II – Trade regulated
4770,United Arab Emirates,AE,ARE,Native,Mammalia,Delphinidae,Tursiops aduncus,Indo-Pacific Bottlenose Dolphin,Appendix II – Trade regulated
4770,United Republic of Tanzania,TZ,TZA,Native,Mammalia,Delphinidae,Tursiops aduncus,Indo-Pacific Bottlenose Dolphin,Appendix II – Trade regulated
4770,Viet Nam,,,Native,Mammalia,Delphinidae,Tursiops aduncus,Indo-Pacific Bottlenose Dolphin,Appendix II – Trade regulated
4770,Yemen,YE,YEM,Native,Mammalia,Delphinidae,Tursiops aduncus,Indo-Pacific Bottlenose Dolphin,Appendix II – Trade regulated
67922,Australia,AU,AUS,Native,Mammalia,Delphinidae,Tursiops australis,Burrunan Dolphin,Appendix II – Trade regulated
7086,Albania,AL,ALB,Native,Mammalia,Delphinidae,Tursiops truncatus,Common Bottlenose Dolphin,Appendix II – Trade regulated
7086,Algeria,DZ,DZA,Native,Mammalia,Delphinidae,Tursiops truncatus,Common Bottlenose Dolphin,Appendix II – Trade regulated
7086,Angola,AO,AGO,Native,Mammalia,Delphinidae,Tursiops truncatus,Common Bottlenose Dolphin,Appendix II – Trade regulated
7086,Argentina,AR,ARG,Native,Mammalia,Delphinidae,Tursiops truncatus,Common Bottlenose Dolphin,Appendix II – Trade regulated
7086,Australia,AU,AUS,Native,Mammalia,Delphinidae,Tursiops truncatus,Common Bottlenose Dolphin,Appendix II – Trade regulated
7086,Bahamas,,,Native,Mammalia,Delphinidae,Tursiops truncatus,Common Bottlenose Dolphin,Appendix II – Trade regulated
7086,Bangladesh,BD,BGD,Native,Mammalia,Delphinidae,Tursiops truncatus,Common Bottlenose Dolphin,Appendix II – Trade regulated
7086,Barbados,BB,BRB,Native,Mammalia,Delphinidae,Tursiops truncatus,Common Bottlenose Dolphin,Appendix II – Trade regulated
7086,Belgium,BE,BEL,Native,Mammalia,Delphinidae,Tursiops truncatus,Common Bottlenose Dolphin,Appendix II – Trade regulated
7086,Belize,BZ,BLZ,Native,Mammalia,Delphinidae,Tursiops truncatus,Common Bottlenose Dolphin,Appendix II – Trade regulated
7086,Benin,BJ,BEN,Native,Mammalia,Delphinidae,Tursiops truncatus,Common Bottlenose Dolphin,Appendix II – Trade regulated
7086,Bermuda (United Kingdom),,,Native,Mammalia,Delphinidae,Tursiops truncatus,Common Bottlenose Dolphin,Appendix II – Trade regulated
7086,Brazil,BR,BRA,Native,Mammalia,Delphinidae,Tursiops truncatus,Common Bottlenose Dolphin,Appendix II – Trade regulated
7086,British Virgin Islands (United Kingdom),,,Native,Mammalia,Delphinidae,Tursiops truncatus,Common Bottlenose Dolphin,Appendix II – Trade regulated
7086,Bulgaria,BG,BGR,Native,Mammalia,Delphinidae,Tursiops truncatus,Common Bottlenose Dolphin,Appendix II – Trade regulated
7086,Cabo Verde,CV,CPV,Native,Mammalia,Delphinidae,Tursiops truncatus,Common Bottlenose Dolphin,Appendix II – Trade regulated
7086,Canada,CA,CAN,Native,Mammalia,Delphinidae,Tursiops truncatus,Common Bottlenose Dolphin,Appendix II – Trade regulated
7086,Chile,CL,CHL,Native,Mammalia,Delphinidae,Tursiops truncatus,Common Bottlenose Dolphin,Appendix II – Trade regulated
7086,China,CN,CHN,Native,Mammalia,Delphinidae,Tursiops truncatus,Common Bottlenose Dolphin,Appendix II – Trade regulated
7086,Colombia,CO,COL,Native,Mammalia,Delphinidae,Tursiops truncatus,Common Bottlenose Dolphin,Appendix II – Trade regulated
7086,Comoros,KM,COM,Native,Mammalia,Delphinidae,Tursiops truncatus,Common Bottlenose Dolphin,Appendix II – Trade regulated
7086,Costa Rica,CR,CRI,Native,Mammalia,Delphinidae,Tursiops truncatus,Common Bottlenose Dolphin,Appendix II – Trade regulated
7086,C√¥te d'Ivoire,,,Native,Mammalia,Delphinidae,Tursiops truncatus,Common Bottlenose Dolphin,Appendix II – Trade regulated
7086,Croatia,HR,HRV,Native,Mammalia,Delphinidae,Tursiops truncatus,Common Bottlenose Dolphin,Appendix II – Trade regulated
7086,Cuba,CU,CUB,Native,Mammalia,Delphinidae,Tursiops truncatus,Common Bottlenose Dolphin,Appendix II – Trade regulated
7086,Cyprus,CY,CYP,Native,Mammalia,Delphinidae,Tursiops truncatus,Common Bottlenose Dolphin,Appendix II – Trade regulated
7086,Denmark,DK,DNK,Native,Mammalia,Delphinidae,Tursiops truncatus,Common Bottlenose Dolphin,Appendix II – Trade regulated
7086,Dominican Republic,DO,DOM,Native,Mammalia,Delphinidae,Tursiops truncatus,Common Bottlenose Dolphin,Appendix II – Trade regulated
7086,Ecuador,EC,ECU,Native,Mammalia,Delphinidae,Tursiops truncatus,Common Bottlenose Dolphin,Appendix II – Trade regulated
7086,Finland,FI,FIN,Native,Mammalia,Delphinidae,Tursiops truncatus,Common Bottlenose Dolphin,Appendix II – Trade regulated
7086,France,-99,-99,Native,Mammalia,Delphinidae,Tursiops truncatus,Common Bottlenose Dolphin,Appendix II – Trade regulated
7086,French Polynesia,PF,PYF,Native,Mammalia,Delphinidae,Tursiops truncatus,Common Bottlenose Dolphin,Appendix II – Trade regulated
7086,Gabon,GA,GAB,Native,Mammalia,Delphinidae,Tursiops truncatus,Common Bottlenose Dolphin,Appendix II – Trade regulated
7086,Gambia,GM,GMB,Native,Mammalia,Delphinidae,Tursiops truncatus,Common Bottlenose Dolphin,Appendix II – Trade regulated
7086,Georgia,GE,GEO,Native,Mammalia,Delphinidae,Tursiops truncatus,Common Bottlenose Dolphin,Appendix II – Trade regulated
7086,Germany,DE,DEU,Native,Mammalia,Delphinidae,Tursiops truncatus,Common Bottlenose Dolphin,Appendix II – Trade regulated
7086,Ghana,GH,GHA,Native,Mammalia,Delphinidae,Tursiops truncatus,Common Bottlenose Dolphin,Appendix II – Trade regulated
7086,Greece,GR,GRC,Native,Mammalia,Delphinidae,Tursiops truncatus,Common Bottlenose Dolphin,Appendix II – Trade regulated
7086,Greenland,GL,GRL,Native,Mammalia,Delphinidae,Tursiops truncatus,Common Bottlenose Dolphin,Appendix II – Trade regulated
7086,Grenada,GD,GRD,Native,Mammalia,Delphinidae,Tursiops truncatus,Common Bottlenose Dolphin,Appendix II – Trade regulated
7086,Guinea Bissau,,,Native,Mammalia,Delphinidae,Tursiops truncatus,Common Bottlenose Dolphin,Appendix II – Trade regulated
7086,Honduras,HN,HND,Native,Mammalia,Delphinidae,Tursiops truncatus,Common Bottlenose Dolphin,Appendix II – Trade regulated
7086,India,IN,IND,Native,Mammalia,Delphinidae,Tursiops truncatus,Common Bottlenose Dolphin,Appendix II – Trade regulated
7086,Indonesia,ID,IDN,Native,Mammalia,Delphinidae,Tursiops truncatus,Common Bottlenose Dolphin,Appendix II – Trade regulated
7086,Ireland,IE,IRL,Native,Mammalia,Delphinidae,Tursiops truncatus,Common Bottlenose Dolphin,Appendix II – Trade regulated
7086,Isle of Man (United Kingdom),,,Native,Mammalia,Delphinidae,Tursiops truncatus,Common Bottlenose Dolphin,Appendix II – Trade regulated
7086,Israel,IL,ISR,Native,Mammalia,Delphinidae,Tursiops truncatus,Common Bottlenose Dolphin,Appendix II – Trade regulated
7086,Italy,IT,ITA,Native,Mammalia,Delphinidae,Tursiops truncatus,Common Bottlenose Dolphin,Appendix II – Trade regulated
7086,Jamaica,JM,JAM,Native,Mammalia,Delphinidae,Tursiops truncatus,Common Bottlenose Dolphin,Appendix II – Trade regulated
7086,Japan,JP,JPN,Native,Mammalia,Delphinidae,Tursiops truncatus,Common Bottlenose Dolphin,Appendix II – Trade regulated
7086,Kenya,KE,KEN,Native,Mammalia,Delphinidae,Tursiops truncatus,Common Bottlenose Dolphin,Appendix II – Trade regulated
7086,Libya,LY,LBY,Native,Mammalia,Delphinidae,Tursiops truncatus,Common Bottlenose Dolphin,Appendix II – Trade regulated
7086,Malaysia,MY,MYS,Native,Mammalia,Delphinidae,Tursiops truncatus,Common Bottlenose Dolphin,Appendix II – Trade regulated
7086,Malta,MT,MLT,Native,Mammalia,Delphinidae,Tursiops truncatus,Common Bottlenose Dolphin,Appendix II – Trade regulated
7086,Mauritania,MR,MRT,Native,Mammalia,Delphinidae,Tursiops truncatus,Common Bottlenose Dolphin,Appendix II – Trade regulated
7086,Mexico,MX,MEX,Native,Mammalia,Delphinidae,Tursiops truncatus,Common Bottlenose Dolphin,Appendix II – Trade regulated
7086,Montenegro,ME,MNE,Native,Mammalia,Delphinidae,Tursiops truncatus,Common Bottlenose Dolphin,Appendix II – Trade regulated
7086,Morocco,MA,MAR,Native,Mammalia,Delphinidae,Tursiops truncatus,Common Bottlenose Dolphin,Appendix II – Trade regulated
7086,Mozambique,MZ,MOZ,Native,Mammalia,Delphinidae,Tursiops truncatus,Common Bottlenose Dolphin,Appendix II – Trade regulated
7086,Namibia,NA,NAM,Native,Mammalia,Delphinidae,Tursiops truncatus,Common Bottlenose Dolphin,Appendix II – Trade regulated
7086,Netherlands,NL,NLD,Native,Mammalia,Delphinidae,Tursiops truncatus,Common Bottlenose Dolphin,Appendix II – Trade regulated
7086,Netherlands Antilles,,,Native,Mammalia,Delphinidae,Tursiops truncatus,Common Bottlenose Dolphin,Appendix II – Trade regulated
7086,New Caledonia,NC,NCL,Native,Mammalia,Delphinidae,Tursiops truncatus,Common Bottlenose Dolphin,Appendix II – Trade regulated
7086,New Zealand,NZ,NZL,Native,Mammalia,Delphinidae,Tursiops truncatus,Common Bottlenose Dolphin,Appendix II – Trade regulated
7086,Northern Mariana Islands,MP,MNP,Native,Mammalia,Delphinidae,Tursiops truncatus,Common Bottlenose Dolphin,Appendix II – Trade regulated
7086,Norway,-99,-99,Native,Mammalia,Delphinidae,Tursiops truncatus,Common Bottlenose Dolphin,Appendix II – Trade regulated
7086,Oman,OM,OMN,Native,Mammalia,Delphinidae,Tursiops truncatus,Common Bottlenose Dolphin,Appendix II – Trade regulated
7086,Pakistan,PK,PAK,Native,Mammalia,Delphinidae,Tursiops truncatus,Common Bottlenose Dolphin,Appendix II – Trade regulated
7086,Panama,PA,PAN,Native,Mammalia,Delphinidae,Tursiops truncatus,Common Bottlenose Dolphin,Appendix II – Trade regulated
7086,Peru,PE,PER,Native,Mammalia,Delphinidae,Tursiops truncatus,Common Bottlenose Dolphin,Appendix II – Trade regulated
7086,Poland,PL,POL,Native,Mammalia,Delphinidae,Tursiops truncatus,Common Bottlenose Dolphin,Appendix II – Trade regulated
7086,Portugal,PT,PRT,Native,Mammalia,Delphinidae,Tursiops truncatus,Common Bottlenose Dolphin,Appendix II – Trade regulated
7086,Puerto Rico,PR,PRI,Native,Mammalia,Delphinidae,Tursiops truncatus,Common Bottlenose Dolphin,Appendix II – Trade regulated
7086,Romania,RO,ROU,Native,Mammalia,Delphinidae,Tursiops truncatus,Common Bottlenose Dolphin,Appendix II – Trade regulated
7086,Russian Federation,,,Native,Mammalia,Delphinidae,Tursiops truncatus,Common Bottlenose Dolphin,Appendix II – Trade regulated
7086,Saint Helena and Dependencies (United Kingdom),,,Native,Mammalia,Delphinidae,Tursiops truncatus,Common Bottlenose Dolphin,Appendix II – Trade regulated
7086,Saint Vincent and the Grenadines,VC,VCT,Native,Mammalia,Delphinidae,Tursiops truncatus,Common Bottlenose Dolphin,Appendix II – Trade regulated
7086,Samoa,WS,WSM,Native,Mammalia,Delphinidae,Tursiops truncatus,Common Bottlenose Dolphin,Appendix II – Trade regulated
7086,Sao Tome and Principe,,,Native,Mammalia,Delphinidae,Tursiops truncatus,Common Bottlenose Dolphin,Appendix II – Trade regulated
7086,Senegal,SN,SEN,Native,Mammalia,Delphinidae,Tursiops truncatus,Common Bottlenose Dolphin,Appendix II – Trade regulated
7086,Seychelles,SC,SYC,Native,Mammalia,Delphinidae,Tursiops truncatus,Common Bottlenose Dolphin,Appendix II – Trade regulated
7086,Slovenia,SI,SVN,Native,Mammalia,Delphinidae,Tursiops truncatus,Common Bottlenose Dolphin,Appendix II – Trade regulated
7086,Solomon Islands,SB,SLB,Native,Mammalia,Delphinidae,Tursiops truncatus,Common Bottlenose Dolphin,Appendix II – Trade regulated
7086,South Africa,ZA,ZAF,Native,Mammalia,Delphinidae,Tursiops truncatus,Common Bottlenose Dolphin,Appendix II – Trade regulated
7086,Spain,ES,ESP,Native,Mammalia,Delphinidae,Tursiops truncatus,Common Bottlenose Dolphin,Appendix II – Trade regulated
7086,Sri Lanka,LK,LKA,Native,Mammalia,Delphinidae,Tursiops truncatus,Common Bottlenose Dolphin,Appendix II – Trade regulated
7086,Sudan,SD,SDN,Native,Mammalia,Delphinidae,Tursiops truncatus,Common Bottlenose Dolphin,Appendix II – Trade regulated
7086,Sweden,SE,SWE,Native,Mammalia,Delphinidae,Tursiops truncatus,Common Bottlenose Dolphin,Appendix II – Trade regulated
7086,Taiwan,CN-TW,TWN,Native,Mammalia,Delphinidae,Tursiops truncatus,Common Bottlenose Dolphin,Appendix II – Trade regulated
7086,Province of China,,,Native,Mammalia,Delphinidae,Tursiops truncatus,Common Bottlenose Dolphin,Appendix II – Trade regulated
7086,Thailand,TH,THA,Native,Mammalia,Delphinidae,Tursiops truncatus,Common Bottlenose Dolphin,Appendix II – Trade regulated
7086,Trinidad and Tobago,TT,TTO,Native,Mammalia,Delphinidae,Tursiops truncatus,Common Bottlenose Dolphin,Appendix II – Trade regulated
7086,Tunisia,TN,TUN,Native,Mammalia,Delphinidae,Tursiops truncatus,Common Bottlenose Dolphin,Appendix II – Trade regulated
7086,T√ºrkiye,,,Native,Mammalia,Delphinidae,Tursiops truncatus,Common Bottlenose Dolphin,Appendix II – Trade regulated
7086,Ukraine,UA,UKR,Native,Mammalia,Delphinidae,Tursiops truncatus,Common Bottlenose Dolphin,Appendix II – Trade regulated
7086,United Kingdom of Great Britain and Northern Ireland,,,Native,Mammalia,Delphinidae,Tursiops truncatus,Common Bottlenose Dolphin,Appendix II – Trade regulated
7086,United Republic of Tanzania,TZ,TZA,Native,Mammalia,Delphinidae,Tursiops truncatus,Common Bottlenose Dolphin,Appendix II – Trade regulated
7086,United States of America,US,USA,Native,Mammalia,Delphinidae,Tursiops truncatus,Common Bottlenose Dolphin,Appendix II – Trade regulated
7086,Uruguay,UY,URY,Native,Mammalia,Delphinidae,Tursiops truncatus,Common Bottlenose Dolphin,Appendix II – Trade regulated
7086,Venezuela (Bolivarian Republic of),,,Native,Mammalia,Delphinidae,Tursiops truncatus,Common Bottlenose Dolphin,Appendix II – Trade regulated
5138,Canada,CA,CAN,Native,Mammalia,Eschrichtiidae,Eschrichtius robustus,Gray Whale,Appendix I – Species threatened with extinction
5138,China,CN,CHN,Native,Mammalia,Eschrichtiidae,Eschrichtius robustus,Gray Whale,Appendix I – Species threatened with extinction
5138,Democratic People's Republic of Korea,,,Native,Mammalia,Eschrichtiidae,Eschrichtius robustus,Gray Whale,Appendix I – Species threatened with extinction
5138,Japan,JP,JPN,Native,Mammalia,Eschrichtiidae,Eschrichtius robustus,Gray Whale,Appendix I – Species threatened with extinction
5138,Mexico,MX,MEX,Native,Mammalia,Eschrichtiidae,Eschrichtius robustus,Gray Whale,Appendix I – Species threatened with extinction
5138,Republic of Korea,,,Native,Mammalia,Eschrichtiidae,Eschrichtius robustus,Gray Whale,Appendix I – Species threatened with extinction
5138,Russian Federation,,,Native,Mammalia,Eschrichtiidae,Eschrichtius robustus,Gray Whale,Appendix I – Species threatened with extinction
5138,United States of America,US,USA,Native,Mammalia,Eschrichtiidae,Eschrichtius robustus,Gray Whale,Appendix I – Species threatened with extinction
67923,Brazil,BR,BRA,Native,Mammalia,Iniidae,Inia araguaiaensis,Araguaian River Dolphin,Appendix II – Trade regulated
4021,Bolivia (Plurinational State of),,,Native,Mammalia,Iniidae,Inia geoffrensis,Amazon River Dolphin (Boto),Appendix II – Trade regulated
4021,Brazil,BR,BRA,Native,Mammalia,Iniidae,Inia geoffrensis,Amazon River Dolphin (Boto),Appendix II – Trade regulated
4021,Colombia,CO,COL,Native,Mammalia,Iniidae,Inia geoffrensis,Amazon River Dolphin (Boto),Appendix II – Trade regulated
4021,Ecuador,EC,ECU,Native,Mammalia,Iniidae,Inia geoffrensis,Amazon River Dolphin (Boto),Appendix II – Trade regulated
4021,Guyana,GY,GUY,Native,Mammalia,Iniidae,Inia geoffrensis,Amazon River Dolphin (Boto),Appendix II – Trade regulated
4021,Peru,PE,PER,Native,Mammalia,Iniidae,Inia geoffrensis,Amazon River Dolphin (Boto),Appendix II – Trade regulated
4021,Venezuela (Bolivarian Republic of),,,Native,Mammalia,Iniidae,Inia geoffrensis,Amazon River Dolphin (Boto),Appendix II – Trade regulated
8842,Argentina,AR,ARG,Native,Mammalia,Iniidae,Pontoporia blainvillei,Franciscana (La Plata Dolphin),Appendix II – Trade regulated
8842,Brazil,BR,BRA,Native,Mammalia,Iniidae,Pontoporia blainvillei,Franciscana (La Plata Dolphin),Appendix II – Trade regulated
8842,Uruguay,UY,URY,Native,Mammalia,Iniidae,Pontoporia blainvillei,Franciscana (La Plata Dolphin),Appendix II – Trade regulated
4206,Belgium,BE,BEL,Native,Mammalia,Monodontidae,Delphinapterus leucas,Beluga,Appendix II – Trade regulated
4206,Canada,CA,CAN,Native,Mammalia,Monodontidae,Delphinapterus leucas,Beluga,Appendix II – Trade regulated
4206,Denmark,DK,DNK,Native,Mammalia,Monodontidae,Delphinapterus leucas,Beluga,Appendix II – Trade regulated
4206,Faroe Islands,FO,FRO,Native,Mammalia,Monodontidae,Delphinapterus leucas,Beluga,Appendix II – Trade regulated
4206,France,-99,-99,Native,Mammalia,Monodontidae,Delphinapterus leucas,Beluga,Appendix II – Trade regulated
4206,Greenland,GL,GRL,Native,Mammalia,Monodontidae,Delphinapterus leucas,Beluga,Appendix II – Trade regulated
4206,Iceland,IS,ISL,Native,Mammalia,Monodontidae,Delphinapterus leucas,Beluga,Appendix II – Trade regulated
4206,Ireland,IE,IRL,Native,Mammalia,Monodontidae,Delphinapterus leucas,Beluga,Appendix II – Trade regulated
4206,Japan,JP,JPN,Native,Mammalia,Monodontidae,Delphinapterus leucas,Beluga,Appendix II – Trade regulated
4206,Netherlands,NL,NLD,Native,Mammalia,Monodontidae,Delphinapterus leucas,Beluga,Appendix II – Trade regulated
4206,Norway,-99,-99,Native,Mammalia,Monodontidae,Delphinapterus leucas,Beluga,Appendix II – Trade regulated
4206,Russian Federation,,,Native,Mammalia,Monodontidae,Delphinapterus leucas,Beluga,Appendix II – Trade regulated
4206,Svalbard and Jan Mayen Islands,,,Native,Mammalia,Monodontidae,Delphinapterus leucas,Beluga,Appendix II – Trade regulated
4206,United Kingdom of Great Britain and Northern Ireland,,,Native,Mammalia,Monodontidae,Delphinapterus leucas,Beluga,Appendix II – Trade regulated
4206,United States of America,US,USA,Native,Mammalia,Monodontidae,Delphinapterus leucas,Beluga,Appendix II – Trade regulated
8084,Canada,CA,CAN,Native,Mammalia,Monodontidae,Monodon monoceros,Narwhal,Appendix II – Trade regulated
8084,Germany,DE,DEU,Native,Mammalia,Monodontidae,Monodon monoceros,Narwhal,Appendix II – Trade regulated
8084,Greenland,GL,GRL,Native,Mammalia,Monodontidae,Monodon monoceros,Narwhal,Appendix II – Trade regulated
8084,Iceland,IS,ISL,Native,Mammalia,Monodontidae,Monodon monoceros,Narwhal,Appendix II – Trade regulated
8084,Netherlands,NL,NLD,Native,Mammalia,Monodontidae,Monodon monoceros,Narwhal,Appendix II – Trade regulated
8084,Norway,-99,-99,Native,Mammalia,Monodontidae,Monodon monoceros,Narwhal,Appendix II – Trade regulated
8084,Russian Federation,,,Native,Mammalia,Monodontidae,Monodon monoceros,Narwhal,Appendix II – Trade regulated
8084,Svalbard and Jan Mayen Islands,,,Native,Mammalia,Monodontidae,Monodon monoceros,Narwhal,Appendix II – Trade regulated
8084,United States of America,US,USA,Native,Mammalia,Monodontidae,Monodon monoceros,Narwhal,Appendix II – Trade regulated
8608,Argentina,AR,ARG,Native,Mammalia,Neobalaenidae,Caperea marginata,Pygmy Right Whale,Appendix I – Species threatened with extinction
8608,Australia,AU,AUS,Native,Mammalia,Neobalaenidae,Caperea marginata,Pygmy Right Whale,Appendix I – Species threatened with extinction
8608,Chile,CL,CHL,Native,Mammalia,Neobalaenidae,Caperea marginata,Pygmy Right Whale,Appendix I – Species threatened with extinction
8608,Falkland Islands (Malvinas),,,Native,Mammalia,Neobalaenidae,Caperea marginata,Pygmy Right Whale,Appendix I – Species threatened with extinction
8608,French Southern and Antarctic Territories,,,Native,Mammalia,Neobalaenidae,Caperea marginata,Pygmy Right Whale,Appendix I – Species threatened with extinction
8608,Namibia,NA,NAM,Native,Mammalia,Neobalaenidae,Caperea marginata,Pygmy Right Whale,Appendix I – Species threatened with extinction
8608,New Zealand,NZ,NZL,Native,Mammalia,Neobalaenidae,Caperea marginata,Pygmy Right Whale,Appendix I – Species threatened with extinction
8608,South Africa,ZA,ZAF,Native,Mammalia,Neobalaenidae,Caperea marginata,Pygmy Right Whale,Appendix I – Species threatened with extinction
68342,China,CN,CHN,Native,Mammalia,Phocoenidae,Neophocaena asiaeorientalis,Narrow-ridged Finless Porpoise,Appendix I – Species threatened with extinction
68342,Democratic People's Republic of Korea,,,Native,Mammalia,Phocoenidae,Neophocaena asiaeorientalis,Narrow-ridged Finless Porpoise,Appendix I – Species threatened with extinction
68342,Japan,JP,JPN,Native,Mammalia,Phocoenidae,Neophocaena asiaeorientalis,Narrow-ridged Finless Porpoise,Appendix I – Species threatened with extinction
68342,Republic of Korea,,,Native,Mammalia,Phocoenidae,Neophocaena asiaeorientalis,Narrow-ridged Finless Porpoise,Appendix I – Species threatened with extinction
68342,Taiwan,CN-TW,TWN,Native,Mammalia,Phocoenidae,Neophocaena asiaeorientalis,Narrow-ridged Finless Porpoise,Appendix I – Species threatened with extinction
68342,Province of China,,,Native,Mammalia,Phocoenidae,Neophocaena asiaeorientalis,Narrow-ridged Finless Porpoise,Appendix I – Species threatened with extinction
9803,Bahrain,BH,BHR,Native,Mammalia,Phocoenidae,Neophocaena phocaenoides,Indo-Pacific Finless Porpoise,Appendix I – Species threatened with extinction
9803,Bangladesh,BD,BGD,Native,Mammalia,Phocoenidae,Neophocaena phocaenoides,Indo-Pacific Finless Porpoise,Appendix I – Species threatened with extinction
9803,Brunei Darussalam,,,Native,Mammalia,Phocoenidae,Neophocaena phocaenoides,Indo-Pacific Finless Porpoise,Appendix I – Species threatened with extinction
9803,Cambodia,KH,KHM,Native,Mammalia,Phocoenidae,Neophocaena phocaenoides,Indo-Pacific Finless Porpoise,Appendix I – Species threatened with extinction
9803,China,CN,CHN,Native,Mammalia,Phocoenidae,Neophocaena phocaenoides,Indo-Pacific Finless Porpoise,Appendix I – Species threatened with extinction
9803,Democratic People's Republic of Korea,,,Native,Mammalia,Phocoenidae,Neophocaena phocaenoides,Indo-Pacific Finless Porpoise,Appendix I – Species threatened with extinction
9803,Hong Kong,,,Native,Mammalia,Phocoenidae,Neophocaena phocaenoides,Indo-Pacific Finless Porpoise,Appendix I – Species threatened with extinction
9803,SAR,,,Native,Mammalia,Phocoenidae,Neophocaena phocaenoides,Indo-Pacific Finless Porpoise,Appendix I – Species threatened with extinction
9803,India,IN,IND,Native,Mammalia,Phocoenidae,Neophocaena phocaenoides,Indo-Pacific Finless Porpoise,Appendix I – Species threatened with extinction
9803,Indonesia,ID,IDN,Native,Mammalia,Phocoenidae,Neophocaena phocaenoides,Indo-Pacific Finless Porpoise,Appendix I – Species threatened with extinction
9803,Iran (Islamic Republic of),,,Native,Mammalia,Phocoenidae,Neophocaena phocaenoides,Indo-Pacific Finless Porpoise,Appendix I – Species threatened with extinction
9803,Iraq,IQ,IRQ,Native,Mammalia,Phocoenidae,Neophocaena phocaenoides,Indo-Pacific Finless Porpoise,Appendix I – Species threatened with extinction
9803,Kuwait,KW,KWT,Native,Mammalia,Phocoenidae,Neophocaena phocaenoides,Indo-Pacific Finless Porpoise,Appendix I – Species threatened with extinction
9803,Malaysia,MY,MYS,Native,Mammalia,Phocoenidae,Neophocaena phocaenoides,Indo-Pacific Finless Porpoise,Appendix I – Species threatened with extinction
9803,Myanmar,MM,MMR,Native,Mammalia,Phocoenidae,Neophocaena phocaenoides,Indo-Pacific Finless Porpoise,Appendix I – Species threatened with extinction
9803,Pakistan,PK,PAK,Native,Mammalia,Phocoenidae,Neophocaena phocaenoides,Indo-Pacific Finless Porpoise,Appendix I – Species threatened with extinction
9803,Qatar,QA,QAT,Native,Mammalia,Phocoenidae,Neophocaena phocaenoides,Indo-Pacific Finless Porpoise,Appendix I – Species threatened with extinction
9803,Saudi Arabia,SA,SAU,Native,Mammalia,Phocoenidae,Neophocaena phocaenoides,Indo-Pacific Finless Porpoise,Appendix I – Species threatened with extinction
9803,Singapore,SG,SGP,Native,Mammalia,Phocoenidae,Neophocaena phocaenoides,Indo-Pacific Finless Porpoise,Appendix I – Species threatened with extinction
9803,Sri Lanka,LK,LKA,Native,Mammalia,Phocoenidae,Neophocaena phocaenoides,Indo-Pacific Finless Porpoise,Appendix I – Species threatened with extinction
9803,Taiwan,CN-TW,TWN,Native,Mammalia,Phocoenidae,Neophocaena phocaenoides,Indo-Pacific Finless Porpoise,Appendix I – Species threatened with extinction
9803,Province of China,,,Native,Mammalia,Phocoenidae,Neophocaena phocaenoides,Indo-Pacific Finless Porpoise,Appendix I – Species threatened with extinction
9803,Thailand,TH,THA,Native,Mammalia,Phocoenidae,Neophocaena phocaenoides,Indo-Pacific Finless Porpoise,Appendix I – Species threatened with extinction
9803,United Arab Emirates,AE,ARE,Native,Mammalia,Phocoenidae,Neophocaena phocaenoides,Indo-Pacific Finless Porpoise,Appendix I – Species threatened with extinction
9803,Viet Nam,,,Native,Mammalia,Phocoenidae,Neophocaena phocaenoides,Indo-Pacific Finless Porpoise,Appendix I – Species threatened with extinction
11079,Argentina,AR,ARG,Native,Mammalia,Phocoenidae,Phocoena dioptrica,Spectacled Porpoise,Appendix II – Trade regulated
11079,Australia,AU,AUS,Native,Mammalia,Phocoenidae,Phocoena dioptrica,Spectacled Porpoise,Appendix II – Trade regulated
11079,Brazil,BR,BRA,Native,Mammalia,Phocoenidae,Phocoena dioptrica,Spectacled Porpoise,Appendix II – Trade regulated
11079,Chile,CL,CHL,Native,Mammalia,Phocoenidae,Phocoena dioptrica,Spectacled Porpoise,Appendix II – Trade regulated
11079,Falkland Islands (Malvinas),,,Native,Mammalia,Phocoenidae,Phocoena dioptrica,Spectacled Porpoise,Appendix II – Trade regulated
11079,French Southern and Antarctic Territories,,,Native,Mammalia,Phocoenidae,Phocoena dioptrica,Spectacled Porpoise,Appendix II – Trade regulated
11079,Heard and McDonald Islands,,,Native,Mammalia,Phocoenidae,Phocoena dioptrica,Spectacled Porpoise,Appendix II – Trade regulated
11079,New Zealand,NZ,NZL,Native,Mammalia,Phocoenidae,Phocoena dioptrica,Spectacled Porpoise,Appendix II – Trade regulated
11079,South Georgia and South Sandwich Islands (United Kingdom),,,Native,Mammalia,Phocoenidae,Phocoena dioptrica,Spectacled Porpoise,Appendix II – Trade regulated
11079,Uruguay,UY,URY,Native,Mammalia,Phocoenidae,Phocoena dioptrica,Spectacled Porpoise,Appendix II – Trade regulated
11185,Belgium,BE,BEL,Native,Mammalia,Phocoenidae,Phocoena phocoena,Harbour Porpoise,Appendix II – Trade regulated
11185,Bulgaria,BG,BGR,Native,Mammalia,Phocoenidae,Phocoena phocoena,Harbour Porpoise,Appendix II – Trade regulated
11185,Canada,CA,CAN,Native,Mammalia,Phocoenidae,Phocoena phocoena,Harbour Porpoise,Appendix II – Trade regulated
11185,Democratic People's Republic of Korea,,,Native,Mammalia,Phocoenidae,Phocoena phocoena,Harbour Porpoise,Appendix II – Trade regulated
11185,Denmark,DK,DNK,Native,Mammalia,Phocoenidae,Phocoena phocoena,Harbour Porpoise,Appendix II – Trade regulated
11185,Faroe Islands,FO,FRO,Native,Mammalia,Phocoenidae,Phocoena phocoena,Harbour Porpoise,Appendix II – Trade regulated
11185,France,-99,-99,Native,Mammalia,Phocoenidae,Phocoena phocoena,Harbour Porpoise,Appendix II – Trade regulated
11185,Georgia,GE,GEO,Native,Mammalia,Phocoenidae,Phocoena phocoena,Harbour Porpoise,Appendix II – Trade regulated
11185,Germany,DE,DEU,Native,Mammalia,Phocoenidae,Phocoena phocoena,Harbour Porpoise,Appendix II – Trade regulated
11185,Gibraltar (United Kingdom),,,Native,Mammalia,Phocoenidae,Phocoena phocoena,Harbour Porpoise,Appendix II – Trade regulated
11185,Greece,GR,GRC,Native,Mammalia,Phocoenidae,Phocoena phocoena,Harbour Porpoise,Appendix II – Trade regulated
11185,Greenland,GL,GRL,Native,Mammalia,Phocoenidae,Phocoena phocoena,Harbour Porpoise,Appendix II – Trade regulated
11185,Iceland,IS,ISL,Native,Mammalia,Phocoenidae,Phocoena phocoena,Harbour Porpoise,Appendix II – Trade regulated
11185,Ireland,IE,IRL,Native,Mammalia,Phocoenidae,Phocoena phocoena,Harbour Porpoise,Appendix II – Trade regulated
11185,Isle of Man (United Kingdom),,,Native,Mammalia,Phocoenidae,Phocoena phocoena,Harbour Porpoise,Appendix II – Trade regulated
11185,Italy,IT,ITA,Native,Mammalia,Phocoenidae,Phocoena phocoena,Harbour Porpoise,Appendix II – Trade regulated
11185,Japan,JP,JPN,Native,Mammalia,Phocoenidae,Phocoena phocoena,Harbour Porpoise,Appendix II – Trade regulated
11185,Lithuania,LT,LTU,Native,Mammalia,Phocoenidae,Phocoena phocoena,Harbour Porpoise,Appendix II – Trade regulated
11185,Mauritania,MR,MRT,Native,Mammalia,Phocoenidae,Phocoena phocoena,Harbour Porpoise,Appendix II – Trade regulated
11185,Morocco,MA,MAR,Native,Mammalia,Phocoenidae,Phocoena phocoena,Harbour Porpoise,Appendix II – Trade regulated
11185,Netherlands,NL,NLD,Native,Mammalia,Phocoenidae,Phocoena phocoena,Harbour Porpoise,Appendix II – Trade regulated
11185,Norway,-99,-99,Native,Mammalia,Phocoenidae,Phocoena phocoena,Harbour Porpoise,Appendix II – Trade regulated
11185,Poland,PL,POL,Native,Mammalia,Phocoenidae,Phocoena phocoena,Harbour Porpoise,Appendix II – Trade regulated
11185,Portugal,PT,PRT,Native,Mammalia,Phocoenidae,Phocoena phocoena,Harbour Porpoise,Appendix II – Trade regulated
11185,Republic of Korea,,,Native,Mammalia,Phocoenidae,Phocoena phocoena,Harbour Porpoise,Appendix II – Trade regulated
11185,Romania,RO,ROU,Native,Mammalia,Phocoenidae,Phocoena phocoena,Harbour Porpoise,Appendix II – Trade regulated
11185,Russian Federation,,,Native,Mammalia,Phocoenidae,Phocoena phocoena,Harbour Porpoise,Appendix II – Trade regulated
11185,Senegal,SN,SEN,Native,Mammalia,Phocoenidae,Phocoena phocoena,Harbour Porpoise,Appendix II – Trade regulated
11185,Spain,ES,ESP,Native,Mammalia,Phocoenidae,Phocoena phocoena,Harbour Porpoise,Appendix II – Trade regulated
11185,Svalbard and Jan Mayen Islands,,,Native,Mammalia,Phocoenidae,Phocoena phocoena,Harbour Porpoise,Appendix II – Trade regulated
11185,Sweden,SE,SWE,Native,Mammalia,Phocoenidae,Phocoena phocoena,Harbour Porpoise,Appendix II – Trade regulated
11185,Tunisia,TN,TUN,Native,Mammalia,Phocoenidae,Phocoena phocoena,Harbour Porpoise,Appendix II – Trade regulated
11185,T√ºrkiye,,,Native,Mammalia,Phocoenidae,Phocoena phocoena,Harbour Porpoise,Appendix II – Trade regulated
11185,Ukraine,UA,UKR,Native,Mammalia,Phocoenidae,Phocoena phocoena,Harbour Porpoise,Appendix II – Trade regulated
11185,United Kingdom of Great Britain and Northern Ireland,,,Native,Mammalia,Phocoenidae,Phocoena phocoena,Harbour Porpoise,Appendix II – Trade regulated
11185,United States of America,US,USA,Native,Mammalia,Phocoenidae,Phocoena phocoena,Harbour Porpoise,Appendix II – Trade regulated
11185,Finland,FI,FIN,Extinct,Mammalia,Phocoenidae,Phocoena phocoena,Harbour Porpoise,Appendix II – Trade regulated
5652,Mexico,MX,MEX,Native,Mammalia,Phocoenidae,Phocoena sinus,Vaquita,Appendix I – Species threatened with extinction
5385,Argentina,AR,ARG,Native,Mammalia,Phocoenidae,Phocoena spinipinnis,Burmeister's Porpoise,Appendix II – Trade regulated
5385,Brazil,BR,BRA,Native,Mammalia,Phocoenidae,Phocoena spinipinnis,Burmeister's Porpoise,Appendix II – Trade regulated
5385,Chile,CL,CHL,Native,Mammalia,Phocoenidae,Phocoena spinipinnis,Burmeister's Porpoise,Appendix II – Trade regulated
5385,Peru,PE,PER,Native,Mammalia,Phocoenidae,Phocoena spinipinnis,Burmeister's Porpoise,Appendix II – Trade regulated
5385,Uruguay,UY,URY,Native,Mammalia,Phocoenidae,Phocoena spinipinnis,Burmeister's Porpoise,Appendix II – Trade regulated
4956,Canada,CA,CAN,Native,Mammalia,Phocoenidae,Phocoenoides dalli,Dall's Porpoise,Appendix II – Trade regulated
4956,Democratic People's Republic of Korea,,,Native,Mammalia,Phocoenidae,Phocoenoides dalli,Dall's Porpoise,Appendix II – Trade regulated
4956,Japan,JP,JPN,Native,Mammalia,Phocoenidae,Phocoenoides dalli,Dall's Porpoise,Appendix II – Trade regulated
4956,Mexico,MX,MEX,Native,Mammalia,Phocoenidae,Phocoenoides dalli,Dall's Porpoise,Appendix II – Trade regulated
4956,Republic of Korea,,,Native,Mammalia,Phocoenidae,Phocoenoides dalli,Dall's Porpoise,Appendix II – Trade regulated
4956,Russian Federation,,,Native,Mammalia,Phocoenidae,Phocoenoides dalli,Dall's Porpoise,Appendix II – Trade regulated
4956,United States of America,US,USA,Native,Mammalia,Phocoenidae,Phocoenoides dalli,Dall's Porpoise,Appendix II – Trade regulated
6515,Angola,AO,AGO,Native,Mammalia,Physeteridae,Kogia breviceps,Pygmy Sperm Whale,Appendix II – Trade regulated
6515,Antigua and Barbuda,AG,ATG,Native,Mammalia,Physeteridae,Kogia breviceps,Pygmy Sperm Whale,Appendix II – Trade regulated
6515,Argentina,AR,ARG,Native,Mammalia,Physeteridae,Kogia breviceps,Pygmy Sperm Whale,Appendix II – Trade regulated
6515,Australia,AU,AUS,Native,Mammalia,Physeteridae,Kogia breviceps,Pygmy Sperm Whale,Appendix II – Trade regulated
6515,Bahamas,,,Native,Mammalia,Physeteridae,Kogia breviceps,Pygmy Sperm Whale,Appendix II – Trade regulated
6515,Bangladesh,BD,BGD,Native,Mammalia,Physeteridae,Kogia breviceps,Pygmy Sperm Whale,Appendix II – Trade regulated
6515,Belize,BZ,BLZ,Native,Mammalia,Physeteridae,Kogia breviceps,Pygmy Sperm Whale,Appendix II – Trade regulated
6515,Benin,BJ,BEN,Native,Mammalia,Physeteridae,Kogia breviceps,Pygmy Sperm Whale,Appendix II – Trade regulated
6515,Brazil,BR,BRA,Native,Mammalia,Physeteridae,Kogia breviceps,Pygmy Sperm Whale,Appendix II – Trade regulated
6515,British Virgin Islands (United Kingdom),,,Native,Mammalia,Physeteridae,Kogia breviceps,Pygmy Sperm Whale,Appendix II – Trade regulated
6515,Cameroon,CM,CMR,Native,Mammalia,Physeteridae,Kogia breviceps,Pygmy Sperm Whale,Appendix II – Trade regulated
6515,Canada,CA,CAN,Native,Mammalia,Physeteridae,Kogia breviceps,Pygmy Sperm Whale,Appendix II – Trade regulated
6515,Cayman Islands (United Kingdom),,,Native,Mammalia,Physeteridae,Kogia breviceps,Pygmy Sperm Whale,Appendix II – Trade regulated
6515,Chile,CL,CHL,Native,Mammalia,Physeteridae,Kogia breviceps,Pygmy Sperm Whale,Appendix II – Trade regulated
6515,Colombia,CO,COL,Native,Mammalia,Physeteridae,Kogia breviceps,Pygmy Sperm Whale,Appendix II – Trade regulated
6515,Congo,,,Native,Mammalia,Physeteridae,Kogia breviceps,Pygmy Sperm Whale,Appendix II – Trade regulated
6515,Costa Rica,CR,CRI,Native,Mammalia,Physeteridae,Kogia breviceps,Pygmy Sperm Whale,Appendix II – Trade regulated
6515,C√¥te d'Ivoire,,,Native,Mammalia,Physeteridae,Kogia breviceps,Pygmy Sperm Whale,Appendix II – Trade regulated
6515,Cuba,CU,CUB,Native,Mammalia,Physeteridae,Kogia breviceps,Pygmy Sperm Whale,Appendix II – Trade regulated
6515,Democratic People's Republic of Korea,,,Native,Mammalia,Physeteridae,Kogia breviceps,Pygmy Sperm Whale,Appendix II – Trade regulated
6515,Dominican Republic,DO,DOM,Native,Mammalia,Physeteridae,Kogia breviceps,Pygmy Sperm Whale,Appendix II – Trade regulated
6515,Ecuador,EC,ECU,Native,Mammalia,Physeteridae,Kogia breviceps,Pygmy Sperm Whale,Appendix II – Trade regulated
6515,El Salvador,SV,SLV,Native,Mammalia,Physeteridae,Kogia breviceps,Pygmy Sperm Whale,Appendix II – Trade regulated
6515,Equatorial Guinea,GQ,GNQ,Native,Mammalia,Physeteridae,Kogia breviceps,Pygmy Sperm Whale,Appendix II – Trade regulated
6515,Fiji,FJ,FJI,Native,Mammalia,Physeteridae,Kogia breviceps,Pygmy Sperm Whale,Appendix II – Trade regulated
6515,France,-99,-99,Native,Mammalia,Physeteridae,Kogia breviceps,Pygmy Sperm Whale,Appendix II – Trade regulated
6515,French Guiana [FR],,,Native,Mammalia,Physeteridae,Kogia breviceps,Pygmy Sperm Whale,Appendix II – Trade regulated
6515,Gabon,GA,GAB,Native,Mammalia,Physeteridae,Kogia breviceps,Pygmy Sperm Whale,Appendix II – Trade regulated
6515,Gambia,GM,GMB,Native,Mammalia,Physeteridae,Kogia breviceps,Pygmy Sperm Whale,Appendix II – Trade regulated
6515,Ghana,GH,GHA,Native,Mammalia,Physeteridae,Kogia breviceps,Pygmy Sperm Whale,Appendix II – Trade regulated
6515,Guam,GU,GUM,Native,Mammalia,Physeteridae,Kogia breviceps,Pygmy Sperm Whale,Appendix II – Trade regulated
6515,Guatemala,GT,GTM,Native,Mammalia,Physeteridae,Kogia breviceps,Pygmy Sperm Whale,Appendix II – Trade regulated
6515,Guinea,GN,GIN,Native,Mammalia,Physeteridae,Kogia breviceps,Pygmy Sperm Whale,Appendix II – Trade regulated
6515,Guinea Bissau,,,Native,Mammalia,Physeteridae,Kogia breviceps,Pygmy Sperm Whale,Appendix II – Trade regulated
6515,Guyana,GY,GUY,Native,Mammalia,Physeteridae,Kogia breviceps,Pygmy Sperm Whale,Appendix II – Trade regulated
6515,Haiti,HT,HTI,Native,Mammalia,Physeteridae,Kogia breviceps,Pygmy Sperm Whale,Appendix II – Trade regulated
6515,Honduras,HN,HND,Native,Mammalia,Physeteridae,Kogia breviceps,Pygmy Sperm Whale,Appendix II – Trade regulated
6515,Hong Kong,,,Native,Mammalia,Physeteridae,Kogia breviceps,Pygmy Sperm Whale,Appendix II – Trade regulated
6515,SAR,,,Native,Mammalia,Physeteridae,Kogia breviceps,Pygmy Sperm Whale,Appendix II – Trade regulated
6515,India,IN,IND,Native,Mammalia,Physeteridae,Kogia breviceps,Pygmy Sperm Whale,Appendix II – Trade regulated
6515,Indonesia,ID,IDN,Native,Mammalia,Physeteridae,Kogia breviceps,Pygmy Sperm Whale,Appendix II – Trade regulated
6515,Iran (Islamic Republic of),,,Native,Mammalia,Physeteridae,Kogia breviceps,Pygmy Sperm Whale,Appendix II – Trade regulated
6515,Ireland,IE,IRL,Native,Mammalia,Physeteridae,Kogia breviceps,Pygmy Sperm Whale,Appendix II – Trade regulated
6515,Japan,JP,JPN,Native,Mammalia,Physeteridae,Kogia breviceps,Pygmy Sperm Whale,Appendix II – Trade regulated
6515,Kenya,KE,KEN,Native,Mammalia,Physeteridae,Kogia breviceps,Pygmy Sperm Whale,Appendix II – Trade regulated
6515,Liberia,LR,LBR,Native,Mammalia,Physeteridae,Kogia breviceps,Pygmy Sperm Whale,Appendix II – Trade regulated
6515,Madagascar,MG,MDG,Native,Mammalia,Physeteridae,Kogia breviceps,Pygmy Sperm Whale,Appendix II – Trade regulated
6515,Malaysia,MY,MYS,Native,Mammalia,Physeteridae,Kogia breviceps,Pygmy Sperm Whale,Appendix II – Trade regulated
6515,Marshall Islands,MH,MHL,Native,Mammalia,Physeteridae,Kogia breviceps,Pygmy Sperm Whale,Appendix II – Trade regulated
6515,Mauritania,MR,MRT,Native,Mammalia,Physeteridae,Kogia breviceps,Pygmy Sperm Whale,Appendix II – Trade regulated
6515,Mexico,MX,MEX,Native,Mammalia,Physeteridae,Kogia breviceps,Pygmy Sperm Whale,Appendix II – Trade regulated
6515,Micronesia (Federated States of),,,Native,Mammalia,Physeteridae,Kogia breviceps,Pygmy Sperm Whale,Appendix II – Trade regulated
6515,Morocco,MA,MAR,Native,Mammalia,Physeteridae,Kogia breviceps,Pygmy Sperm Whale,Appendix II – Trade regulated
6515,Mozambique,MZ,MOZ,Native,Mammalia,Physeteridae,Kogia breviceps,Pygmy Sperm Whale,Appendix II – Trade regulated
6515,Myanmar,MM,MMR,Native,Mammalia,Physeteridae,Kogia breviceps,Pygmy Sperm Whale,Appendix II – Trade regulated
6515,Namibia,NA,NAM,Native,Mammalia,Physeteridae,Kogia breviceps,Pygmy Sperm Whale,Appendix II – Trade regulated
6515,Netherlands,NL,NLD,Native,Mammalia,Physeteridae,Kogia breviceps,Pygmy Sperm Whale,Appendix II – Trade regulated
6515,Netherlands Antilles,,,Native,Mammalia,Physeteridae,Kogia breviceps,Pygmy Sperm Whale,Appendix II – Trade regulated
6515,New Caledonia,NC,NCL,Native,Mammalia,Physeteridae,Kogia breviceps,Pygmy Sperm Whale,Appendix II – Trade regulated
6515,New Zealand,NZ,NZL,Native,Mammalia,Physeteridae,Kogia breviceps,Pygmy Sperm Whale,Appendix II – Trade regulated
6515,Nicaragua,NI,NIC,Native,Mammalia,Physeteridae,Kogia breviceps,Pygmy Sperm Whale,Appendix II – Trade regulated
6515,Nigeria,NG,NGA,Native,Mammalia,Physeteridae,Kogia breviceps,Pygmy Sperm Whale,Appendix II – Trade regulated
6515,Oman,OM,OMN,Native,Mammalia,Physeteridae,Kogia breviceps,Pygmy Sperm Whale,Appendix II – Trade regulated
6515,Pakistan,PK,PAK,Native,Mammalia,Physeteridae,Kogia breviceps,Pygmy Sperm Whale,Appendix II – Trade regulated
6515,Palau,PW,PLW,Native,Mammalia,Physeteridae,Kogia breviceps,Pygmy Sperm Whale,Appendix II – Trade regulated
6515,Panama,PA,PAN,Native,Mammalia,Physeteridae,Kogia breviceps,Pygmy Sperm Whale,Appendix II – Trade regulated
6515,Papua New Guinea,PG,PNG,Native,Mammalia,Physeteridae,Kogia breviceps,Pygmy Sperm Whale,Appendix II – Trade regulated
6515,Peru,PE,PER,Native,Mammalia,Physeteridae,Kogia breviceps,Pygmy Sperm Whale,Appendix II – Trade regulated
6515,Philippines,PH,PHL,Native,Mammalia,Physeteridae,Kogia breviceps,Pygmy Sperm Whale,Appendix II – Trade regulated
6515,Portugal,PT,PRT,Native,Mammalia,Physeteridae,Kogia breviceps,Pygmy Sperm Whale,Appendix II – Trade regulated
6515,Puerto Rico,PR,PRI,Native,Mammalia,Physeteridae,Kogia breviceps,Pygmy Sperm Whale,Appendix II – Trade regulated
6515,Republic of Korea,,,Native,Mammalia,Physeteridae,Kogia breviceps,Pygmy Sperm Whale,Appendix II – Trade regulated
6515,Senegal,SN,SEN,Native,Mammalia,Physeteridae,Kogia breviceps,Pygmy Sperm Whale,Appendix II – Trade regulated
6515,Sierra Leone,SL,SLE,Native,Mammalia,Physeteridae,Kogia breviceps,Pygmy Sperm Whale,Appendix II – Trade regulated
6515,Singapore,SG,SGP,Native,Mammalia,Physeteridae,Kogia breviceps,Pygmy Sperm Whale,Appendix II – Trade regulated
6515,Solomon Islands,SB,SLB,Native,Mammalia,Physeteridae,Kogia breviceps,Pygmy Sperm Whale,Appendix II – Trade regulated
6515,Somalia,SO,SOM,Native,Mammalia,Physeteridae,Kogia breviceps,Pygmy Sperm Whale,Appendix II – Trade regulated
6515,South Africa,ZA,ZAF,Native,Mammalia,Physeteridae,Kogia breviceps,Pygmy Sperm Whale,Appendix II – Trade regulated
6515,Spain,ES,ESP,Native,Mammalia,Physeteridae,Kogia breviceps,Pygmy Sperm Whale,Appendix II – Trade regulated
6515,Sri Lanka,LK,LKA,Native,Mammalia,Physeteridae,Kogia breviceps,Pygmy Sperm Whale,Appendix II – Trade regulated
6515,Suriname,SR,SUR,Native,Mammalia,Physeteridae,Kogia breviceps,Pygmy Sperm Whale,Appendix II – Trade regulated
6515,Taiwan,CN-TW,TWN,Native,Mammalia,Physeteridae,Kogia breviceps,Pygmy Sperm Whale,Appendix II – Trade regulated
6515,Province of China,,,Native,Mammalia,Physeteridae,Kogia breviceps,Pygmy Sperm Whale,Appendix II – Trade regulated
6515,Thailand,TH,THA,Native,Mammalia,Physeteridae,Kogia breviceps,Pygmy Sperm Whale,Appendix II – Trade regulated
6515,Togo,TG,TGO,Native,Mammalia,Physeteridae,Kogia breviceps,Pygmy Sperm Whale,Appendix II – Trade regulated
6515,Trinidad and Tobago,TT,TTO,Native,Mammalia,Physeteridae,Kogia breviceps,Pygmy Sperm Whale,Appendix II – Trade regulated
6515,Tuvalu,TV,TUV,Native,Mammalia,Physeteridae,Kogia breviceps,Pygmy Sperm Whale,Appendix II – Trade regulated
6515,United Kingdom of Great Britain and Northern Ireland,,,Native,Mammalia,Physeteridae,Kogia breviceps,Pygmy Sperm Whale,Appendix II – Trade regulated
6515,United Republic of Tanzania,TZ,TZA,Native,Mammalia,Physeteridae,Kogia breviceps,Pygmy Sperm Whale,Appendix II – Trade regulated
6515,United States of America,US,USA,Native,Mammalia,Physeteridae,Kogia breviceps,Pygmy Sperm Whale,Appendix II – Trade regulated
6515,Uruguay,UY,URY,Native,Mammalia,Physeteridae,Kogia breviceps,Pygmy Sperm Whale,Appendix II – Trade regulated
6515,Vanuatu,VU,VUT,Native,Mammalia,Physeteridae,Kogia breviceps,Pygmy Sperm Whale,Appendix II – Trade regulated
6515,Venezuela (Bolivarian Republic of),,,Native,Mammalia,Physeteridae,Kogia breviceps,Pygmy Sperm Whale,Appendix II – Trade regulated
6515,Viet Nam,,,Native,Mammalia,Physeteridae,Kogia breviceps,Pygmy Sperm Whale,Appendix II – Trade regulated
6515,Virgin Islands of the USA,,,Native,Mammalia,Physeteridae,Kogia breviceps,Pygmy Sperm Whale,Appendix II – Trade regulated
6515,Western Sahara,EH,ESH,Native,Mammalia,Physeteridae,Kogia breviceps,Pygmy Sperm Whale,Appendix II – Trade regulated
6515,Yemen,YE,YEM,Native,Mammalia,Physeteridae,Kogia breviceps,Pygmy Sperm Whale,Appendix II – Trade regulated
6532,Angola,AO,AGO,Native,Mammalia,Physeteridae,Kogia sima,Dwarf Sperm Whale,Appendix II – Trade regulated
6532,Aruba,AW,ABW,Native,Mammalia,Physeteridae,Kogia sima,Dwarf Sperm Whale,Appendix II – Trade regulated
6532,Australia,AU,AUS,Native,Mammalia,Physeteridae,Kogia sima,Dwarf Sperm Whale,Appendix II – Trade regulated
6532,Bahamas,,,Native,Mammalia,Physeteridae,Kogia sima,Dwarf Sperm Whale,Appendix II – Trade regulated
6532,Bangladesh,BD,BGD,Native,Mammalia,Physeteridae,Kogia sima,Dwarf Sperm Whale,Appendix II – Trade regulated
6532,Belize,BZ,BLZ,Native,Mammalia,Physeteridae,Kogia sima,Dwarf Sperm Whale,Appendix II – Trade regulated
6532,Benin,BJ,BEN,Native,Mammalia,Physeteridae,Kogia sima,Dwarf Sperm Whale,Appendix II – Trade regulated
6532,Brazil,BR,BRA,Native,Mammalia,Physeteridae,Kogia sima,Dwarf Sperm Whale,Appendix II – Trade regulated
6532,Cambodia,KH,KHM,Native,Mammalia,Physeteridae,Kogia sima,Dwarf Sperm Whale,Appendix II – Trade regulated
6532,Cameroon,CM,CMR,Native,Mammalia,Physeteridae,Kogia sima,Dwarf Sperm Whale,Appendix II – Trade regulated
6532,Canada,CA,CAN,Native,Mammalia,Physeteridae,Kogia sima,Dwarf Sperm Whale,Appendix II – Trade regulated
6532,Chile,CL,CHL,Native,Mammalia,Physeteridae,Kogia sima,Dwarf Sperm Whale,Appendix II – Trade regulated
6532,China,CN,CHN,Native,Mammalia,Physeteridae,Kogia sima,Dwarf Sperm Whale,Appendix II – Trade regulated
6532,Colombia,CO,COL,Native,Mammalia,Physeteridae,Kogia sima,Dwarf Sperm Whale,Appendix II – Trade regulated
6532,Comoros,KM,COM,Native,Mammalia,Physeteridae,Kogia sima,Dwarf Sperm Whale,Appendix II – Trade regulated
6532,Congo,,,Native,Mammalia,Physeteridae,Kogia sima,Dwarf Sperm Whale,Appendix II – Trade regulated
6532,Costa Rica,CR,CRI,Native,Mammalia,Physeteridae,Kogia sima,Dwarf Sperm Whale,Appendix II – Trade regulated
6532,C√¥te d'Ivoire,,,Native,Mammalia,Physeteridae,Kogia sima,Dwarf Sperm Whale,Appendix II – Trade regulated
6532,Cuba,CU,CUB,Native,Mammalia,Physeteridae,Kogia sima,Dwarf Sperm Whale,Appendix II – Trade regulated
6532,Democratic People's Republic of Korea,,,Native,Mammalia,Physeteridae,Kogia sima,Dwarf Sperm Whale,Appendix II – Trade regulated
6532,Ecuador,EC,ECU,Native,Mammalia,Physeteridae,Kogia sima,Dwarf Sperm Whale,Appendix II – Trade regulated
6532,El Salvador,SV,SLV,Native,Mammalia,Physeteridae,Kogia sima,Dwarf Sperm Whale,Appendix II – Trade regulated
6532,Equatorial Guinea,GQ,GNQ,Native,Mammalia,Physeteridae,Kogia sima,Dwarf Sperm Whale,Appendix II – Trade regulated
6532,French Guiana [FR],,,Native,Mammalia,Physeteridae,Kogia sima,Dwarf Sperm Whale,Appendix II – Trade regulated
6532,French Polynesia,PF,PYF,Native,Mammalia,Physeteridae,Kogia sima,Dwarf Sperm Whale,Appendix II – Trade regulated
6532,Gabon,GA,GAB,Native,Mammalia,Physeteridae,Kogia sima,Dwarf Sperm Whale,Appendix II – Trade regulated
6532,Gambia,GM,GMB,Native,Mammalia,Physeteridae,Kogia sima,Dwarf Sperm Whale,Appendix II – Trade regulated
6532,Ghana,GH,GHA,Native,Mammalia,Physeteridae,Kogia sima,Dwarf Sperm Whale,Appendix II – Trade regulated
6532,Guam,GU,GUM,Native,Mammalia,Physeteridae,Kogia sima,Dwarf Sperm Whale,Appendix II – Trade regulated
6532,Guatemala,GT,GTM,Native,Mammalia,Physeteridae,Kogia sima,Dwarf Sperm Whale,Appendix II – Trade regulated
6532,Guinea,GN,GIN,Native,Mammalia,Physeteridae,Kogia sima,Dwarf Sperm Whale,Appendix II – Trade regulated
6532,Guinea Bissau,,,Native,Mammalia,Physeteridae,Kogia sima,Dwarf Sperm Whale,Appendix II – Trade regulated
6532,Guyana,GY,GUY,Native,Mammalia,Physeteridae,Kogia sima,Dwarf Sperm Whale,Appendix II – Trade regulated
6532,Honduras,HN,HND,Native,Mammalia,Physeteridae,Kogia sima,Dwarf Sperm Whale,Appendix II – Trade regulated
6532,Hong Kong,,,Native,Mammalia,Physeteridae,Kogia sima,Dwarf Sperm Whale,Appendix II – Trade regulated
6532,SAR,,,Native,Mammalia,Physeteridae,Kogia sima,Dwarf Sperm Whale,Appendix II – Trade regulated
6532,India,IN,IND,Native,Mammalia,Physeteridae,Kogia sima,Dwarf Sperm Whale,Appendix II – Trade regulated
6532,Indonesia,ID,IDN,Native,Mammalia,Physeteridae,Kogia sima,Dwarf Sperm Whale,Appendix II – Trade regulated
6532,Iran (Islamic Republic of),,,Native,Mammalia,Physeteridae,Kogia sima,Dwarf Sperm Whale,Appendix II – Trade regulated
6532,Japan,JP,JPN,Native,Mammalia,Physeteridae,Kogia sima,Dwarf Sperm Whale,Appendix II – Trade regulated
6532,Kenya,KE,KEN,Native,Mammalia,Physeteridae,Kogia sima,Dwarf Sperm Whale,Appendix II – Trade regulated
6532,Kiribati,KI,KIR,Native,Mammalia,Physeteridae,Kogia sima,Dwarf Sperm Whale,Appendix II – Trade regulated
6532,Liberia,LR,LBR,Native,Mammalia,Physeteridae,Kogia sima,Dwarf Sperm Whale,Appendix II – Trade regulated
6532,Madagascar,MG,MDG,Native,Mammalia,Physeteridae,Kogia sima,Dwarf Sperm Whale,Appendix II – Trade regulated
6532,Malaysia,MY,MYS,Native,Mammalia,Physeteridae,Kogia sima,Dwarf Sperm Whale,Appendix II – Trade regulated
6532,Maldives,MV,MDV,Native,Mammalia,Physeteridae,Kogia sima,Dwarf Sperm Whale,Appendix II – Trade regulated
6532,Marshall Islands,MH,MHL,Native,Mammalia,Physeteridae,Kogia sima,Dwarf Sperm Whale,Appendix II – Trade regulated
6532,Mauritania,MR,MRT,Native,Mammalia,Physeteridae,Kogia sima,Dwarf Sperm Whale,Appendix II – Trade regulated
6532,Mauritius,MU,MUS,Native,Mammalia,Physeteridae,Kogia sima,Dwarf Sperm Whale,Appendix II – Trade regulated
6532,Mexico,MX,MEX,Native,Mammalia,Physeteridae,Kogia sima,Dwarf Sperm Whale,Appendix II – Trade regulated
6532,Micronesia (Federated States of),,,Native,Mammalia,Physeteridae,Kogia sima,Dwarf Sperm Whale,Appendix II – Trade regulated
6532,Morocco,MA,MAR,Native,Mammalia,Physeteridae,Kogia sima,Dwarf Sperm Whale,Appendix II – Trade regulated
6532,Mozambique,MZ,MOZ,Native,Mammalia,Physeteridae,Kogia sima,Dwarf Sperm Whale,Appendix II – Trade regulated
6532,Myanmar,MM,MMR,Native,Mammalia,Physeteridae,Kogia sima,Dwarf Sperm Whale,Appendix II – Trade regulated
6532,Namibia,NA,NAM,Native,Mammalia,Physeteridae,Kogia sima,Dwarf Sperm Whale,Appendix II – Trade regulated
6532,Nauru,NR,NRU,Native,Mammalia,Physeteridae,Kogia sima,Dwarf Sperm Whale,Appendix II – Trade regulated
6532,Netherlands Antilles,,,Native,Mammalia,Physeteridae,Kogia sima,Dwarf Sperm Whale,Appendix II – Trade regulated
6532,New Caledonia,NC,NCL,Native,Mammalia,Physeteridae,Kogia sima,Dwarf Sperm Whale,Appendix II – Trade regulated
6532,New Zealand,NZ,NZL,Native,Mammalia,Physeteridae,Kogia sima,Dwarf Sperm Whale,Appendix II – Trade regulated
6532,Nicaragua,NI,NIC,Native,Mammalia,Physeteridae,Kogia sima,Dwarf Sperm Whale,Appendix II – Trade regulated
6532,Nigeria,NG,NGA,Native,Mammalia,Physeteridae,Kogia sima,Dwarf Sperm Whale,Appendix II – Trade regulated
6532,Northern Mariana Islands,MP,MNP,Native,Mammalia,Physeteridae,Kogia sima,Dwarf Sperm Whale,Appendix II – Trade regulated
6532,Oman,OM,OMN,Native,Mammalia,Physeteridae,Kogia sima,Dwarf Sperm Whale,Appendix II – Trade regulated
6532,Pakistan,PK,PAK,Native,Mammalia,Physeteridae,Kogia sima,Dwarf Sperm Whale,Appendix II – Trade regulated
6532,Palau,PW,PLW,Native,Mammalia,Physeteridae,Kogia sima,Dwarf Sperm Whale,Appendix II – Trade regulated
6532,Panama,PA,PAN,Native,Mammalia,Physeteridae,Kogia sima,Dwarf Sperm Whale,Appendix II – Trade regulated
6532,Papua New Guinea,PG,PNG,Native,Mammalia,Physeteridae,Kogia sima,Dwarf Sperm Whale,Appendix II – Trade regulated
6532,Peru,PE,PER,Native,Mammalia,Physeteridae,Kogia sima,Dwarf Sperm Whale,Appendix II – Trade regulated
6532,Philippines,PH,PHL,Native,Mammalia,Physeteridae,Kogia sima,Dwarf Sperm Whale,Appendix II – Trade regulated
6532,Portugal,PT,PRT,Native,Mammalia,Physeteridae,Kogia sima,Dwarf Sperm Whale,Appendix II – Trade regulated
6532,Puerto Rico,PR,PRI,Native,Mammalia,Physeteridae,Kogia sima,Dwarf Sperm Whale,Appendix II – Trade regulated
6532,Republic of Korea,,,Native,Mammalia,Physeteridae,Kogia sima,Dwarf Sperm Whale,Appendix II – Trade regulated
6532,Saint Vincent and the Grenadines,VC,VCT,Native,Mammalia,Physeteridae,Kogia sima,Dwarf Sperm Whale,Appendix II – Trade regulated
6532,Senegal,SN,SEN,Native,Mammalia,Physeteridae,Kogia sima,Dwarf Sperm Whale,Appendix II – Trade regulated
6532,Seychelles,SC,SYC,Native,Mammalia,Physeteridae,Kogia sima,Dwarf Sperm Whale,Appendix II – Trade regulated
6532,Sierra Leone,SL,SLE,Native,Mammalia,Physeteridae,Kogia sima,Dwarf Sperm Whale,Appendix II – Trade regulated
6532,Singapore,SG,SGP,Native,Mammalia,Physeteridae,Kogia sima,Dwarf Sperm Whale,Appendix II – Trade regulated
6532,Solomon Islands,SB,SLB,Native,Mammalia,Physeteridae,Kogia sima,Dwarf Sperm Whale,Appendix II – Trade regulated
6532,Somalia,SO,SOM,Native,Mammalia,Physeteridae,Kogia sima,Dwarf Sperm Whale,Appendix II – Trade regulated
6532,South Africa,ZA,ZAF,Native,Mammalia,Physeteridae,Kogia sima,Dwarf Sperm Whale,Appendix II – Trade regulated
6532,Sri Lanka,LK,LKA,Native,Mammalia,Physeteridae,Kogia sima,Dwarf Sperm Whale,Appendix II – Trade regulated
6532,Suriname,SR,SUR,Native,Mammalia,Physeteridae,Kogia sima,Dwarf Sperm Whale,Appendix II – Trade regulated
6532,Taiwan,CN-TW,TWN,Native,Mammalia,Physeteridae,Kogia sima,Dwarf Sperm Whale,Appendix II – Trade regulated
6532,Province of China,,,Native,Mammalia,Physeteridae,Kogia sima,Dwarf Sperm Whale,Appendix II – Trade regulated
6532,Thailand,TH,THA,Native,Mammalia,Physeteridae,Kogia sima,Dwarf Sperm Whale,Appendix II – Trade regulated
6532,Togo,TG,TGO,Native,Mammalia,Physeteridae,Kogia sima,Dwarf Sperm Whale,Appendix II – Trade regulated
6532,Tonga,TO,TON,Native,Mammalia,Physeteridae,Kogia sima,Dwarf Sperm Whale,Appendix II – Trade regulated
6532,Trinidad and Tobago,TT,TTO,Native,Mammalia,Physeteridae,Kogia sima,Dwarf Sperm Whale,Appendix II – Trade regulated
6532,Tuvalu,TV,TUV,Native,Mammalia,Physeteridae,Kogia sima,Dwarf Sperm Whale,Appendix II – Trade regulated
6532,United Republic of Tanzania,TZ,TZA,Native,Mammalia,Physeteridae,Kogia sima,Dwarf Sperm Whale,Appendix II – Trade regulated
6532,United States of America,US,USA,Native,Mammalia,Physeteridae,Kogia sima,Dwarf Sperm Whale,Appendix II – Trade regulated
6532,Vanuatu,VU,VUT,Native,Mammalia,Physeteridae,Kogia sima,Dwarf Sperm Whale,Appendix II – Trade regulated
6532,Venezuela (Bolivarian Republic of),,,Native,Mammalia,Physeteridae,Kogia sima,Dwarf Sperm Whale,Appendix II – Trade regulated
6532,Viet Nam,,,Native,Mammalia,Physeteridae,Kogia sima,Dwarf Sperm Whale,Appendix II – Trade regulated
6532,Western Sahara,EH,ESH,Native,Mammalia,Physeteridae,Kogia sima,Dwarf Sperm Whale,Appendix II – Trade regulated
6532,Yemen,YE,YEM,Native,Mammalia,Physeteridae,Kogia sima,Dwarf Sperm Whale,Appendix II – Trade regulated
10761,American Samoa,AS,ASM,Native,Mammalia,Physeteridae,Physeter macrocephalus,Sperm Whale,Appendix I – Species threatened with extinction
10761,Angola,AO,AGO,Native,Mammalia,Physeteridae,Physeter macrocephalus,Sperm Whale,Appendix I – Species threatened with extinction
10761,Anguilla (United Kingdom),,,Native,Mammalia,Physeteridae,Physeter macrocephalus,Sperm Whale,Appendix I – Species threatened with extinction
10761,Antarctica,AQ,ATA,Native,Mammalia,Physeteridae,Physeter macrocephalus,Sperm Whale,Appendix I – Species threatened with extinction
10761,Argentina,AR,ARG,Native,Mammalia,Physeteridae,Physeter macrocephalus,Sperm Whale,Appendix I – Species threatened with extinction
10761,Australia,AU,AUS,Native,Mammalia,Physeteridae,Physeter macrocephalus,Sperm Whale,Appendix I – Species threatened with extinction
10761,Bahamas,,,Native,Mammalia,Physeteridae,Physeter macrocephalus,Sperm Whale,Appendix I – Species threatened with extinction
10761,Belgium,BE,BEL,Native,Mammalia,Physeteridae,Physeter macrocephalus,Sperm Whale,Appendix I – Species threatened with extinction
10761,Belize,BZ,BLZ,Native,Mammalia,Physeteridae,Physeter macrocephalus,Sperm Whale,Appendix I – Species threatened with extinction
10761,Bermuda (United Kingdom),,,Native,Mammalia,Physeteridae,Physeter macrocephalus,Sperm Whale,Appendix I – Species threatened with extinction
10761,Brazil,BR,BRA,Native,Mammalia,Physeteridae,Physeter macrocephalus,Sperm Whale,Appendix I – Species threatened with extinction
10761,Cabo Verde,CV,CPV,Native,Mammalia,Physeteridae,Physeter macrocephalus,Sperm Whale,Appendix I – Species threatened with extinction
10761,Canada,CA,CAN,Native,Mammalia,Physeteridae,Physeter macrocephalus,Sperm Whale,Appendix I – Species threatened with extinction
10761,Cayman Islands (United Kingdom),,,Native,Mammalia,Physeteridae,Physeter macrocephalus,Sperm Whale,Appendix I – Species threatened with extinction
10761,Chile,CL,CHL,Native,Mammalia,Physeteridae,Physeter macrocephalus,Sperm Whale,Appendix I – Species threatened with extinction
10761,China,CN,CHN,Native,Mammalia,Physeteridae,Physeter macrocephalus,Sperm Whale,Appendix I – Species threatened with extinction
10761,Colombia,CO,COL,Native,Mammalia,Physeteridae,Physeter macrocephalus,Sperm Whale,Appendix I – Species threatened with extinction
10761,Comoros,KM,COM,Native,Mammalia,Physeteridae,Physeter macrocephalus,Sperm Whale,Appendix I – Species threatened with extinction
10761,Congo,,,Native,Mammalia,Physeteridae,Physeter macrocephalus,Sperm Whale,Appendix I – Species threatened with extinction
10761,Costa Rica,CR,CRI,Native,Mammalia,Physeteridae,Physeter macrocephalus,Sperm Whale,Appendix I – Species threatened with extinction
10761,C√¥te d'Ivoire,,,Native,Mammalia,Physeteridae,Physeter macrocephalus,Sperm Whale,Appendix I – Species threatened with extinction
10761,Democratic People's Republic of Korea,,,Native,Mammalia,Physeteridae,Physeter macrocephalus,Sperm Whale,Appendix I – Species threatened with extinction
10761,Democratic Republic of the Congo,CD,COD,Native,Mammalia,Physeteridae,Physeter macrocephalus,Sperm Whale,Appendix I – Species threatened with extinction
10761,Denmark,DK,DNK,Native,Mammalia,Physeteridae,Physeter macrocephalus,Sperm Whale,Appendix I – Species threatened with extinction
10761,Djibouti,DJ,DJI,Native,Mammalia,Physeteridae,Physeter macrocephalus,Sperm Whale,Appendix I – Species threatened with extinction
10761,Dominica,DM,DMA,Native,Mammalia,Physeteridae,Physeter macrocephalus,Sperm Whale,Appendix I – Species threatened with extinction
10761,Dominican Republic,DO,DOM,Native,Mammalia,Physeteridae,Physeter macrocephalus,Sperm Whale,Appendix I – Species threatened with extinction
10761,Ecuador,EC,ECU,Native,Mammalia,Physeteridae,Physeter macrocephalus,Sperm Whale,Appendix I – Species threatened with extinction
10761,Equatorial Guinea,GQ,GNQ,Native,Mammalia,Physeteridae,Physeter macrocephalus,Sperm Whale,Appendix I – Species threatened with extinction
10761,Eritrea,ER,ERI,Native,Mammalia,Physeteridae,Physeter macrocephalus,Sperm Whale,Appendix I – Species threatened with extinction
10761,Falkland Islands (Malvinas),,,Native,Mammalia,Physeteridae,Physeter macrocephalus,Sperm Whale,Appendix I – Species threatened with extinction
10761,Fiji,FJ,FJI,Native,Mammalia,Physeteridae,Physeter macrocephalus,Sperm Whale,Appendix I – Species threatened with extinction
10761,French Polynesia,PF,PYF,Native,Mammalia,Physeteridae,Physeter macrocephalus,Sperm Whale,Appendix I – Species threatened with extinction
10761,French Southern and Antarctic Territories,,,Native,Mammalia,Physeteridae,Physeter macrocephalus,Sperm Whale,Appendix I – Species threatened with extinction
10761,Gabon,GA,GAB,Native,Mammalia,Physeteridae,Physeter macrocephalus,Sperm Whale,Appendix I – Species threatened with extinction
10761,Germany,DE,DEU,Native,Mammalia,Physeteridae,Physeter macrocephalus,Sperm Whale,Appendix I – Species threatened with extinction
10761,Ghana,GH,GHA,Native,Mammalia,Physeteridae,Physeter macrocephalus,Sperm Whale,Appendix I – Species threatened with extinction
10761,Gibraltar (United Kingdom),,,Native,Mammalia,Physeteridae,Physeter macrocephalus,Sperm Whale,Appendix I – Species threatened with extinction
10761,Greece,GR,GRC,Native,Mammalia,Physeteridae,Physeter macrocephalus,Sperm Whale,Appendix I – Species threatened with extinction
10761,Greenland,GL,GRL,Native,Mammalia,Physeteridae,Physeter macrocephalus,Sperm Whale,Appendix I – Species threatened with extinction
10761,Grenada,GD,GRD,Native,Mammalia,Physeteridae,Physeter macrocephalus,Sperm Whale,Appendix I – Species threatened with extinction
10761,Honduras,HN,HND,Native,Mammalia,Physeteridae,Physeter macrocephalus,Sperm Whale,Appendix I – Species threatened with extinction
10761,Iceland,IS,ISL,Native,Mammalia,Physeteridae,Physeter macrocephalus,Sperm Whale,Appendix I – Species threatened with extinction
10761,India,IN,IND,Native,Mammalia,Physeteridae,Physeter macrocephalus,Sperm Whale,Appendix I – Species threatened with extinction
10761,Indonesia,ID,IDN,Native,Mammalia,Physeteridae,Physeter macrocephalus,Sperm Whale,Appendix I – Species threatened with extinction
10761,Ireland,IE,IRL,Native,Mammalia,Physeteridae,Physeter macrocephalus,Sperm Whale,Appendix I – Species threatened with extinction
10761,Italy,IT,ITA,Native,Mammalia,Physeteridae,Physeter macrocephalus,Sperm Whale,Appendix I – Species threatened with extinction
10761,Japan,JP,JPN,Native,Mammalia,Physeteridae,Physeter macrocephalus,Sperm Whale,Appendix I – Species threatened with extinction
10761,Kenya,KE,KEN,Native,Mammalia,Physeteridae,Physeter macrocephalus,Sperm Whale,Appendix I – Species threatened with extinction
10761,Liberia,LR,LBR,Native,Mammalia,Physeteridae,Physeter macrocephalus,Sperm Whale,Appendix I – Species threatened with extinction
10761,Malaysia,MY,MYS,Native,Mammalia,Physeteridae,Physeter macrocephalus,Sperm Whale,Appendix I – Species threatened with extinction
10761,Maldives,MV,MDV,Native,Mammalia,Physeteridae,Physeter macrocephalus,Sperm Whale,Appendix I – Species threatened with extinction
10761,Malta,MT,MLT,Native,Mammalia,Physeteridae,Physeter macrocephalus,Sperm Whale,Appendix I – Species threatened with extinction
10761,Mauritania,MR,MRT,Native,Mammalia,Physeteridae,Physeter macrocephalus,Sperm Whale,Appendix I – Species threatened with extinction
10761,Mauritius,MU,MUS,Native,Mammalia,Physeteridae,Physeter macrocephalus,Sperm Whale,Appendix I – Species threatened with extinction
10761,Mexico,MX,MEX,Native,Mammalia,Physeteridae,Physeter macrocephalus,Sperm Whale,Appendix I – Species threatened with extinction
10761,Morocco,MA,MAR,Native,Mammalia,Physeteridae,Physeter macrocephalus,Sperm Whale,Appendix I – Species threatened with extinction
10761,Mozambique,MZ,MOZ,Native,Mammalia,Physeteridae,Physeter macrocephalus,Sperm Whale,Appendix I – Species threatened with extinction
10761,Myanmar,MM,MMR,Native,Mammalia,Physeteridae,Physeter macrocephalus,Sperm Whale,Appendix I – Species threatened with extinction
10761,Namibia,NA,NAM,Native,Mammalia,Physeteridae,Physeter macrocephalus,Sperm Whale,Appendix I – Species threatened with extinction
10761,Netherlands,NL,NLD,Native,Mammalia,Physeteridae,Physeter macrocephalus,Sperm Whale,Appendix I – Species threatened with extinction
10761,Netherlands Antilles,,,Native,Mammalia,Physeteridae,Physeter macrocephalus,Sperm Whale,Appendix I – Species threatened with extinction
10761,New Caledonia,NC,NCL,Native,Mammalia,Physeteridae,Physeter macrocephalus,Sperm Whale,Appendix I – Species threatened with extinction
10761,New Zealand,NZ,NZL,Native,Mammalia,Physeteridae,Physeter macrocephalus,Sperm Whale,Appendix I – Species threatened with extinction
10761,Norway,-99,-99,Native,Mammalia,Physeteridae,Physeter macrocephalus,Sperm Whale,Appendix I – Species threatened with extinction
10761,Oman,OM,OMN,Native,Mammalia,Physeteridae,Physeter macrocephalus,Sperm Whale,Appendix I – Species threatened with extinction
10761,Panama,PA,PAN,Native,Mammalia,Physeteridae,Physeter macrocephalus,Sperm Whale,Appendix I – Species threatened with extinction
10761,Peru,PE,PER,Native,Mammalia,Physeteridae,Physeter macrocephalus,Sperm Whale,Appendix I – Species threatened with extinction
10761,Philippines,PH,PHL,Native,Mammalia,Physeteridae,Physeter macrocephalus,Sperm Whale,Appendix I – Species threatened with extinction
10761,Portugal,PT,PRT,Native,Mammalia,Physeteridae,Physeter macrocephalus,Sperm Whale,Appendix I – Species threatened with extinction
10761,Puerto Rico,PR,PRI,Native,Mammalia,Physeteridae,Physeter macrocephalus,Sperm Whale,Appendix I – Species threatened with extinction
10761,Republic of Korea,,,Native,Mammalia,Physeteridae,Physeter macrocephalus,Sperm Whale,Appendix I – Species threatened with extinction
10761,Russian Federation,,,Native,Mammalia,Physeteridae,Physeter macrocephalus,Sperm Whale,Appendix I – Species threatened with extinction
10761,Saint Helena and Dependencies (United Kingdom),,,Native,Mammalia,Physeteridae,Physeter macrocephalus,Sperm Whale,Appendix I – Species threatened with extinction
10761,Sao Tome and Principe,,,Native,Mammalia,Physeteridae,Physeter macrocephalus,Sperm Whale,Appendix I – Species threatened with extinction
10761,Seychelles,SC,SYC,Native,Mammalia,Physeteridae,Physeter macrocephalus,Sperm Whale,Appendix I – Species threatened with extinction
10761,Solomon Islands,SB,SLB,Native,Mammalia,Physeteridae,Physeter macrocephalus,Sperm Whale,Appendix I – Species threatened with extinction
10761,Somalia,SO,SOM,Native,Mammalia,Physeteridae,Physeter macrocephalus,Sperm Whale,Appendix I – Species threatened with extinction
10761,South Africa,ZA,ZAF,Native,Mammalia,Physeteridae,Physeter macrocephalus,Sperm Whale,Appendix I – Species threatened with extinction
10761,Spain,ES,ESP,Native,Mammalia,Physeteridae,Physeter macrocephalus,Sperm Whale,Appendix I – Species threatened with extinction
10761,Sri Lanka,LK,LKA,Native,Mammalia,Physeteridae,Physeter macrocephalus,Sperm Whale,Appendix I – Species threatened with extinction
10761,Suriname,SR,SUR,Native,Mammalia,Physeteridae,Physeter macrocephalus,Sperm Whale,Appendix I – Species threatened with extinction
10761,Thailand,TH,THA,Native,Mammalia,Physeteridae,Physeter macrocephalus,Sperm Whale,Appendix I – Species threatened with extinction
10761,United Arab Emirates,AE,ARE,Native,Mammalia,Physeteridae,Physeter macrocephalus,Sperm Whale,Appendix I – Species threatened with extinction
10761,United Kingdom of Great Britain and Northern Ireland,,,Native,Mammalia,Physeteridae,Physeter macrocephalus,Sperm Whale,Appendix I – Species threatened with extinction
10761,United Republic of Tanzania,TZ,TZA,Native,Mammalia,Physeteridae,Physeter macrocephalus,Sperm Whale,Appendix I – Species threatened with extinction
10761,United States of America,US,USA,Native,Mammalia,Physeteridae,Physeter macrocephalus,Sperm Whale,Appendix I – Species threatened with extinction
10761,Uruguay,UY,URY,Native,Mammalia,Physeteridae,Physeter macrocephalus,Sperm Whale,Appendix I – Species threatened with extinction
10761,Venezuela (Bolivarian Republic of),,,Native,Mammalia,Physeteridae,Physeter macrocephalus,Sperm Whale,Appendix I – Species threatened with extinction
10761,Yemen,YE,YEM,Native,Mammalia,Physeteridae,Physeter macrocephalus,Sperm Whale,Appendix I – Species threatened with extinction
7010,Bangladesh,BD,BGD,Native,Mammalia,Platanistidae,Platanista gangetica,South Asian River Dolphin (Ganges and Indus),Appendix I – Species threatened with extinction
7010,India,IN,IND,Native,Mammalia,Platanistidae,Platanista gangetica,South Asian River Dolphin (Ganges and Indus),Appendix I – Species threatened with extinction
7010,Nepal,NP,NPL,Native,Mammalia,Platanistidae,Platanista gangetica,South Asian River Dolphin (Ganges and Indus),Appendix I – Species threatened with extinction
7840,Antarctica,AQ,ATA,Native,Mammalia,Ziphiidae,Berardius arnuxii,Arnoux's Beaked Whale,Appendix I – Species threatened with extinction
7840,Argentina,AR,ARG,Native,Mammalia,Ziphiidae,Berardius arnuxii,Arnoux's Beaked Whale,Appendix I – Species threatened with extinction
7840,Australia,AU,AUS,Native,Mammalia,Ziphiidae,Berardius arnuxii,Arnoux's Beaked Whale,Appendix I – Species threatened with extinction
7840,Brazil,BR,BRA,Native,Mammalia,Ziphiidae,Berardius arnuxii,Arnoux's Beaked Whale,Appendix I – Species threatened with extinction
7840,Chile,CL,CHL,Native,Mammalia,Ziphiidae,Berardius arnuxii,Arnoux's Beaked Whale,Appendix I – Species threatened with extinction
7840,Falkland Islands (Malvinas),,,Native,Mammalia,Ziphiidae,Berardius arnuxii,Arnoux's Beaked Whale,Appendix I – Species threatened with extinction
7840,New Zealand,NZ,NZL,Native,Mammalia,Ziphiidae,Berardius arnuxii,Arnoux's Beaked Whale,Appendix I – Species threatened with extinction
7840,South Africa,ZA,ZAF,Native,Mammalia,Ziphiidae,Berardius arnuxii,Arnoux's Beaked Whale,Appendix I – Species threatened with extinction
9048,Canada,CA,CAN,Native,Mammalia,Ziphiidae,Berardius bairdii,Baird's Beaked Whale,Appendix I – Species threatened with extinction
9048,Democratic People's Republic of Korea,,,Native,Mammalia,Ziphiidae,Berardius bairdii,Baird's Beaked Whale,Appendix I – Species threatened with extinction
9048,Japan,JP,JPN,Native,Mammalia,Ziphiidae,Berardius bairdii,Baird's Beaked Whale,Appendix I – Species threatened with extinction
9048,Mexico,MX,MEX,Native,Mammalia,Ziphiidae,Berardius bairdii,Baird's Beaked Whale,Appendix I – Species threatened with extinction
9048,Republic of Korea,,,Native,Mammalia,Ziphiidae,Berardius bairdii,Baird's Beaked Whale,Appendix I – Species threatened with extinction
9048,Russian Federation,,,Native,Mammalia,Ziphiidae,Berardius bairdii,Baird's Beaked Whale,Appendix I – Species threatened with extinction
9048,United States of America,US,USA,Native,Mammalia,Ziphiidae,Berardius bairdii,Baird's Beaked Whale,Appendix I – Species threatened with extinction
4979,Belgium,BE,BEL,Native,Mammalia,Ziphiidae,Hyperoodon ampullatus,Northern Bottlenose Whale,Appendix I – Species threatened with extinction
4979,Canada,CA,CAN,Native,Mammalia,Ziphiidae,Hyperoodon ampullatus,Northern Bottlenose Whale,Appendix I – Species threatened with extinction
4979,Denmark,DK,DNK,Native,Mammalia,Ziphiidae,Hyperoodon ampullatus,Northern Bottlenose Whale,Appendix I – Species threatened with extinction
4979,Faroe Islands,FO,FRO,Native,Mammalia,Ziphiidae,Hyperoodon ampullatus,Northern Bottlenose Whale,Appendix I – Species threatened with extinction
4979,France,-99,-99,Native,Mammalia,Ziphiidae,Hyperoodon ampullatus,Northern Bottlenose Whale,Appendix I – Species threatened with extinction
4979,Germany,DE,DEU,Native,Mammalia,Ziphiidae,Hyperoodon ampullatus,Northern Bottlenose Whale,Appendix I – Species threatened with extinction
4979,Greenland,GL,GRL,Native,Mammalia,Ziphiidae,Hyperoodon ampullatus,Northern Bottlenose Whale,Appendix I – Species threatened with extinction
4979,Iceland,IS,ISL,Native,Mammalia,Ziphiidae,Hyperoodon ampullatus,Northern Bottlenose Whale,Appendix I – Species threatened with extinction
4979,Ireland,IE,IRL,Native,Mammalia,Ziphiidae,Hyperoodon ampullatus,Northern Bottlenose Whale,Appendix I – Species threatened with extinction
4979,Netherlands,NL,NLD,Native,Mammalia,Ziphiidae,Hyperoodon ampullatus,Northern Bottlenose Whale,Appendix I – Species threatened with extinction
4979,Norway,-99,-99,Native,Mammalia,Ziphiidae,Hyperoodon ampullatus,Northern Bottlenose Whale,Appendix I – Species threatened with extinction
4979,Portugal,PT,PRT,Native,Mammalia,Ziphiidae,Hyperoodon ampullatus,Northern Bottlenose Whale,Appendix I – Species threatened with extinction
4979,Svalbard and Jan Mayen Islands,,,Native,Mammalia,Ziphiidae,Hyperoodon ampullatus,Northern Bottlenose Whale,Appendix I – Species threatened with extinction
4979,Sweden,SE,SWE,Native,Mammalia,Ziphiidae,Hyperoodon ampullatus,Northern Bottlenose Whale,Appendix I – Species threatened with extinction
4979,United Kingdom of Great Britain and Northern Ireland,,,Native,Mammalia,Ziphiidae,Hyperoodon ampullatus,Northern Bottlenose Whale,Appendix I – Species threatened with extinction
4979,United States of America,US,USA,Native,Mammalia,Ziphiidae,Hyperoodon ampullatus,Northern Bottlenose Whale,Appendix I – Species threatened with extinction
3957,Argentina,AR,ARG,Native,Mammalia,Ziphiidae,Hyperoodon planifrons,Southern Bottlenose Whale,Appendix I – Species threatened with extinction
3957,Australia,AU,AUS,Native,Mammalia,Ziphiidae,Hyperoodon planifrons,Southern Bottlenose Whale,Appendix I – Species threatened with extinction
3957,Brazil,BR,BRA,Native,Mammalia,Ziphiidae,Hyperoodon planifrons,Southern Bottlenose Whale,Appendix I – Species threatened with extinction
3957,Chile,CL,CHL,Native,Mammalia,Ziphiidae,Hyperoodon planifrons,Southern Bottlenose Whale,Appendix I – Species threatened with extinction
3957,Falkland Islands (Malvinas),,,Native,Mammalia,Ziphiidae,Hyperoodon planifrons,Southern Bottlenose Whale,Appendix I – Species threatened with extinction
3957,French Southern and Antarctic Territories,,,Native,Mammalia,Ziphiidae,Hyperoodon planifrons,Southern Bottlenose Whale,Appendix I – Species threatened with extinction
3957,Mexico,MX,MEX,Native,Mammalia,Ziphiidae,Hyperoodon planifrons,Southern Bottlenose Whale,Appendix I – Species threatened with extinction
3957,Namibia,NA,NAM,Native,Mammalia,Ziphiidae,Hyperoodon planifrons,Southern Bottlenose Whale,Appendix I – Species threatened with extinction
3957,New Zealand,NZ,NZL,Native,Mammalia,Ziphiidae,Hyperoodon planifrons,Southern Bottlenose Whale,Appendix I – Species threatened with extinction
3957,South Africa,ZA,ZAF,Native,Mammalia,Ziphiidae,Hyperoodon planifrons,Southern Bottlenose Whale,Appendix I – Species threatened with extinction
3957,Sri Lanka,LK,LKA,Native,Mammalia,Ziphiidae,Hyperoodon planifrons,Southern Bottlenose Whale,Appendix I – Species threatened with extinction
3957,Uruguay,UY,URY,Native,Mammalia,Ziphiidae,Hyperoodon planifrons,Southern Bottlenose Whale,Appendix I – Species threatened with extinction
9126,Australia,AU,AUS,Native,Mammalia,Ziphiidae,Indopacetus pacificus,Tropical Bottlenose Whale (Longman's Beaked Whale),Appendix II – Trade regulated
9126,Comoros,KM,COM,Native,Mammalia,Ziphiidae,Indopacetus pacificus,Tropical Bottlenose Whale (Longman's Beaked Whale),Appendix II – Trade regulated
9126,Japan,JP,JPN,Native,Mammalia,Ziphiidae,Indopacetus pacificus,Tropical Bottlenose Whale (Longman's Beaked Whale),Appendix II – Trade regulated
9126,Kenya,KE,KEN,Native,Mammalia,Ziphiidae,Indopacetus pacificus,Tropical Bottlenose Whale (Longman's Beaked Whale),Appendix II – Trade regulated
9126,Malaysia,MY,MYS,Native,Mammalia,Ziphiidae,Indopacetus pacificus,Tropical Bottlenose Whale (Longman's Beaked Whale),Appendix II – Trade regulated
9126,Maldives,MV,MDV,Native,Mammalia,Ziphiidae,Indopacetus pacificus,Tropical Bottlenose Whale (Longman's Beaked Whale),Appendix II – Trade regulated
9126,Mayotte,,,Native,Mammalia,Ziphiidae,Indopacetus pacificus,Tropical Bottlenose Whale (Longman's Beaked Whale),Appendix II – Trade regulated
9126,Philippines,PH,PHL,Native,Mammalia,Ziphiidae,Indopacetus pacificus,Tropical Bottlenose Whale (Longman's Beaked Whale),Appendix II – Trade regulated
9126,Somalia,SO,SOM,Native,Mammalia,Ziphiidae,Indopacetus pacificus,Tropical Bottlenose Whale (Longman's Beaked Whale),Appendix II – Trade regulated
9126,South Africa,ZA,ZAF,Native,Mammalia,Ziphiidae,Indopacetus pacificus,Tropical Bottlenose Whale (Longman's Beaked Whale),Appendix II – Trade regulated
9126,Sri Lanka,LK,LKA,Native,Mammalia,Ziphiidae,Indopacetus pacificus,Tropical Bottlenose Whale (Longman's Beaked Whale),Appendix II – Trade regulated
6238,Belgium,BE,BEL,Native,Mammalia,Ziphiidae,Mesoplodon bidens,Sowerby's Beaked Whale,Appendix II – Trade regulated
6238,Canada,CA,CAN,Native,Mammalia,Ziphiidae,Mesoplodon bidens,Sowerby's Beaked Whale,Appendix II – Trade regulated
6238,Denmark,DK,DNK,Native,Mammalia,Ziphiidae,Mesoplodon bidens,Sowerby's Beaked Whale,Appendix II – Trade regulated
6238,France,-99,-99,Native,Mammalia,Ziphiidae,Mesoplodon bidens,Sowerby's Beaked Whale,Appendix II – Trade regulated
6238,Germany,DE,DEU,Native,Mammalia,Ziphiidae,Mesoplodon bidens,Sowerby's Beaked Whale,Appendix II – Trade regulated
6238,Iceland,IS,ISL,Native,Mammalia,Ziphiidae,Mesoplodon bidens,Sowerby's Beaked Whale,Appendix II – Trade regulated
6238,Ireland,IE,IRL,Native,Mammalia,Ziphiidae,Mesoplodon bidens,Sowerby's Beaked Whale,Appendix II – Trade regulated
6238,Italy,IT,ITA,Native,Mammalia,Ziphiidae,Mesoplodon bidens,Sowerby's Beaked Whale,Appendix II – Trade regulated
6238,Mauritania,MR,MRT,Native,Mammalia,Ziphiidae,Mesoplodon bidens,Sowerby's Beaked Whale,Appendix II – Trade regulated
6238,Netherlands,NL,NLD,Native,Mammalia,Ziphiidae,Mesoplodon bidens,Sowerby's Beaked Whale,Appendix II – Trade regulated
6238,Norway,-99,-99,Native,Mammalia,Ziphiidae,Mesoplodon bidens,Sowerby's Beaked Whale,Appendix II – Trade regulated
6238,Poland,PL,POL,Native,Mammalia,Ziphiidae,Mesoplodon bidens,Sowerby's Beaked Whale,Appendix II – Trade regulated
6238,Portugal,PT,PRT,Native,Mammalia,Ziphiidae,Mesoplodon bidens,Sowerby's Beaked Whale,Appendix II – Trade regulated
6238,Sweden,SE,SWE,Native,Mammalia,Ziphiidae,Mesoplodon bidens,Sowerby's Beaked Whale,Appendix II – Trade regulated
6238,United Kingdom of Great Britain and Northern Ireland,,,Native,Mammalia,Ziphiidae,Mesoplodon bidens,Sowerby's Beaked Whale,Appendix II – Trade regulated
6238,United States of America,US,USA,Native,Mammalia,Ziphiidae,Mesoplodon bidens,Sowerby's Beaked Whale,Appendix II – Trade regulated
7528,Argentina,AR,ARG,Native,Mammalia,Ziphiidae,Mesoplodon bowdoini,Andrews' Beaked Whale,Appendix II – Trade regulated
7528,Australia,AU,AUS,Native,Mammalia,Ziphiidae,Mesoplodon bowdoini,Andrews' Beaked Whale,Appendix II – Trade regulated
7528,Falkland Islands (Malvinas),,,Native,Mammalia,Ziphiidae,Mesoplodon bowdoini,Andrews' Beaked Whale,Appendix II – Trade regulated
7528,New Zealand,NZ,NZL,Native,Mammalia,Ziphiidae,Mesoplodon bowdoini,Andrews' Beaked Whale,Appendix II – Trade regulated
7528,Uruguay,UY,URY,Native,Mammalia,Ziphiidae,Mesoplodon bowdoini,Andrews' Beaked Whale,Appendix II – Trade regulated
10363,Canada,CA,CAN,Native,Mammalia,Ziphiidae,Mesoplodon carlhubbsi,Hubb's Beaked Whale,Appendix II – Trade regulated
10363,Japan,JP,JPN,Native,Mammalia,Ziphiidae,Mesoplodon carlhubbsi,Hubb's Beaked Whale,Appendix II – Trade regulated
10363,Mexico,MX,MEX,Native,Mammalia,Ziphiidae,Mesoplodon carlhubbsi,Hubb's Beaked Whale,Appendix II – Trade regulated
10363,United States of America,US,USA,Native,Mammalia,Ziphiidae,Mesoplodon carlhubbsi,Hubb's Beaked Whale,Appendix II – Trade regulated
10436,Australia,AU,AUS,Native,Mammalia,Ziphiidae,Mesoplodon densirostris,Blainville's Beaked Whale,Appendix II – Trade regulated
10436,Bahamas,,,Native,Mammalia,Ziphiidae,Mesoplodon densirostris,Blainville's Beaked Whale,Appendix II – Trade regulated
10436,Brazil,BR,BRA,Native,Mammalia,Ziphiidae,Mesoplodon densirostris,Blainville's Beaked Whale,Appendix II – Trade regulated
10436,Cayman Islands (United Kingdom),,,Native,Mammalia,Ziphiidae,Mesoplodon densirostris,Blainville's Beaked Whale,Appendix II – Trade regulated
10436,Chile,CL,CHL,Native,Mammalia,Ziphiidae,Mesoplodon densirostris,Blainville's Beaked Whale,Appendix II – Trade regulated
10436,China,CN,CHN,Native,Mammalia,Ziphiidae,Mesoplodon densirostris,Blainville's Beaked Whale,Appendix II – Trade regulated
10436,Colombia,CO,COL,Native,Mammalia,Ziphiidae,Mesoplodon densirostris,Blainville's Beaked Whale,Appendix II – Trade regulated
10436,Comoros,KM,COM,Native,Mammalia,Ziphiidae,Mesoplodon densirostris,Blainville's Beaked Whale,Appendix II – Trade regulated
10436,Costa Rica,CR,CRI,Native,Mammalia,Ziphiidae,Mesoplodon densirostris,Blainville's Beaked Whale,Appendix II – Trade regulated
10436,Ecuador,EC,ECU,Native,Mammalia,Ziphiidae,Mesoplodon densirostris,Blainville's Beaked Whale,Appendix II – Trade regulated
10436,French Polynesia,PF,PYF,Native,Mammalia,Ziphiidae,Mesoplodon densirostris,Blainville's Beaked Whale,Appendix II – Trade regulated
10436,Honduras,HN,HND,Native,Mammalia,Ziphiidae,Mesoplodon densirostris,Blainville's Beaked Whale,Appendix II – Trade regulated
10436,India,IN,IND,Native,Mammalia,Ziphiidae,Mesoplodon densirostris,Blainville's Beaked Whale,Appendix II – Trade regulated
10436,Japan,JP,JPN,Native,Mammalia,Ziphiidae,Mesoplodon densirostris,Blainville's Beaked Whale,Appendix II – Trade regulated
10436,Maldives,MV,MDV,Native,Mammalia,Ziphiidae,Mesoplodon densirostris,Blainville's Beaked Whale,Appendix II – Trade regulated
10436,Mauritania,MR,MRT,Native,Mammalia,Ziphiidae,Mesoplodon densirostris,Blainville's Beaked Whale,Appendix II – Trade regulated
10436,Mauritius,MU,MUS,Native,Mammalia,Ziphiidae,Mesoplodon densirostris,Blainville's Beaked Whale,Appendix II – Trade regulated
10436,Mexico,MX,MEX,Native,Mammalia,Ziphiidae,Mesoplodon densirostris,Blainville's Beaked Whale,Appendix II – Trade regulated
10436,Namibia,NA,NAM,Native,Mammalia,Ziphiidae,Mesoplodon densirostris,Blainville's Beaked Whale,Appendix II – Trade regulated
10436,New Caledonia,NC,NCL,Native,Mammalia,Ziphiidae,Mesoplodon densirostris,Blainville's Beaked Whale,Appendix II – Trade regulated
10436,New Zealand,NZ,NZL,Native,Mammalia,Ziphiidae,Mesoplodon densirostris,Blainville's Beaked Whale,Appendix II – Trade regulated
10436,Philippines,PH,PHL,Native,Mammalia,Ziphiidae,Mesoplodon densirostris,Blainville's Beaked Whale,Appendix II – Trade regulated
10436,Puerto Rico,PR,PRI,Native,Mammalia,Ziphiidae,Mesoplodon densirostris,Blainville's Beaked Whale,Appendix II – Trade regulated
10436,Seychelles,SC,SYC,Native,Mammalia,Ziphiidae,Mesoplodon densirostris,Blainville's Beaked Whale,Appendix II – Trade regulated
10436,South Africa,ZA,ZAF,Native,Mammalia,Ziphiidae,Mesoplodon densirostris,Blainville's Beaked Whale,Appendix II – Trade regulated
10436,Spain,ES,ESP,Native,Mammalia,Ziphiidae,Mesoplodon densirostris,Blainville's Beaked Whale,Appendix II – Trade regulated
10436,Sri Lanka,LK,LKA,Native,Mammalia,Ziphiidae,Mesoplodon densirostris,Blainville's Beaked Whale,Appendix II – Trade regulated
10436,Taiwan,CN-TW,TWN,Native,Mammalia,Ziphiidae,Mesoplodon densirostris,Blainville's Beaked Whale,Appendix II – Trade regulated
10436,Province of China,,,Native,Mammalia,Ziphiidae,Mesoplodon densirostris,Blainville's Beaked Whale,Appendix II – Trade regulated
10436,United Kingdom of Great Britain and Northern Ireland,,,Native,Mammalia,Ziphiidae,Mesoplodon densirostris,Blainville's Beaked Whale,Appendix II – Trade regulated
10436,United States of America,US,USA,Native,Mammalia,Ziphiidae,Mesoplodon densirostris,Blainville's Beaked Whale,Appendix II – Trade regulated
8883,Bahamas,,,Native,Mammalia,Ziphiidae,Mesoplodon europaeus,Gervais' Beaked Whale,Appendix II – Trade regulated
8883,Brazil,BR,BRA,Native,Mammalia,Ziphiidae,Mesoplodon europaeus,Gervais' Beaked Whale,Appendix II – Trade regulated
8883,Cayman Islands (United Kingdom),,,Native,Mammalia,Ziphiidae,Mesoplodon europaeus,Gervais' Beaked Whale,Appendix II – Trade regulated
8883,Costa Rica,CR,CRI,Native,Mammalia,Ziphiidae,Mesoplodon europaeus,Gervais' Beaked Whale,Appendix II – Trade regulated
8883,Cuba,CU,CUB,Native,Mammalia,Ziphiidae,Mesoplodon europaeus,Gervais' Beaked Whale,Appendix II – Trade regulated
8883,Dominican Republic,DO,DOM,Native,Mammalia,Ziphiidae,Mesoplodon europaeus,Gervais' Beaked Whale,Appendix II – Trade regulated
8883,France,-99,-99,Native,Mammalia,Ziphiidae,Mesoplodon europaeus,Gervais' Beaked Whale,Appendix II – Trade regulated
8883,Guinea Bissau,,,Native,Mammalia,Ziphiidae,Mesoplodon europaeus,Gervais' Beaked Whale,Appendix II – Trade regulated
8883,Ireland,IE,IRL,Native,Mammalia,Ziphiidae,Mesoplodon europaeus,Gervais' Beaked Whale,Appendix II – Trade regulated
8883,Jamaica,JM,JAM,Native,Mammalia,Ziphiidae,Mesoplodon europaeus,Gervais' Beaked Whale,Appendix II – Trade regulated
8883,Mauritania,MR,MRT,Native,Mammalia,Ziphiidae,Mesoplodon europaeus,Gervais' Beaked Whale,Appendix II – Trade regulated
8883,Mexico,MX,MEX,Native,Mammalia,Ziphiidae,Mesoplodon europaeus,Gervais' Beaked Whale,Appendix II – Trade regulated
8883,Netherlands Antilles,,,Native,Mammalia,Ziphiidae,Mesoplodon europaeus,Gervais' Beaked Whale,Appendix II – Trade regulated
8883,Portugal,PT,PRT,Native,Mammalia,Ziphiidae,Mesoplodon europaeus,Gervais' Beaked Whale,Appendix II – Trade regulated
8883,Saint Helena and Dependencies (United Kingdom),,,Native,Mammalia,Ziphiidae,Mesoplodon europaeus,Gervais' Beaked Whale,Appendix II – Trade regulated
8883,Spain,ES,ESP,Native,Mammalia,Ziphiidae,Mesoplodon europaeus,Gervais' Beaked Whale,Appendix II – Trade regulated
8883,Trinidad and Tobago,TT,TTO,Native,Mammalia,Ziphiidae,Mesoplodon europaeus,Gervais' Beaked Whale,Appendix II – Trade regulated
8883,United States of America,US,USA,Native,Mammalia,Ziphiidae,Mesoplodon europaeus,Gervais' Beaked Whale,Appendix II – Trade regulated
8883,Virgin Islands of the USA,,,Native,Mammalia,Ziphiidae,Mesoplodon europaeus,Gervais' Beaked Whale,Appendix II – Trade regulated
10466,Australia,AU,AUS,Native,Mammalia,Ziphiidae,Mesoplodon ginkgodens,Ginkgo-toothed Beaked Whale,Appendix II – Trade regulated
10466,China,CN,CHN,Native,Mammalia,Ziphiidae,Mesoplodon ginkgodens,Ginkgo-toothed Beaked Whale,Appendix II – Trade regulated
10466,Ecuador,EC,ECU,Native,Mammalia,Ziphiidae,Mesoplodon ginkgodens,Ginkgo-toothed Beaked Whale,Appendix II – Trade regulated
10466,Indonesia,ID,IDN,Native,Mammalia,Ziphiidae,Mesoplodon ginkgodens,Ginkgo-toothed Beaked Whale,Appendix II – Trade regulated
10466,Japan,JP,JPN,Native,Mammalia,Ziphiidae,Mesoplodon ginkgodens,Ginkgo-toothed Beaked Whale,Appendix II – Trade regulated
10466,Malaysia,MY,MYS,Native,Mammalia,Ziphiidae,Mesoplodon ginkgodens,Ginkgo-toothed Beaked Whale,Appendix II – Trade regulated
10466,Maldives,MV,MDV,Native,Mammalia,Ziphiidae,Mesoplodon ginkgodens,Ginkgo-toothed Beaked Whale,Appendix II – Trade regulated
10466,Marshall Islands,MH,MHL,Native,Mammalia,Ziphiidae,Mesoplodon ginkgodens,Ginkgo-toothed Beaked Whale,Appendix II – Trade regulated
10466,Mexico,MX,MEX,Native,Mammalia,Ziphiidae,Mesoplodon ginkgodens,Ginkgo-toothed Beaked Whale,Appendix II – Trade regulated
10466,Micronesia (Federated States of),,,Native,Mammalia,Ziphiidae,Mesoplodon ginkgodens,Ginkgo-toothed Beaked Whale,Appendix II – Trade regulated
10466,New Zealand,NZ,NZL,Native,Mammalia,Ziphiidae,Mesoplodon ginkgodens,Ginkgo-toothed Beaked Whale,Appendix II – Trade regulated
10466,Taiwan,CN-TW,TWN,Native,Mammalia,Ziphiidae,Mesoplodon ginkgodens,Ginkgo-toothed Beaked Whale,Appendix II – Trade regulated
10466,Province of China,,,Native,Mammalia,Ziphiidae,Mesoplodon ginkgodens,Ginkgo-toothed Beaked Whale,Appendix II – Trade regulated
10466,Thailand,TH,THA,Native,Mammalia,Ziphiidae,Mesoplodon ginkgodens,Ginkgo-toothed Beaked Whale,Appendix II – Trade regulated
10466,United States of America,US,USA,Native,Mammalia,Ziphiidae,Mesoplodon ginkgodens,Ginkgo-toothed Beaked Whale,Appendix II – Trade regulated
6913,Argentina,AR,ARG,Native,Mammalia,Ziphiidae,Mesoplodon grayi,Gray's Beaked Whale,Appendix II – Trade regulated
6913,Australia,AU,AUS,Native,Mammalia,Ziphiidae,Mesoplodon grayi,Gray's Beaked Whale,Appendix II – Trade regulated
6913,Brazil,BR,BRA,Native,Mammalia,Ziphiidae,Mesoplodon grayi,Gray's Beaked Whale,Appendix II – Trade regulated
6913,Chile,CL,CHL,Native,Mammalia,Ziphiidae,Mesoplodon grayi,Gray's Beaked Whale,Appendix II – Trade regulated
6913,Falkland Islands (Malvinas),,,Native,Mammalia,Ziphiidae,Mesoplodon grayi,Gray's Beaked Whale,Appendix II – Trade regulated
6913,Namibia,NA,NAM,Native,Mammalia,Ziphiidae,Mesoplodon grayi,Gray's Beaked Whale,Appendix II – Trade regulated
6913,Netherlands,NL,NLD,Native,Mammalia,Ziphiidae,Mesoplodon grayi,Gray's Beaked Whale,Appendix II – Trade regulated
6913,New Zealand,NZ,NZL,Native,Mammalia,Ziphiidae,Mesoplodon grayi,Gray's Beaked Whale,Appendix II – Trade regulated
6913,Peru,PE,PER,Native,Mammalia,Ziphiidae,Mesoplodon grayi,Gray's Beaked Whale,Appendix II – Trade regulated
6913,South Africa,ZA,ZAF,Native,Mammalia,Ziphiidae,Mesoplodon grayi,Gray's Beaked Whale,Appendix II – Trade regulated
3188,Argentina,AR,ARG,Native,Mammalia,Ziphiidae,Mesoplodon hectori,Hector's Beaked Whale,Appendix II – Trade regulated
3188,Australia,AU,AUS,Native,Mammalia,Ziphiidae,Mesoplodon hectori,Hector's Beaked Whale,Appendix II – Trade regulated
3188,Brazil,BR,BRA,Native,Mammalia,Ziphiidae,Mesoplodon hectori,Hector's Beaked Whale,Appendix II – Trade regulated
3188,Chile,CL,CHL,Native,Mammalia,Ziphiidae,Mesoplodon hectori,Hector's Beaked Whale,Appendix II – Trade regulated
3188,Falkland Islands (Malvinas),,,Native,Mammalia,Ziphiidae,Mesoplodon hectori,Hector's Beaked Whale,Appendix II – Trade regulated
3188,New Zealand,NZ,NZL,Native,Mammalia,Ziphiidae,Mesoplodon hectori,Hector's Beaked Whale,Appendix II – Trade regulated
3188,South Africa,ZA,ZAF,Native,Mammalia,Ziphiidae,Mesoplodon hectori,Hector's Beaked Whale,Appendix II – Trade regulated
68344,Maldives,MV,MDV,Native,Mammalia,Ziphiidae,Mesoplodon hotaula,Deraniyagala's Beaked Whale,Appendix II – Trade regulated
68344,Philippines,PH,PHL,Native,Mammalia,Ziphiidae,Mesoplodon hotaula,Deraniyagala's Beaked Whale,Appendix II – Trade regulated
68344,Seychelles,SC,SYC,Native,Mammalia,Ziphiidae,Mesoplodon hotaula,Deraniyagala's Beaked Whale,Appendix II – Trade regulated
68344,Sri Lanka,LK,LKA,Native,Mammalia,Ziphiidae,Mesoplodon hotaula,Deraniyagala's Beaked Whale,Appendix II – Trade regulated
68344,United States of America,US,USA,Native,Mammalia,Ziphiidae,Mesoplodon hotaula,Deraniyagala's Beaked Whale,Appendix II – Trade regulated
5644,Argentina,AR,ARG,Native,Mammalia,Ziphiidae,Mesoplodon layardii,Strap-toothed Whale,Appendix II – Trade regulated
5644,Australia,AU,AUS,Native,Mammalia,Ziphiidae,Mesoplodon layardii,Strap-toothed Whale,Appendix II – Trade regulated
5644,Chile,CL,CHL,Native,Mammalia,Ziphiidae,Mesoplodon layardii,Strap-toothed Whale,Appendix II – Trade regulated
5644,Falkland Islands (Malvinas),,,Native,Mammalia,Ziphiidae,Mesoplodon layardii,Strap-toothed Whale,Appendix II – Trade regulated
5644,French Southern and Antarctic Territories,,,Native,Mammalia,Ziphiidae,Mesoplodon layardii,Strap-toothed Whale,Appendix II – Trade regulated
5644,Namibia,NA,NAM,Native,Mammalia,Ziphiidae,Mesoplodon layardii,Strap-toothed Whale,Appendix II – Trade regulated
5644,New Zealand,NZ,NZL,Native,Mammalia,Ziphiidae,Mesoplodon layardii,Strap-toothed Whale,Appendix II – Trade regulated
5644,South Africa,ZA,ZAF,Native,Mammalia,Ziphiidae,Mesoplodon layardii,Strap-toothed Whale,Appendix II – Trade regulated
5644,Uruguay,UY,URY,Native,Mammalia,Ziphiidae,Mesoplodon layardii,Strap-toothed Whale,Appendix II – Trade regulated
8066,Australia,AU,AUS,Native,Mammalia,Ziphiidae,Mesoplodon mirus,True's Beaked Whale,Appendix II – Trade regulated
8066,Bahamas,,,Native,Mammalia,Ziphiidae,Mesoplodon mirus,True's Beaked Whale,Appendix II – Trade regulated
8066,Canada,CA,CAN,Native,Mammalia,Ziphiidae,Mesoplodon mirus,True's Beaked Whale,Appendix II – Trade regulated
8066,France,-99,-99,Native,Mammalia,Ziphiidae,Mesoplodon mirus,True's Beaked Whale,Appendix II – Trade regulated
8066,Ireland,IE,IRL,Native,Mammalia,Ziphiidae,Mesoplodon mirus,True's Beaked Whale,Appendix II – Trade regulated
8066,Madagascar,MG,MDG,Native,Mammalia,Ziphiidae,Mesoplodon mirus,True's Beaked Whale,Appendix II – Trade regulated
8066,Morocco,MA,MAR,Native,Mammalia,Ziphiidae,Mesoplodon mirus,True's Beaked Whale,Appendix II – Trade regulated
8066,Mozambique,MZ,MOZ,Native,Mammalia,Ziphiidae,Mesoplodon mirus,True's Beaked Whale,Appendix II – Trade regulated
8066,Portugal,PT,PRT,Native,Mammalia,Ziphiidae,Mesoplodon mirus,True's Beaked Whale,Appendix II – Trade regulated
8066,South Africa,ZA,ZAF,Native,Mammalia,Ziphiidae,Mesoplodon mirus,True's Beaked Whale,Appendix II – Trade regulated
8066,Spain,ES,ESP,Native,Mammalia,Ziphiidae,Mesoplodon mirus,True's Beaked Whale,Appendix II – Trade regulated
8066,United Kingdom of Great Britain and Northern Ireland,,,Native,Mammalia,Ziphiidae,Mesoplodon mirus,True's Beaked Whale,Appendix II – Trade regulated
8066,United States of America,US,USA,Native,Mammalia,Ziphiidae,Mesoplodon mirus,True's Beaked Whale,Appendix II – Trade regulated
8865,United States of America,US,USA,Native,Mammalia,Ziphiidae,Mesoplodon perrini,Perrin's Beaked Whale,Appendix II – Trade regulated
8605,Costa Rica,CR,CRI,Native,Mammalia,Ziphiidae,Mesoplodon peruvianus,Pygmy Beaked Whale,Appendix II – Trade regulated
8605,Mexico,MX,MEX,Native,Mammalia,Ziphiidae,Mesoplodon peruvianus,Pygmy Beaked Whale,Appendix II – Trade regulated
8605,New Zealand,NZ,NZL,Native,Mammalia,Ziphiidae,Mesoplodon peruvianus,Pygmy Beaked Whale,Appendix II – Trade regulated
8605,Peru,PE,PER,Native,Mammalia,Ziphiidae,Mesoplodon peruvianus,Pygmy Beaked Whale,Appendix II – Trade regulated
6746,Canada,CA,CAN,Native,Mammalia,Ziphiidae,Mesoplodon stejnegeri,Stejneger's Beaked Whale,Appendix II – Trade regulated
6746,Japan,JP,JPN,Native,Mammalia,Ziphiidae,Mesoplodon stejnegeri,Stejneger's Beaked Whale,Appendix II – Trade regulated
6746,Republic of Korea,,,Native,Mammalia,Ziphiidae,Mesoplodon stejnegeri,Stejneger's Beaked Whale,Appendix II – Trade regulated
6746,Russian Federation,,,Native,Mammalia,Ziphiidae,Mesoplodon stejnegeri,Stejneger's Beaked Whale,Appendix II – Trade regulated
6746,United States of America,US,USA,Native,Mammalia,Ziphiidae,Mesoplodon stejnegeri,Stejneger's Beaked Whale,Appendix II – Trade regulated
4039,Chile,CL,CHL,Native,Mammalia,Ziphiidae,Mesoplodon traversii,Spade-toothed Whale,Appendix II – Trade regulated
4039,New Zealand,NZ,NZL,Native,Mammalia,Ziphiidae,Mesoplodon traversii,Spade-toothed Whale,Appendix II – Trade regulated
8310,Argentina,AR,ARG,Native,Mammalia,Ziphiidae,Tasmacetus shepherdi,Shepherd's Beaked Whale,Appendix II – Trade regulated
8310,Australia,AU,AUS,Native,Mammalia,Ziphiidae,Tasmacetus shepherdi,Shepherd's Beaked Whale,Appendix II – Trade regulated
8310,Chile,CL,CHL,Native,Mammalia,Ziphiidae,Tasmacetus shepherdi,Shepherd's Beaked Whale,Appendix II – Trade regulated
8310,New Zealand,NZ,NZL,Native,Mammalia,Ziphiidae,Tasmacetus shepherdi,Shepherd's Beaked Whale,Appendix II – Trade regulated
8310,South Africa,ZA,ZAF,Native,Mammalia,Ziphiidae,Tasmacetus shepherdi,Shepherd's Beaked Whale,Appendix II – Trade regulated
5326,Angola,AO,AGO,Native,Mammalia,Ziphiidae,Ziphius cavirostris,Cuvier's Beaked Whale,Appendix II – Trade regulated
5326,Antarctica,AQ,ATA,Native,Mammalia,Ziphiidae,Ziphius cavirostris,Cuvier's Beaked Whale,Appendix II – Trade regulated
5326,Argentina,AR,ARG,Native,Mammalia,Ziphiidae,Ziphius cavirostris,Cuvier's Beaked Whale,Appendix II – Trade regulated
5326,Australia,AU,AUS,Native,Mammalia,Ziphiidae,Ziphius cavirostris,Cuvier's Beaked Whale,Appendix II – Trade regulated
5326,Bahamas,,,Native,Mammalia,Ziphiidae,Ziphius cavirostris,Cuvier's Beaked Whale,Appendix II – Trade regulated
5326,Barbados,BB,BRB,Native,Mammalia,Ziphiidae,Ziphius cavirostris,Cuvier's Beaked Whale,Appendix II – Trade regulated
5326,Bermuda (United Kingdom),,,Native,Mammalia,Ziphiidae,Ziphius cavirostris,Cuvier's Beaked Whale,Appendix II – Trade regulated
5326,Brazil,BR,BRA,Native,Mammalia,Ziphiidae,Ziphius cavirostris,Cuvier's Beaked Whale,Appendix II – Trade regulated
5326,Cabo Verde,CV,CPV,Native,Mammalia,Ziphiidae,Ziphius cavirostris,Cuvier's Beaked Whale,Appendix II – Trade regulated
5326,Canada,CA,CAN,Native,Mammalia,Ziphiidae,Ziphius cavirostris,Cuvier's Beaked Whale,Appendix II – Trade regulated
5326,Chile,CL,CHL,Native,Mammalia,Ziphiidae,Ziphius cavirostris,Cuvier's Beaked Whale,Appendix II – Trade regulated
5326,China,CN,CHN,Native,Mammalia,Ziphiidae,Ziphius cavirostris,Cuvier's Beaked Whale,Appendix II – Trade regulated
5326,Colombia,CO,COL,Native,Mammalia,Ziphiidae,Ziphius cavirostris,Cuvier's Beaked Whale,Appendix II – Trade regulated
5326,Comoros,KM,COM,Native,Mammalia,Ziphiidae,Ziphius cavirostris,Cuvier's Beaked Whale,Appendix II – Trade regulated
5326,Costa Rica,CR,CRI,Native,Mammalia,Ziphiidae,Ziphius cavirostris,Cuvier's Beaked Whale,Appendix II – Trade regulated
5326,Cuba,CU,CUB,Native,Mammalia,Ziphiidae,Ziphius cavirostris,Cuvier's Beaked Whale,Appendix II – Trade regulated
5326,Djibouti,DJ,DJI,Native,Mammalia,Ziphiidae,Ziphius cavirostris,Cuvier's Beaked Whale,Appendix II – Trade regulated
5326,Ecuador,EC,ECU,Native,Mammalia,Ziphiidae,Ziphius cavirostris,Cuvier's Beaked Whale,Appendix II – Trade regulated
5326,Falkland Islands (Malvinas),,,Native,Mammalia,Ziphiidae,Ziphius cavirostris,Cuvier's Beaked Whale,Appendix II – Trade regulated
5326,France,-99,-99,Native,Mammalia,Ziphiidae,Ziphius cavirostris,Cuvier's Beaked Whale,Appendix II – Trade regulated
5326,French Polynesia,PF,PYF,Native,Mammalia,Ziphiidae,Ziphius cavirostris,Cuvier's Beaked Whale,Appendix II – Trade regulated
5326,French Southern and Antarctic Territories,,,Native,Mammalia,Ziphiidae,Ziphius cavirostris,Cuvier's Beaked Whale,Appendix II – Trade regulated
5326,Greece,GR,GRC,Native,Mammalia,Ziphiidae,Ziphius cavirostris,Cuvier's Beaked Whale,Appendix II – Trade regulated
5326,Iceland,IS,ISL,Native,Mammalia,Ziphiidae,Ziphius cavirostris,Cuvier's Beaked Whale,Appendix II – Trade regulated
5326,India,IN,IND,Native,Mammalia,Ziphiidae,Ziphius cavirostris,Cuvier's Beaked Whale,Appendix II – Trade regulated
5326,Indonesia,ID,IDN,Native,Mammalia,Ziphiidae,Ziphius cavirostris,Cuvier's Beaked Whale,Appendix II – Trade regulated
5326,Ireland,IE,IRL,Native,Mammalia,Ziphiidae,Ziphius cavirostris,Cuvier's Beaked Whale,Appendix II – Trade regulated
5326,Italy,IT,ITA,Native,Mammalia,Ziphiidae,Ziphius cavirostris,Cuvier's Beaked Whale,Appendix II – Trade regulated
5326,Japan,JP,JPN,Native,Mammalia,Ziphiidae,Ziphius cavirostris,Cuvier's Beaked Whale,Appendix II – Trade regulated
5326,Malaysia,MY,MYS,Native,Mammalia,Ziphiidae,Ziphius cavirostris,Cuvier's Beaked Whale,Appendix II – Trade regulated
5326,Malta,MT,MLT,Native,Mammalia,Ziphiidae,Ziphius cavirostris,Cuvier's Beaked Whale,Appendix II – Trade regulated
5326,Mexico,MX,MEX,Native,Mammalia,Ziphiidae,Ziphius cavirostris,Cuvier's Beaked Whale,Appendix II – Trade regulated
5326,Morocco,MA,MAR,Native,Mammalia,Ziphiidae,Ziphius cavirostris,Cuvier's Beaked Whale,Appendix II – Trade regulated
5326,Namibia,NA,NAM,Native,Mammalia,Ziphiidae,Ziphius cavirostris,Cuvier's Beaked Whale,Appendix II – Trade regulated
5326,Netherlands Antilles,,,Native,Mammalia,Ziphiidae,Ziphius cavirostris,Cuvier's Beaked Whale,Appendix II – Trade regulated
5326,New Zealand,NZ,NZL,Native,Mammalia,Ziphiidae,Ziphius cavirostris,Cuvier's Beaked Whale,Appendix II – Trade regulated
5326,Oman,OM,OMN,Native,Mammalia,Ziphiidae,Ziphius cavirostris,Cuvier's Beaked Whale,Appendix II – Trade regulated
5326,Pakistan,PK,PAK,Native,Mammalia,Ziphiidae,Ziphius cavirostris,Cuvier's Beaked Whale,Appendix II – Trade regulated
5326,Panama,PA,PAN,Native,Mammalia,Ziphiidae,Ziphius cavirostris,Cuvier's Beaked Whale,Appendix II – Trade regulated
5326,Papua New Guinea,PG,PNG,Native,Mammalia,Ziphiidae,Ziphius cavirostris,Cuvier's Beaked Whale,Appendix II – Trade regulated
5326,Peru,PE,PER,Native,Mammalia,Ziphiidae,Ziphius cavirostris,Cuvier's Beaked Whale,Appendix II – Trade regulated
5326,Philippines,PH,PHL,Native,Mammalia,Ziphiidae,Ziphius cavirostris,Cuvier's Beaked Whale,Appendix II – Trade regulated
5326,Portugal,PT,PRT,Native,Mammalia,Ziphiidae,Ziphius cavirostris,Cuvier's Beaked Whale,Appendix II – Trade regulated
5326,Russian Federation,,,Native,Mammalia,Ziphiidae,Ziphius cavirostris,Cuvier's Beaked Whale,Appendix II – Trade regulated
5326,Saint Vincent and the Grenadines,VC,VCT,Native,Mammalia,Ziphiidae,Ziphius cavirostris,Cuvier's Beaked Whale,Appendix II – Trade regulated
5326,Seychelles,SC,SYC,Native,Mammalia,Ziphiidae,Ziphius cavirostris,Cuvier's Beaked Whale,Appendix II – Trade regulated
5326,South Africa,ZA,ZAF,Native,Mammalia,Ziphiidae,Ziphius cavirostris,Cuvier's Beaked Whale,Appendix II – Trade regulated
5326,Spain,ES,ESP,Native,Mammalia,Ziphiidae,Ziphius cavirostris,Cuvier's Beaked Whale,Appendix II – Trade regulated
5326,Sri Lanka,LK,LKA,Native,Mammalia,Ziphiidae,Ziphius cavirostris,Cuvier's Beaked Whale,Appendix II – Trade regulated
5326,Sweden,SE,SWE,Native,Mammalia,Ziphiidae,Ziphius cavirostris,Cuvier's Beaked Whale,Appendix II – Trade regulated
5326,Taiwan,CN-TW,TWN,Native,Mammalia,Ziphiidae,Ziphius cavirostris,Cuvier's Beaked Whale,Appendix II – Trade regulated
5326,Province of China,,,Native,Mammalia,Ziphiidae,Ziphius cavirostris,Cuvier's Beaked Whale,Appendix II – Trade regulated
5326,United Kingdom of Great Britain and Northern Ireland,,,Native,Mammalia,Ziphiidae,Ziphius cavirostris,Cuvier's Beaked Whale,Appendix II – Trade regulated
5326,United States of America,US,USA,Native,Mammalia,Ziphiidae,Ziphius cavirostris,Cuvier's Beaked Whale,Appendix II – Trade regulated
5326,Uruguay,UY,URY,Native,Mammalia,Ziphiidae,Ziphius cavirostris,Cuvier's Beaked Whale,Appendix II – Trade regulated
5326,Venezuela (Bolivarian Republic of),,,Native,Mammalia,Ziphiidae,Ziphius cavirostris,Cuvier's Beaked Whale,Appendix II – Trade regulated
11224,Argentina,AR,ARG,Native,Mammalia,Phyllostomidae,Platyrrhinus lineatus,White-lined Broad-nosed Bat,Appendix III – National protection
11224,Bolivia (Plurinational State of),,,Native,Mammalia,Phyllostomidae,Platyrrhinus lineatus,White-lined Broad-nosed Bat,Appendix III – National protection
11224,Brazil,BR,BRA,Native,Mammalia,Phyllostomidae,Platyrrhinus lineatus,White-lined Broad-nosed Bat,Appendix III – National protection
11224,Colombia,CO,COL,Native,Mammalia,Phyllostomidae,Platyrrhinus lineatus,White-lined Broad-nosed Bat,Appendix III – National protection
11224,Ecuador,EC,ECU,Native,Mammalia,Phyllostomidae,Platyrrhinus lineatus,White-lined Broad-nosed Bat,Appendix III – National protection
11224,French Guiana [FR],,,Native,Mammalia,Phyllostomidae,Platyrrhinus lineatus,White-lined Broad-nosed Bat,Appendix III – National protection
11224,Paraguay,PY,PRY,Native,Mammalia,Phyllostomidae,Platyrrhinus lineatus,White-lined Broad-nosed Bat,Appendix III – National protection
11224,Peru,PE,PER,Native,Mammalia,Phyllostomidae,Platyrrhinus lineatus,White-lined Broad-nosed Bat,Appendix III – National protection
11224,Suriname,SR,SUR,Native,Mammalia,Phyllostomidae,Platyrrhinus lineatus,White-lined Broad-nosed Bat,Appendix III – National protection
11224,Uruguay,UY,URY,Native,Mammalia,Phyllostomidae,Platyrrhinus lineatus,White-lined Broad-nosed Bat,Appendix III – National protection
7295,Indonesia,ID,IDN,Native,Mammalia,Pteropodidae,Acerodon celebensis,Sulawesi Flying Fox,Appendix II – Trade regulated
10801,Indonesia,ID,IDN,Native,Mammalia,Pteropodidae,Acerodon humilis,Talaud Flying Fox,Appendix II – Trade regulated
9506,Philippines,PH,PHL,Native,Mammalia,Pteropodidae,Acerodon jubatus,Golden-crowned Flying Fox,Appendix I – Species threatened with extinction
9039,Philippines,PH,PHL,Native,Mammalia,Pteropodidae,Acerodon leucotis,Palawan Flying Fox,Appendix II – Trade regulated
8207,Indonesia,ID,IDN,Native,Mammalia,Pteropodidae,Acerodon mackloti,Sunda Flying Fox,Appendix II – Trade regulated
8207,Timor-Leste,,,Native,Mammalia,Pteropodidae,Acerodon mackloti,Sunda Flying Fox,Appendix II – Trade regulated
6331,Papua New Guinea,PG,PNG,Native,Mammalia,Pteropodidae,Pteropus admiralitatum,Admiralty Flying Fox,Appendix II – Trade regulated
6331,Solomon Islands,SB,SLB,Native,Mammalia,Pteropodidae,Pteropus admiralitatum,Admiralty Flying Fox,Appendix II – Trade regulated
8322,Seychelles,SC,SYC,Native,Mammalia,Pteropodidae,Pteropus aldabrensis,Aldabra Flying Fox,Appendix II – Trade regulated
7779,Australia,AU,AUS,Native,Mammalia,Pteropodidae,Pteropus alecto,Black Flying Fox,Appendix II – Trade regulated
7779,Indonesia,ID,IDN,Native,Mammalia,Pteropodidae,Pteropus alecto,Black Flying Fox,Appendix II – Trade regulated
7779,Papua New Guinea,PG,PNG,Native,Mammalia,Pteropodidae,Pteropus alecto,Black Flying Fox,Appendix II – Trade regulated
7193,Vanuatu,VU,VUT,Native,Mammalia,Pteropodidae,Pteropus anetianus,Vanuatu Flying Fox,Appendix II – Trade regulated
9362,Indonesia,ID,IDN,Native,Mammalia,Pteropodidae,Pteropus aruensis,Aru Flying Fox,Appendix II – Trade regulated
5976,Australia,AU,AUS,Native,Mammalia,Pteropodidae,Pteropus banakrisi,Vanikoro Flying Fox,Appendix II – Trade regulated
5876,Indonesia,ID,IDN,Native,Mammalia,Pteropodidae,Pteropus caniceps,North Moluccan Flying Fox,Appendix II – Trade regulated
6956,Papua New Guinea,PG,PNG,Native,Mammalia,Pteropodidae,Pteropus capistratus,Bismarck Masked Flying Fox,Appendix II – Trade regulated
10622,Indonesia,ID,IDN,Native,Mammalia,Pteropodidae,Pteropus chrysoproctus,Moluccan Flying Fox,Appendix II – Trade regulated
9535,Solomon Islands,SB,SLB,Native,Mammalia,Pteropodidae,Pteropus cognatus,Makin's Flying Fox,Appendix II – Trade regulated
3656,Australia,AU,AUS,Native,Mammalia,Pteropodidae,Pteropus conspicillatus,Spectacled Flying Fox,Appendix II – Trade regulated
3656,Indonesia,ID,IDN,Native,Mammalia,Pteropodidae,Pteropus conspicillatus,Spectacled Flying Fox,Appendix II – Trade regulated
3656,Papua New Guinea,PG,PNG,Native,Mammalia,Pteropodidae,Pteropus conspicillatus,Spectacled Flying Fox,Appendix II – Trade regulated
3837,Japan,JP,JPN,Native,Mammalia,Pteropodidae,Pteropus dasymallus,Ryukyu Flying Fox,Appendix II – Trade regulated
3837,Philippines,PH,PHL,Native,Mammalia,Pteropodidae,Pteropus dasymallus,Ryukyu Flying Fox,Appendix II – Trade regulated
3837,Taiwan,CN-TW,TWN,Extinct,Mammalia,Pteropodidae,Pteropus dasymallus,Ryukyu Flying Fox,Appendix II – Trade regulated
3837,Province of China,,,Extinct,Mammalia,Pteropodidae,Pteropus dasymallus,Ryukyu Flying Fox,Appendix II – Trade regulated
9279,India,IN,IND,Native,Mammalia,Pteropodidae,Pteropus faunulus,Andaman Flying Fox,Appendix II – Trade regulated
5905,Vanuatu,VU,VUT,Native,Mammalia,Pteropodidae,Pteropus fundatus,Banks Flying Fox,Appendix II – Trade regulated
8067,Bangladesh,BD,BGD,Native,Mammalia,Pteropodidae,Pteropus giganteus,Indian Flying Fox,Appendix II – Trade regulated
8067,China,CN,CHN,Native,Mammalia,Pteropodidae,Pteropus giganteus,Indian Flying Fox,Appendix II – Trade regulated
8067,India,IN,IND,Native,Mammalia,Pteropodidae,Pteropus giganteus,Indian Flying Fox,Appendix II – Trade regulated
8067,Maldives,MV,MDV,Native,Mammalia,Pteropodidae,Pteropus giganteus,Indian Flying Fox,Appendix II – Trade regulated
8067,Myanmar,MM,MMR,Native,Mammalia,Pteropodidae,Pteropus giganteus,Indian Flying Fox,Appendix II – Trade regulated
8067,Nepal,NP,NPL,Native,Mammalia,Pteropodidae,Pteropus giganteus,Indian Flying Fox,Appendix II – Trade regulated
8067,Pakistan,PK,PAK,Native,Mammalia,Pteropodidae,Pteropus giganteus,Indian Flying Fox,Appendix II – Trade regulated
8067,Sri Lanka,LK,LKA,Native,Mammalia,Pteropodidae,Pteropus giganteus,Indian Flying Fox,Appendix II – Trade regulated
7082,Papua New Guinea,PG,PNG,Native,Mammalia,Pteropodidae,Pteropus gilliardorum,Gilliard's Flying Fox,Appendix II – Trade regulated
9966,Indonesia,ID,IDN,Native,Mammalia,Pteropodidae,Pteropus griseus,Gray Flying Fox,Appendix II – Trade regulated
9966,Philippines,PH,PHL,Native,Mammalia,Pteropodidae,Pteropus griseus,Gray Flying Fox,Appendix II – Trade regulated
9966,Timor-Leste,,,Native,Mammalia,Pteropodidae,Pteropus griseus,Gray Flying Fox,Appendix II – Trade regulated
8182,Solomon Islands,SB,SLB,Native,Mammalia,Pteropodidae,Pteropus howensis,Ontong Java Flying Fox,Appendix II – Trade regulated
6025,India,IN,IND,Native,Mammalia,Pteropodidae,Pteropus hypomelanus,Small Flying Fox,Appendix II – Trade regulated
6025,Indonesia,ID,IDN,Native,Mammalia,Pteropodidae,Pteropus hypomelanus,Small Flying Fox,Appendix II – Trade regulated
6025,Malaysia,MY,MYS,Native,Mammalia,Pteropodidae,Pteropus hypomelanus,Small Flying Fox,Appendix II – Trade regulated
6025,Maldives,MV,MDV,Native,Mammalia,Pteropodidae,Pteropus hypomelanus,Small Flying Fox,Appendix II – Trade regulated
6025,Myanmar,MM,MMR,Native,Mammalia,Pteropodidae,Pteropus hypomelanus,Small Flying Fox,Appendix II – Trade regulated
6025,Papua New Guinea,PG,PNG,Native,Mammalia,Pteropodidae,Pteropus hypomelanus,Small Flying Fox,Appendix II – Trade regulated
6025,Philippines,PH,PHL,Native,Mammalia,Pteropodidae,Pteropus hypomelanus,Small Flying Fox,Appendix II – Trade regulated
6025,Thailand,TH,THA,Native,Mammalia,Pteropodidae,Pteropus hypomelanus,Small Flying Fox,Appendix II – Trade regulated
6025,Viet Nam,,,Native,Mammalia,Pteropodidae,Pteropus hypomelanus,Small Flying Fox,Appendix II – Trade regulated
4040,Micronesia (Federated States of),,,Native,Mammalia,Pteropodidae,Pteropus insularis,Chuuk Flying Fox,Appendix I – Species threatened with extinction
10896,Myanmar,MM,MMR,Native,Mammalia,Pteropodidae,Pteropus intermedius,Intermediate Flying Fox,Appendix II – Trade regulated
10896,Thailand,TH,THA,Native,Mammalia,Pteropodidae,Pteropus intermedius,Intermediate Flying Fox,Appendix II – Trade regulated
6654,Indonesia,ID,IDN,Native,Mammalia,Pteropodidae,Pteropus keyensis,Kei Flying Fox,Appendix II – Trade regulated
7001,Philippines,PH,PHL,Native,Mammalia,Pteropodidae,Pteropus leucopterus,White-winged Flying Fox,Appendix II – Trade regulated
10856,Comoros,KM,COM,Native,Mammalia,Pteropodidae,Pteropus livingstonii,Livingstone's Flying Fox,Appendix II – Trade regulated
9092,Indonesia,ID,IDN,Native,Mammalia,Pteropodidae,Pteropus lombocensis,Lombok Flying Fox,Appendix II – Trade regulated
3627,Japan,JP,JPN,Native,Mammalia,Pteropodidae,Pteropus loochoensis,Ryukyu Fruit Bat,Appendix I – Species threatened with extinction
5642,Cambodia,KH,KHM,Native,Mammalia,Pteropodidae,Pteropus lylei,Lyle's Flying Fox,Appendix II – Trade regulated
5642,Thailand,TH,THA,Native,Mammalia,Pteropodidae,Pteropus lylei,Lyle's Flying Fox,Appendix II – Trade regulated
5642,Viet Nam,,,Native,Mammalia,Pteropodidae,Pteropus lylei,Lyle's Flying Fox,Appendix II – Trade regulated
4717,Australia,AU,AUS,Native,Mammalia,Pteropodidae,Pteropus macrotis,Big-eared Flying Fox,Appendix II – Trade regulated
4717,Indonesia,ID,IDN,Native,Mammalia,Pteropodidae,Pteropus macrotis,Big-eared Flying Fox,Appendix II – Trade regulated
4717,Papua New Guinea,PG,PNG,Native,Mammalia,Pteropodidae,Pteropus macrotis,Big-eared Flying Fox,Appendix II – Trade regulated
5831,Papua New Guinea,PG,PNG,Native,Mammalia,Pteropodidae,Pteropus mahaganus,Sanborn's Flying Fox,Appendix II – Trade regulated
5831,Solomon Islands,SB,SLB,Native,Mammalia,Pteropodidae,Pteropus mahaganus,Sanborn's Flying Fox,Appendix II – Trade regulated
8325,Guam,GU,GUM,Native,Mammalia,Pteropodidae,Pteropus mariannus,Marianas Flying Fox,Appendix I – Species threatened with extinction
8325,Northern Mariana Islands,MP,MNP,Native,Mammalia,Pteropodidae,Pteropus mariannus,Marianas Flying Fox,Appendix I – Species threatened with extinction
7762,Indonesia,ID,IDN,Native,Mammalia,Pteropodidae,Pteropus melanopogon,Black-bearded Flying Fox,Appendix II – Trade regulated
5434,Christmas Island,,,Native,Mammalia,Pteropodidae,Pteropus melanotus,Black-eared Flying Fox,Appendix II – Trade regulated
5434,India,IN,IND,Native,Mammalia,Pteropodidae,Pteropus melanotus,Black-eared Flying Fox,Appendix II – Trade regulated
5434,Indonesia,ID,IDN,Native,Mammalia,Pteropodidae,Pteropus melanotus,Black-eared Flying Fox,Appendix II – Trade regulated
10438,Micronesia (Federated States of),,,Native,Mammalia,Pteropodidae,Pteropus molossinus,Caroline Flying Fox,Appendix I – Species threatened with extinction
6729,Indonesia,ID,IDN,Native,Mammalia,Pteropodidae,Pteropus neohibernicus,Great Flying Fox,Appendix II – Trade regulated
6729,Papua New Guinea,PG,PNG,Native,Mammalia,Pteropodidae,Pteropus neohibernicus,Great Flying Fox,Appendix II – Trade regulated
7372,Mauritius,MU,MUS,Native,Mammalia,Pteropodidae,Pteropus niger,Greater Mascarene Flying Fox,Appendix II – Trade regulated
7372,R√©union,,,Extinct,Mammalia,Pteropodidae,Pteropus niger,Greater Mascarene Flying Fox,Appendix II – Trade regulated
7139,Solomon Islands,SB,SLB,Native,Mammalia,Pteropodidae,Pteropus nitendiensis,Vanikoro Flying Fox,Appendix II – Trade regulated
4670,Indonesia,ID,IDN,Native,Mammalia,Pteropodidae,Pteropus ocularis,New Britain Flying Fox,Appendix II – Trade regulated
9516,New Caledonia,NC,NCL,Native,Mammalia,Pteropodidae,Pteropus ornatus,Ornate Flying Fox,Appendix II – Trade regulated
3198,Palau,PW,PLW,Native,Mammalia,Pteropodidae,Pteropus pelewensis,Palau Flying Fox,Appendix I – Species threatened with extinction
7428,Indonesia,ID,IDN,Native,Mammalia,Pteropodidae,Pteropus personatus,Masked Flying Fox,Appendix II – Trade regulated
3370,Palau,PW,PLW,Extinct,Mammalia,Pteropodidae,Pteropus pilosus,Palawan Fruit Bat,Appendix I – Species threatened with extinction
9327,Indonesia,ID,IDN,Native,Mammalia,Pteropodidae,Pteropus pohlei,Geelvink Bay Flying Fox,Appendix II – Trade regulated
10543,Australia,AU,AUS,Native,Mammalia,Pteropodidae,Pteropus poliocephalus,Gray-headed Flying Fox,Appendix II – Trade regulated
6599,Japan,JP,JPN,Native,Mammalia,Pteropodidae,Pteropus pselaphon,Bonin Flying Fox,Appendix II – Trade regulated
6540,Indonesia,ID,IDN,Native,Mammalia,Pteropodidae,Pteropus pumilus,Little Golden-mantled Flying Fox,Appendix II – Trade regulated
6540,Philippines,PH,PHL,Native,Mammalia,Pteropodidae,Pteropus pumilus,Little Golden-mantled Flying Fox,Appendix II – Trade regulated
8086,Papua New Guinea,PG,PNG,Native,Mammalia,Pteropodidae,Pteropus rayneri,Solomon Flying Fox,Appendix II – Trade regulated
8086,Solomon Islands,SB,SLB,Native,Mammalia,Pteropodidae,Pteropus rayneri,Solomon Flying Fox,Appendix II – Trade regulated
8136,Solomon Islands,SB,SLB,Native,Mammalia,Pteropodidae,Pteropus rennelli,Rennell Flying Fox,Appendix II – Trade regulated
8058,Mauritius,MU,MUS,Native,Mammalia,Pteropodidae,Pteropus rodricensis,Rodrigues Flying Fox,Appendix II – Trade regulated
3113,Madagascar,MG,MDG,Native,Mammalia,Pteropodidae,Pteropus rufus,Madagascan Flying Fox,Appendix II – Trade regulated
8274,American Samoa,AS,ASM,Native,Mammalia,Pteropodidae,Pteropus samoensis,Samoan Flying Fox,Appendix I – Species threatened with extinction
8274,Fiji,FJ,FJI,Native,Mammalia,Pteropodidae,Pteropus samoensis,Samoan Flying Fox,Appendix I – Species threatened with extinction
8274,Samoa,WS,WSM,Native,Mammalia,Pteropodidae,Pteropus samoensis,Samoan Flying Fox,Appendix I – Species threatened with extinction
6104,Australia,AU,AUS,Native,Mammalia,Pteropodidae,Pteropus scapulatus,Little Red Flying Fox,Appendix II – Trade regulated
6104,New Zealand,NZ,NZL,Native,Mammalia,Pteropodidae,Pteropus scapulatus,Little Red Flying Fox,Appendix II – Trade regulated
6104,Papua New Guinea,PG,PNG,Native,Mammalia,Pteropodidae,Pteropus scapulatus,Little Red Flying Fox,Appendix II – Trade regulated
10831,Comoros,KM,COM,Native,Mammalia,Pteropodidae,Pteropus seychellensis,Seychelles Flying Fox,Appendix II – Trade regulated
10831,Mayotte,,,Native,Mammalia,Pteropodidae,Pteropus seychellensis,Seychelles Flying Fox,Appendix II – Trade regulated
10831,Seychelles,SC,SYC,Native,Mammalia,Pteropodidae,Pteropus seychellensis,Seychelles Flying Fox,Appendix II – Trade regulated
10831,United Republic of Tanzania,TZ,TZA,Native,Mammalia,Pteropodidae,Pteropus seychellensis,Seychelles Flying Fox,Appendix II – Trade regulated
9735,Indonesia,ID,IDN,Native,Mammalia,Pteropodidae,Pteropus speciosus,Philippine Gray Flying Fox,Appendix II – Trade regulated
9735,Philippines,PH,PHL,Native,Mammalia,Pteropodidae,Pteropus speciosus,Philippine Gray Flying Fox,Appendix II – Trade regulated
9883,Mauritius,MU,MUS,Extinct,Mammalia,Pteropodidae,Pteropus subniger,Lesser Mascarene Flying Fox (extinct),Appendix II – Trade regulated
9883,R√©union,,,Extinct,Mammalia,Pteropodidae,Pteropus subniger,Lesser Mascarene Flying Fox (extinct),Appendix II – Trade regulated
10684,Indonesia,ID,IDN,Native,Mammalia,Pteropodidae,Pteropus temminckii,Temminck's Flying Fox,Appendix II – Trade regulated
7959,Guam,GU,GUM,Extinct,Mammalia,Pteropodidae,Pteropus tokudae,Guam Flying Fox (extinct),Appendix II – Trade regulated
9577,American Samoa,AS,ASM,Native,Mammalia,Pteropodidae,Pteropus tonganus,Pacific Flying Fox,Appendix I – Species threatened with extinction
9577,Cook Islands,CK,COK,Native,Mammalia,Pteropodidae,Pteropus tonganus,Pacific Flying Fox,Appendix I – Species threatened with extinction
9577,Fiji,FJ,FJI,Native,Mammalia,Pteropodidae,Pteropus tonganus,Pacific Flying Fox,Appendix I – Species threatened with extinction
9577,New Caledonia,NC,NCL,Native,Mammalia,Pteropodidae,Pteropus tonganus,Pacific Flying Fox,Appendix I – Species threatened with extinction
9577,Niue,NU,NIU,Native,Mammalia,Pteropodidae,Pteropus tonganus,Pacific Flying Fox,Appendix I – Species threatened with extinction
9577,Papua New Guinea,PG,PNG,Native,Mammalia,Pteropodidae,Pteropus tonganus,Pacific Flying Fox,Appendix I – Species threatened with extinction
9577,Samoa,WS,WSM,Native,Mammalia,Pteropodidae,Pteropus tonganus,Pacific Flying Fox,Appendix I – Species threatened with extinction
9577,Solomon Islands,SB,SLB,Native,Mammalia,Pteropodidae,Pteropus tonganus,Pacific Flying Fox,Appendix I – Species threatened with extinction
9577,Tonga,TO,TON,Native,Mammalia,Pteropodidae,Pteropus tonganus,Pacific Flying Fox,Appendix I – Species threatened with extinction
9577,Vanuatu,VU,VUT,Native,Mammalia,Pteropodidae,Pteropus tonganus,Pacific Flying Fox,Appendix I – Species threatened with extinction
9577,Wallis and Futuna Islands,,,Native,Mammalia,Pteropodidae,Pteropus tonganus,Pacific Flying Fox,Appendix I – Species threatened with extinction
4008,Solomon Islands,SB,SLB,Native,Mammalia,Pteropodidae,Pteropus tuberculatus,Vanikoro Flying Fox,Appendix II – Trade regulated
5781,Micronesia (Federated States of),,,Native,Mammalia,Pteropodidae,Pteropus ualanus,Kosrae Flying Fox,Appendix I – Species threatened with extinction
7631,Brunei Darussalam,,,Native,Mammalia,Pteropodidae,Pteropus vampyrus,Large Flying Fox,Appendix II – Trade regulated
7631,India,IN,IND,Native,Mammalia,Pteropodidae,Pteropus vampyrus,Large Flying Fox,Appendix II – Trade regulated
7631,Indonesia,ID,IDN,Native,Mammalia,Pteropodidae,Pteropus vampyrus,Large Flying Fox,Appendix II – Trade regulated
7631,Malaysia,MY,MYS,Native,Mammalia,Pteropodidae,Pteropus vampyrus,Large Flying Fox,Appendix II – Trade regulated
7631,Myanmar,MM,MMR,Native,Mammalia,Pteropodidae,Pteropus vampyrus,Large Flying Fox,Appendix II – Trade regulated
7631,Philippines,PH,PHL,Native,Mammalia,Pteropodidae,Pteropus vampyrus,Large Flying Fox,Appendix II – Trade regulated
7631,Singapore,SG,SGP,Native,Mammalia,Pteropodidae,Pteropus vampyrus,Large Flying Fox,Appendix II – Trade regulated
7631,Thailand,TH,THA,Native,Mammalia,Pteropodidae,Pteropus vampyrus,Large Flying Fox,Appendix II – Trade regulated
7631,Timor-Leste,,,Native,Mammalia,Pteropodidae,Pteropus vampyrus,Large Flying Fox,Appendix II – Trade regulated
7631,Viet Nam,,,Native,Mammalia,Pteropodidae,Pteropus vampyrus,Large Flying Fox,Appendix II – Trade regulated
4191,New Caledonia,NC,NCL,Native,Mammalia,Pteropodidae,Pteropus vetulus,New Caledonia Flying Fox,Appendix II – Trade regulated
8190,United Republic of Tanzania,TZ,TZA,Native,Mammalia,Pteropodidae,Pteropus voeltzkowi,Pemba Flying Fox,Appendix II – Trade regulated
9546,Solomon Islands,SB,SLB,Native,Mammalia,Pteropodidae,Pteropus woodfordi,Woodford's Flying Fox,Appendix II – Trade regulated
7938,Micronesia (Federated States of),,,Native,Mammalia,Pteropodidae,Pteropus yapensis,Yap Flying Fox,Appendix I – Species threatened with extinction
9146,Argentina,AR,ARG,Native,Mammalia,Dasypodidae,Cabassous tatouay,Greater Naked-tailed Armadillo,Appendix III – National protection
9146,Brazil,BR,BRA,Native,Mammalia,Dasypodidae,Cabassous tatouay,Greater Naked-tailed Armadillo,Appendix III – National protection
9146,Paraguay,PY,PRY,Native,Mammalia,Dasypodidae,Cabassous tatouay,Greater Naked-tailed Armadillo,Appendix III – National protection
9146,Uruguay,UY,URY,Native,Mammalia,Dasypodidae,Cabassous tatouay,Greater Naked-tailed Armadillo,Appendix III – National protection
5522,Argentina,AR,ARG,Native,Mammalia,Dasypodidae,Chaetophractus nationi,Andean Hairy Armadillo,Appendix II – Trade regulated
5522,Bolivia (Plurinational State of),,,Native,Mammalia,Dasypodidae,Chaetophractus nationi,Andean Hairy Armadillo,Appendix II – Trade regulated
5522,Chile,CL,CHL,Native,Mammalia,Dasypodidae,Chaetophractus nationi,Andean Hairy Armadillo,Appendix II – Trade regulated
5522,Peru,PE,PER,Native,Mammalia,Dasypodidae,Chaetophractus nationi,Andean Hairy Armadillo,Appendix II – Trade regulated
4416,Argentina,AR,ARG,Native,Mammalia,Dasypodidae,Priodontes maximus,Giant Armadillo,Appendix I – Species threatened with extinction
4416,Bolivia (Plurinational State of),,,Native,Mammalia,Dasypodidae,Priodontes maximus,Giant Armadillo,Appendix I – Species threatened with extinction
4416,Brazil,BR,BRA,Native,Mammalia,Dasypodidae,Priodontes maximus,Giant Armadillo,Appendix I – Species threatened with extinction
4416,Colombia,CO,COL,Native,Mammalia,Dasypodidae,Priodontes maximus,Giant Armadillo,Appendix I – Species threatened with extinction
4416,Ecuador,EC,ECU,Native,Mammalia,Dasypodidae,Priodontes maximus,Giant Armadillo,Appendix I – Species threatened with extinction
4416,French Guiana [FR],,,Native,Mammalia,Dasypodidae,Priodontes maximus,Giant Armadillo,Appendix I – Species threatened with extinction
4416,Guyana,GY,GUY,Native,Mammalia,Dasypodidae,Priodontes maximus,Giant Armadillo,Appendix I – Species threatened with extinction
4416,Paraguay,PY,PRY,Native,Mammalia,Dasypodidae,Priodontes maximus,Giant Armadillo,Appendix I – Species threatened with extinction
4416,Peru,PE,PER,Native,Mammalia,Dasypodidae,Priodontes maximus,Giant Armadillo,Appendix I – Species threatened with extinction
4416,Suriname,SR,SUR,Native,Mammalia,Dasypodidae,Priodontes maximus,Giant Armadillo,Appendix I – Species threatened with extinction
4416,Venezuela (Bolivarian Republic of),,,Native,Mammalia,Dasypodidae,Priodontes maximus,Giant Armadillo,Appendix I – Species threatened with extinction
8373,Australia,AU,AUS,Native,Mammalia,Dasyuridae,Sminthopsis longicaudata,Long-tailed Dunnart,Appendix I – Species threatened with extinction
5227,Australia,AU,AUS,Native,Mammalia,Dasyuridae,Sminthopsis psammophila,Sandhill Dunnart,Appendix I – Species threatened with extinction
3236,Indonesia,ID,IDN,Native,Mammalia,Macropodidae,Dendrolagus inustus,Grizzled Tree-kangaroo,Appendix II – Trade regulated
3236,Papua New Guinea,PG,PNG,Native,Mammalia,Macropodidae,Dendrolagus inustus,Grizzled Tree-kangaroo,Appendix II – Trade regulated
3121,Indonesia,ID,IDN,Native,Mammalia,Macropodidae,Dendrolagus ursinus,Ursine Tree-kangaroo,Appendix II – Trade regulated
10717,Australia,AU,AUS,Native,Mammalia,Macropodidae,Lagorchestes hirsutus,Rufous Hare-wallaby,Appendix I – Species threatened with extinction
7642,Australia,AU,AUS,Native,Mammalia,Macropodidae,Lagostrophus fasciatus,Banded Hare-wallaby,Appendix I – Species threatened with extinction
6067,Australia,AU,AUS,Native,Mammalia,Macropodidae,Onychogalea fraenata,Bridled Nail-tail Wallaby,Appendix I – Species threatened with extinction
4886,Papua New Guinea,PG,PNG,Native,Mammalia,Phalangeridae,Phalanger intercastellanus,Southern Common Cuscus,Appendix II – Trade regulated
4443,Australia,AU,AUS,Native,Mammalia,Phalangeridae,Phalanger mimicus,Stein's Cuscus,Appendix II – Trade regulated
4443,Indonesia,ID,IDN,Native,Mammalia,Phalangeridae,Phalanger mimicus,Stein's Cuscus,Appendix II – Trade regulated
4443,Papua New Guinea,PG,PNG,Native,Mammalia,Phalangeridae,Phalanger mimicus,Stein's Cuscus,Appendix II – Trade regulated
5013,Indonesia,ID,IDN,Native,Mammalia,Phalangeridae,Phalanger orientalis,Common Spotted Cuscus,Appendix II – Trade regulated
5013,Papua New Guinea,PG,PNG,Native,Mammalia,Phalangeridae,Phalanger orientalis,Common Spotted Cuscus,Appendix II – Trade regulated
5013,Solomon Islands,SB,SLB,Native,Mammalia,Phalangeridae,Phalanger orientalis,Common Spotted Cuscus,Appendix II – Trade regulated
6401,Papua New Guinea,PG,PNG,Native,Mammalia,Phalangeridae,Spilocuscus kraemeri,Admiralty Spotted Cuscus,Appendix II – Trade regulated
6082,Australia,AU,AUS,Native,Mammalia,Phalangeridae,Spilocuscus maculatus,Common Spotted Cuscus,Appendix II – Trade regulated
6082,Indonesia,ID,IDN,Native,Mammalia,Phalangeridae,Spilocuscus maculatus,Common Spotted Cuscus,Appendix II – Trade regulated
6082,Papua New Guinea,PG,PNG,Native,Mammalia,Phalangeridae,Spilocuscus maculatus,Common Spotted Cuscus,Appendix II – Trade regulated
8763,Indonesia,ID,IDN,Native,Mammalia,Phalangeridae,Spilocuscus papuensis,Woila Cuscus,Appendix II – Trade regulated
5854,Australia,AU,AUS,Native,Mammalia,Potoroidae,Bettongia gaimardi,Tasmanian Bettong,Appendix I – Species threatened with extinction
10686,Australia,AU,AUS,Native,Mammalia,Potoroidae,Bettongia lesueur,Burrowing Bettong (Boodie),Appendix I – Species threatened with extinction
6709,Australia,AU,AUS,Native,Mammalia,Potoroidae,Bettongia penicillata,Woylie (Brush-tailed Bettong),Appendix I – Species threatened with extinction
5740,Australia,AU,AUS,Native,Mammalia,Potoroidae,Bettongia tropica,Northern Bettong,Appendix I – Species threatened with extinction
5983,Australia,AU,AUS,Native,Mammalia,Vombatidae,Lasiorhinus krefftii,Northern Hairy-nosed Wombat,Appendix I – Species threatened with extinction
8697,Bangladesh,BD,BGD,Native,Mammalia,Leporidae,Caprolagus hispidus,Hispid Hare,Appendix I – Species threatened with extinction
8697,Bhutan,BT,BTN,Native,Mammalia,Leporidae,Caprolagus hispidus,Hispid Hare,Appendix I – Species threatened with extinction
8697,India,IN,IND,Native,Mammalia,Leporidae,Caprolagus hispidus,Hispid Hare,Appendix I – Species threatened with extinction
8697,Nepal,NP,NPL,Native,Mammalia,Leporidae,Caprolagus hispidus,Hispid Hare,Appendix I – Species threatened with extinction
10330,Mexico,MX,MEX,Native,Mammalia,Leporidae,Romerolagus diazi,Volcano Rabbit,Appendix I – Species threatened with extinction
9673,Indonesia,ID,IDN,Native,Mammalia,Tachyglossidae,Zaglossus attenboroughi,Sir David's Long-beaked Echidna,Appendix II – Trade regulated
8784,Indonesia,ID,IDN,Native,Mammalia,Tachyglossidae,Zaglossus bartoni,Eastern Long-beaked Echidna,Appendix II – Trade regulated
8784,Papua New Guinea,PG,PNG,Native,Mammalia,Tachyglossidae,Zaglossus bartoni,Eastern Long-beaked Echidna,Appendix II – Trade regulated
4203,Indonesia,ID,IDN,Native,Mammalia,Tachyglossidae,Zaglossus bruijni,Western Long-beaked Echidna,Appendix II – Trade regulated
6211,Australia,AU,AUS,Native,Mammalia,Peramelidae,Perameles bougainville,Western Barred Bandicoot,Appendix I – Species threatened with extinction
7185,Australia,AU,AUS,Native,Mammalia,Thylacomyidae,Macrotis lagotis,Greater Bilby,Appendix I – Species threatened with extinction
3255,Chad,TD,TCD,Native,Mammalia,Equidae,Equus africanus,African Wild Ass,Appendix I – Species threatened with extinction
3255,Djibouti,DJ,DJI,Native,Mammalia,Equidae,Equus africanus,African Wild Ass,Appendix I – Species threatened with extinction
3255,Eritrea,ER,ERI,Native,Mammalia,Equidae,Equus africanus,African Wild Ass,Appendix I – Species threatened with extinction
3255,Ethiopia,ET,ETH,Native,Mammalia,Equidae,Equus africanus,African Wild Ass,Appendix I – Species threatened with extinction
3255,Somalia,SO,SOM,Native,Mammalia,Equidae,Equus africanus,African Wild Ass,Appendix I – Species threatened with extinction
3255,Sudan,SD,SDN,Native,Mammalia,Equidae,Equus africanus,African Wild Ass,Appendix I – Species threatened with extinction
3255,Egypt,EG,EGY,Extinct,Mammalia,Equidae,Equus africanus,African Wild Ass,Appendix I – Species threatened with extinction
4156,Ethiopia,ET,ETH,Native,Mammalia,Equidae,Equus grevyi,Grevy's Zebra,Appendix I – Species threatened with extinction
4156,Kenya,KE,KEN,Native,Mammalia,Equidae,Equus grevyi,Grevy's Zebra,Appendix I – Species threatened with extinction
4156,South Sudan,SS,SSD,Native,Mammalia,Equidae,Equus grevyi,Grevy's Zebra,Appendix I – Species threatened with extinction
4156,Djibouti,DJ,DJI,Extinct,Mammalia,Equidae,Equus grevyi,Grevy's Zebra,Appendix I – Species threatened with extinction
4156,Somalia,SO,SOM,Extinct,Mammalia,Equidae,Equus grevyi,Grevy's Zebra,Appendix I – Species threatened with extinction
11193,Afghanistan,AF,AFG,Native,Mammalia,Equidae,Equus hemionus,Asiatic Wild Ass (Onager),Appendix II – Trade regulated
11193,China,CN,CHN,Native,Mammalia,Equidae,Equus hemionus,Asiatic Wild Ass (Onager),Appendix II – Trade regulated
11193,India,IN,IND,Native,Mammalia,Equidae,Equus hemionus,Asiatic Wild Ass (Onager),Appendix II – Trade regulated
11193,Iran (Islamic Republic of),,,Native,Mammalia,Equidae,Equus hemionus,Asiatic Wild Ass (Onager),Appendix II – Trade regulated
11193,Kazakhstan,KZ,KAZ,Native,Mammalia,Equidae,Equus hemionus,Asiatic Wild Ass (Onager),Appendix II – Trade regulated
11193,Kyrgyzstan,KG,KGZ,Native,Mammalia,Equidae,Equus hemionus,Asiatic Wild Ass (Onager),Appendix II – Trade regulated
11193,Mongolia,MN,MNG,Native,Mammalia,Equidae,Equus hemionus,Asiatic Wild Ass (Onager),Appendix II – Trade regulated
11193,Pakistan,PK,PAK,Native,Mammalia,Equidae,Equus hemionus,Asiatic Wild Ass (Onager),Appendix II – Trade regulated
11193,Russian Federation,,,Native,Mammalia,Equidae,Equus hemionus,Asiatic Wild Ass (Onager),Appendix II – Trade regulated
11193,Saudi Arabia,SA,SAU,Native,Mammalia,Equidae,Equus hemionus,Asiatic Wild Ass (Onager),Appendix II – Trade regulated
11193,Tajikistan,TJ,TJK,Native,Mammalia,Equidae,Equus hemionus,Asiatic Wild Ass (Onager),Appendix II – Trade regulated
11193,Turkmenistan,TM,TKM,Native,Mammalia,Equidae,Equus hemionus,Asiatic Wild Ass (Onager),Appendix II – Trade regulated
11193,Uzbekistan,UZ,UZB,Introduced,Mammalia,Equidae,Equus hemionus,Asiatic Wild Ass (Onager),Appendix II – Trade regulated
11193,Israel,IL,ISR,Reintroduced,Mammalia,Equidae,Equus hemionus,Asiatic Wild Ass (Onager),Appendix II – Trade regulated
11193,Iraq,IQ,IRQ,Extinct,Mammalia,Equidae,Equus hemionus,Asiatic Wild Ass (Onager),Appendix II – Trade regulated
11193,Israel,IL,ISR,Extinct,Mammalia,Equidae,Equus hemionus,Asiatic Wild Ass (Onager),Appendix II – Trade regulated
11193,Syrian Arab Republic,,,Extinct,Mammalia,Equidae,Equus hemionus,Asiatic Wild Ass (Onager),Appendix II – Trade regulated
11193,Ukraine,UA,UKR,Extinct,Mammalia,Equidae,Equus hemionus,Asiatic Wild Ass (Onager),Appendix II – Trade regulated
12227,China,CN,CHN,Native,Mammalia,Equidae,Equus hemionus hemionus,Mongolian Wild Ass,Appendix I – Species threatened with extinction
12227,Kazakhstan,KZ,KAZ,Native,Mammalia,Equidae,Equus hemionus hemionus,Mongolian Wild Ass,Appendix I – Species threatened with extinction
12227,Mongolia,MN,MNG,Native,Mammalia,Equidae,Equus hemionus hemionus,Mongolian Wild Ass,Appendix I – Species threatened with extinction
12227,Russian Federation,,,Native,Mammalia,Equidae,Equus hemionus hemionus,Mongolian Wild Ass,Appendix I – Species threatened with extinction
12335,India,IN,IND,Native,Mammalia,Equidae,Equus hemionus khur,Indian Wild Ass (Khur),Appendix I – Species threatened with extinction
12335,Pakistan,PK,PAK,Native,Mammalia,Equidae,Equus hemionus khur,Indian Wild Ass (Khur),Appendix I – Species threatened with extinction
101272,China,CN,CHN,Native,Mammalia,Equidae,Equus hemionus luteus,Gobi Wild Ass,Appendix I – Species threatened with extinction
101272,Kazakhstan,KZ,KAZ,Native,Mammalia,Equidae,Equus hemionus luteus,Gobi Wild Ass,Appendix I – Species threatened with extinction
101272,Mongolia,MN,MNG,Native,Mammalia,Equidae,Equus hemionus luteus,Gobi Wild Ass,Appendix I – Species threatened with extinction
101272,Russian Federation,,,Native,Mammalia,Equidae,Equus hemionus luteus,Gobi Wild Ass,Appendix I – Species threatened with extinction
7035,China,CN,CHN,Native,Mammalia,Equidae,Equus kiang,Kiang,Appendix II – Trade regulated
7035,India,IN,IND,Native,Mammalia,Equidae,Equus kiang,Kiang,Appendix II – Trade regulated
7035,Nepal,NP,NPL,Native,Mammalia,Equidae,Equus kiang,Kiang,Appendix II – Trade regulated
7035,Pakistan,PK,PAK,Native,Mammalia,Equidae,Equus kiang,Kiang,Appendix II – Trade regulated
9902,China,CN,CHN,Reintroduced,Mammalia,Equidae,Equus przewalskii,Przewalski's Horse,Appendix I – Species threatened with extinction
9902,Mongolia,MN,MNG,Reintroduced,Mammalia,Equidae,Equus przewalskii,Przewalski's Horse,Appendix I – Species threatened with extinction
9902,Kazakhstan,KZ,KAZ,Extinct,Mammalia,Equidae,Equus przewalskii,Przewalski's Horse,Appendix I – Species threatened with extinction
12300,Namibia,NA,NAM,Native,Mammalia,Equidae,Equus zebra hartmannae,Hartmann's Mountain Zebra,Appendix II – Trade regulated
12300,South Africa,ZA,ZAF,Introduced,Mammalia,Equidae,Equus zebra hartmannae,Hartmann's Mountain Zebra,Appendix II – Trade regulated
12266,South Africa,ZA,ZAF,Native,Mammalia,Equidae,Equus zebra zebra,Cape Mountain Zebra,Appendix II – Trade regulated
10255,Democratic Republic of the Congo,CD,COD,Native,Mammalia,Rhinocerotidae,Ceratotherium simum,White Rhinoceros,Appendix I – Species threatened with extinction
10255,South Africa,ZA,ZAF,Native,Mammalia,Rhinocerotidae,Ceratotherium simum,White Rhinoceros,Appendix I – Species threatened with extinction
10255,South Sudan,SS,SSD,Native,Mammalia,Rhinocerotidae,Ceratotherium simum,White Rhinoceros,Appendix I – Species threatened with extinction
10255,C√¥te d'Ivoire,,,Introduced,Mammalia,Rhinocerotidae,Ceratotherium simum,White Rhinoceros,Appendix I – Species threatened with extinction
10255,Kenya,KE,KEN,Introduced,Mammalia,Rhinocerotidae,Ceratotherium simum,White Rhinoceros,Appendix I – Species threatened with extinction
10255,Zambia,ZM,ZMB,Introduced,Mammalia,Rhinocerotidae,Ceratotherium simum,White Rhinoceros,Appendix I – Species threatened with extinction
10255,Botswana,BW,BWA,Reintroduced,Mammalia,Rhinocerotidae,Ceratotherium simum,White Rhinoceros,Appendix I – Species threatened with extinction
10255,Eswatini,,,Reintroduced,Mammalia,Rhinocerotidae,Ceratotherium simum,White Rhinoceros,Appendix I – Species threatened with extinction
10255,Mozambique,MZ,MOZ,Reintroduced,Mammalia,Rhinocerotidae,Ceratotherium simum,White Rhinoceros,Appendix I – Species threatened with extinction
10255,Namibia,NA,NAM,Reintroduced,Mammalia,Rhinocerotidae,Ceratotherium simum,White Rhinoceros,Appendix I – Species threatened with extinction
10255,Zimbabwe,ZW,ZWE,Reintroduced,Mammalia,Rhinocerotidae,Ceratotherium simum,White Rhinoceros,Appendix I – Species threatened with extinction
10255,Angola,AO,AGO,Extinct,Mammalia,Rhinocerotidae,Ceratotherium simum,White Rhinoceros,Appendix I – Species threatened with extinction
10255,Central African Republic,CF,CAF,Extinct,Mammalia,Rhinocerotidae,Ceratotherium simum,White Rhinoceros,Appendix I – Species threatened with extinction
10255,Chad,TD,TCD,Extinct,Mammalia,Rhinocerotidae,Ceratotherium simum,White Rhinoceros,Appendix I – Species threatened with extinction
10255,Eswatini,,,Extinct,Mammalia,Rhinocerotidae,Ceratotherium simum,White Rhinoceros,Appendix I – Species threatened with extinction
10255,Mozambique,MZ,MOZ,Extinct,Mammalia,Rhinocerotidae,Ceratotherium simum,White Rhinoceros,Appendix I – Species threatened with extinction
10255,Namibia,NA,NAM,Extinct,Mammalia,Rhinocerotidae,Ceratotherium simum,White Rhinoceros,Appendix I – Species threatened with extinction
10255,Uganda,UG,UGA,Extinct,Mammalia,Rhinocerotidae,Ceratotherium simum,White Rhinoceros,Appendix I – Species threatened with extinction
10255,Zimbabwe,ZW,ZWE,Extinct,Mammalia,Rhinocerotidae,Ceratotherium simum,White Rhinoceros,Appendix I – Species threatened with extinction
12296,South Africa,ZA,ZAF,Native,Mammalia,Rhinocerotidae,Ceratotherium simum simum,Southern White Rhinoceros,Appendix I / II – Status depends on population
12296,C√¥te d'Ivoire,,,Introduced,Mammalia,Rhinocerotidae,Ceratotherium simum simum,Southern White Rhinoceros,Appendix I / II – Status depends on population
12296,Kenya,KE,KEN,Introduced,Mammalia,Rhinocerotidae,Ceratotherium simum simum,Southern White Rhinoceros,Appendix I / II – Status depends on population
12296,Uganda,UG,UGA,Introduced,Mammalia,Rhinocerotidae,Ceratotherium simum simum,Southern White Rhinoceros,Appendix I / II – Status depends on population
12296,Zambia,ZM,ZMB,Introduced,Mammalia,Rhinocerotidae,Ceratotherium simum simum,Southern White Rhinoceros,Appendix I / II – Status depends on population
12296,Botswana,BW,BWA,Reintroduced,Mammalia,Rhinocerotidae,Ceratotherium simum simum,Southern White Rhinoceros,Appendix I / II – Status depends on population
12296,Eswatini,,,Reintroduced,Mammalia,Rhinocerotidae,Ceratotherium simum simum,Southern White Rhinoceros,Appendix I / II – Status depends on population
12296,Mozambique,MZ,MOZ,Reintroduced,Mammalia,Rhinocerotidae,Ceratotherium simum simum,Southern White Rhinoceros,Appendix I / II – Status depends on population
12296,Namibia,NA,NAM,Reintroduced,Mammalia,Rhinocerotidae,Ceratotherium simum simum,Southern White Rhinoceros,Appendix I / II – Status depends on population
12296,Zimbabwe,ZW,ZWE,Reintroduced,Mammalia,Rhinocerotidae,Ceratotherium simum simum,Southern White Rhinoceros,Appendix I / II – Status depends on population
12296,Angola,AO,AGO,Extinct,Mammalia,Rhinocerotidae,Ceratotherium simum simum,Southern White Rhinoceros,Appendix I / II – Status depends on population
12296,Eswatini,,,Extinct,Mammalia,Rhinocerotidae,Ceratotherium simum simum,Southern White Rhinoceros,Appendix I / II – Status depends on population
5871,India,IN,IND,Native,Mammalia,Rhinocerotidae,Dicerorhinus sumatrensis,Sumatran Rhinoceros,Appendix I – Species threatened with extinction
5871,Indonesia,ID,IDN,Native,Mammalia,Rhinocerotidae,Dicerorhinus sumatrensis,Sumatran Rhinoceros,Appendix I – Species threatened with extinction
5871,Lao People's Democratic Republic,,,Native,Mammalia,Rhinocerotidae,Dicerorhinus sumatrensis,Sumatran Rhinoceros,Appendix I – Species threatened with extinction
5871,Malaysia,MY,MYS,Native,Mammalia,Rhinocerotidae,Dicerorhinus sumatrensis,Sumatran Rhinoceros,Appendix I – Species threatened with extinction
5871,Myanmar,MM,MMR,Native,Mammalia,Rhinocerotidae,Dicerorhinus sumatrensis,Sumatran Rhinoceros,Appendix I – Species threatened with extinction
5871,Thailand,TH,THA,Native,Mammalia,Rhinocerotidae,Dicerorhinus sumatrensis,Sumatran Rhinoceros,Appendix I – Species threatened with extinction
5871,Viet Nam,,,Native,Mammalia,Rhinocerotidae,Dicerorhinus sumatrensis,Sumatran Rhinoceros,Appendix I – Species threatened with extinction
5871,Bangladesh,BD,BGD,Extinct,Mammalia,Rhinocerotidae,Dicerorhinus sumatrensis,Sumatran Rhinoceros,Appendix I – Species threatened with extinction
5871,Brunei Darussalam,,,Extinct,Mammalia,Rhinocerotidae,Dicerorhinus sumatrensis,Sumatran Rhinoceros,Appendix I – Species threatened with extinction
6656,Angola,AO,AGO,Native,Mammalia,Rhinocerotidae,Diceros bicornis,Black Rhinoceros,Appendix I – Species threatened with extinction
6656,Botswana,BW,BWA,Native,Mammalia,Rhinocerotidae,Diceros bicornis,Black Rhinoceros,Appendix I – Species threatened with extinction
6656,Cameroon,CM,CMR,Native,Mammalia,Rhinocerotidae,Diceros bicornis,Black Rhinoceros,Appendix I – Species threatened with extinction
6656,Central African Republic,CF,CAF,Native,Mammalia,Rhinocerotidae,Diceros bicornis,Black Rhinoceros,Appendix I – Species threatened with extinction
6656,Chad,TD,TCD,Native,Mammalia,Rhinocerotidae,Diceros bicornis,Black Rhinoceros,Appendix I – Species threatened with extinction
6656,Eritrea,ER,ERI,Native,Mammalia,Rhinocerotidae,Diceros bicornis,Black Rhinoceros,Appendix I – Species threatened with extinction
6656,Ethiopia,ET,ETH,Native,Mammalia,Rhinocerotidae,Diceros bicornis,Black Rhinoceros,Appendix I – Species threatened with extinction
6656,Kenya,KE,KEN,Native,Mammalia,Rhinocerotidae,Diceros bicornis,Black Rhinoceros,Appendix I – Species threatened with extinction
6656,Malawi,MW,MWI,Native,Mammalia,Rhinocerotidae,Diceros bicornis,Black Rhinoceros,Appendix I – Species threatened with extinction
6656,Mozambique,MZ,MOZ,Native,Mammalia,Rhinocerotidae,Diceros bicornis,Black Rhinoceros,Appendix I – Species threatened with extinction
6656,Namibia,NA,NAM,Native,Mammalia,Rhinocerotidae,Diceros bicornis,Black Rhinoceros,Appendix I – Species threatened with extinction
6656,Somalia,SO,SOM,Native,Mammalia,Rhinocerotidae,Diceros bicornis,Black Rhinoceros,Appendix I – Species threatened with extinction
6656,South Africa,ZA,ZAF,Native,Mammalia,Rhinocerotidae,Diceros bicornis,Black Rhinoceros,Appendix I – Species threatened with extinction
6656,South Sudan,SS,SSD,Native,Mammalia,Rhinocerotidae,Diceros bicornis,Black Rhinoceros,Appendix I – Species threatened with extinction
6656,Uganda,UG,UGA,Native,Mammalia,Rhinocerotidae,Diceros bicornis,Black Rhinoceros,Appendix I – Species threatened with extinction
6656,United Republic of Tanzania,TZ,TZA,Native,Mammalia,Rhinocerotidae,Diceros bicornis,Black Rhinoceros,Appendix I – Species threatened with extinction
6656,Zambia,ZM,ZMB,Native,Mammalia,Rhinocerotidae,Diceros bicornis,Black Rhinoceros,Appendix I – Species threatened with extinction
6656,Zimbabwe,ZW,ZWE,Native,Mammalia,Rhinocerotidae,Diceros bicornis,Black Rhinoceros,Appendix I – Species threatened with extinction
6656,Eswatini,,,Introduced,Mammalia,Rhinocerotidae,Diceros bicornis,Black Rhinoceros,Appendix I – Species threatened with extinction
6656,Rwanda,RW,RWA,Introduced,Mammalia,Rhinocerotidae,Diceros bicornis,Black Rhinoceros,Appendix I – Species threatened with extinction
6656,Burundi,BI,BDI,Extinct,Mammalia,Rhinocerotidae,Diceros bicornis,Black Rhinoceros,Appendix I – Species threatened with extinction
6656,C√¥te d'Ivoire,,,Extinct,Mammalia,Rhinocerotidae,Diceros bicornis,Black Rhinoceros,Appendix I – Species threatened with extinction
6656,Democratic Republic of the Congo,CD,COD,Extinct,Mammalia,Rhinocerotidae,Diceros bicornis,Black Rhinoceros,Appendix I – Species threatened with extinction
6656,Niger,NE,NER,Extinct,Mammalia,Rhinocerotidae,Diceros bicornis,Black Rhinoceros,Appendix I – Species threatened with extinction
6656,Nigeria,NG,NGA,Extinct,Mammalia,Rhinocerotidae,Diceros bicornis,Black Rhinoceros,Appendix I – Species threatened with extinction
5553,Cambodia,KH,KHM,Native,Mammalia,Rhinocerotidae,Rhinoceros sondaicus,Javan Rhinoceros,Appendix I – Species threatened with extinction
5553,China,CN,CHN,Native,Mammalia,Rhinocerotidae,Rhinoceros sondaicus,Javan Rhinoceros,Appendix I – Species threatened with extinction
5553,India,IN,IND,Native,Mammalia,Rhinocerotidae,Rhinoceros sondaicus,Javan Rhinoceros,Appendix I – Species threatened with extinction
5553,Indonesia,ID,IDN,Native,Mammalia,Rhinocerotidae,Rhinoceros sondaicus,Javan Rhinoceros,Appendix I – Species threatened with extinction
5553,Lao People's Democratic Republic,,,Native,Mammalia,Rhinocerotidae,Rhinoceros sondaicus,Javan Rhinoceros,Appendix I – Species threatened with extinction
5553,Malaysia,MY,MYS,Native,Mammalia,Rhinocerotidae,Rhinoceros sondaicus,Javan Rhinoceros,Appendix I – Species threatened with extinction
5553,Myanmar,MM,MMR,Native,Mammalia,Rhinocerotidae,Rhinoceros sondaicus,Javan Rhinoceros,Appendix I – Species threatened with extinction
5553,Thailand,TH,THA,Native,Mammalia,Rhinocerotidae,Rhinoceros sondaicus,Javan Rhinoceros,Appendix I – Species threatened with extinction
5553,Viet Nam,,,Native,Mammalia,Rhinocerotidae,Rhinoceros sondaicus,Javan Rhinoceros,Appendix I – Species threatened with extinction
5553,Bangladesh,BD,BGD,Extinct,Mammalia,Rhinocerotidae,Rhinoceros sondaicus,Javan Rhinoceros,Appendix I – Species threatened with extinction
5103,Bhutan,BT,BTN,Native,Mammalia,Rhinocerotidae,Rhinoceros unicornis,Greater One-horned Rhinoceros (Indian Rhino),Appendix I – Species threatened with extinction
5103,India,IN,IND,Native,Mammalia,Rhinocerotidae,Rhinoceros unicornis,Greater One-horned Rhinoceros (Indian Rhino),Appendix I – Species threatened with extinction
5103,Myanmar,MM,MMR,Native,Mammalia,Rhinocerotidae,Rhinoceros unicornis,Greater One-horned Rhinoceros (Indian Rhino),Appendix I – Species threatened with extinction
5103,Nepal,NP,NPL,Native,Mammalia,Rhinocerotidae,Rhinoceros unicornis,Greater One-horned Rhinoceros (Indian Rhino),Appendix I – Species threatened with extinction
5103,Bangladesh,BD,BGD,Extinct,Mammalia,Rhinocerotidae,Rhinoceros unicornis,Greater One-horned Rhinoceros (Indian Rhino),Appendix I – Species threatened with extinction
5103,Pakistan,PK,PAK,Extinct,Mammalia,Rhinocerotidae,Rhinoceros unicornis,Greater One-horned Rhinoceros (Indian Rhino),Appendix I – Species threatened with extinction
7223,Belize,BZ,BLZ,Native,Mammalia,Tapiridae,Tapirus bairdii,Baird's Tapir,Appendix I – Species threatened with extinction
7223,Colombia,CO,COL,Native,Mammalia,Tapiridae,Tapirus bairdii,Baird's Tapir,Appendix I – Species threatened with extinction
7223,Costa Rica,CR,CRI,Native,Mammalia,Tapiridae,Tapirus bairdii,Baird's Tapir,Appendix I – Species threatened with extinction
7223,Ecuador,EC,ECU,Native,Mammalia,Tapiridae,Tapirus bairdii,Baird's Tapir,Appendix I – Species threatened with extinction
7223,Guatemala,GT,GTM,Native,Mammalia,Tapiridae,Tapirus bairdii,Baird's Tapir,Appendix I – Species threatened with extinction
7223,Honduras,HN,HND,Native,Mammalia,Tapiridae,Tapirus bairdii,Baird's Tapir,Appendix I – Species threatened with extinction
7223,Mexico,MX,MEX,Native,Mammalia,Tapiridae,Tapirus bairdii,Baird's Tapir,Appendix I – Species threatened with extinction
7223,Nicaragua,NI,NIC,Native,Mammalia,Tapiridae,Tapirus bairdii,Baird's Tapir,Appendix I – Species threatened with extinction
7223,Panama,PA,PAN,Native,Mammalia,Tapiridae,Tapirus bairdii,Baird's Tapir,Appendix I – Species threatened with extinction
7223,El Salvador,SV,SLV,Extinct,Mammalia,Tapiridae,Tapirus bairdii,Baird's Tapir,Appendix I – Species threatened with extinction
4052,Indonesia,ID,IDN,Native,Mammalia,Tapiridae,Tapirus indicus,Malayan Tapir,Appendix I – Species threatened with extinction
4052,Lao People's Democratic Republic,,,Native,Mammalia,Tapiridae,Tapirus indicus,Malayan Tapir,Appendix I – Species threatened with extinction
4052,Malaysia,MY,MYS,Native,Mammalia,Tapiridae,Tapirus indicus,Malayan Tapir,Appendix I – Species threatened with extinction
4052,Myanmar,MM,MMR,Native,Mammalia,Tapiridae,Tapirus indicus,Malayan Tapir,Appendix I – Species threatened with extinction
4052,Thailand,TH,THA,Native,Mammalia,Tapiridae,Tapirus indicus,Malayan Tapir,Appendix I – Species threatened with extinction
4052,Viet Nam,,,Native,Mammalia,Tapiridae,Tapirus indicus,Malayan Tapir,Appendix I – Species threatened with extinction
10095,Colombia,CO,COL,Native,Mammalia,Tapiridae,Tapirus pinchaque,Mountain Tapir,Appendix I – Species threatened with extinction
10095,Ecuador,EC,ECU,Native,Mammalia,Tapiridae,Tapirus pinchaque,Mountain Tapir,Appendix I – Species threatened with extinction
10095,Peru,PE,PER,Native,Mammalia,Tapiridae,Tapirus pinchaque,Mountain Tapir,Appendix I – Species threatened with extinction
10095,Venezuela (Bolivarian Republic of),,,Native,Mammalia,Tapiridae,Tapirus pinchaque,Mountain Tapir,Appendix I – Species threatened with extinction
3928,Argentina,AR,ARG,Native,Mammalia,Tapiridae,Tapirus terrestris,South American Tapir (Brazilian Tapir),Appendix II – Trade regulated
3928,Bolivia (Plurinational State of),,,Native,Mammalia,Tapiridae,Tapirus terrestris,South American Tapir (Brazilian Tapir),Appendix II – Trade regulated
3928,Brazil,BR,BRA,Native,Mammalia,Tapiridae,Tapirus terrestris,South American Tapir (Brazilian Tapir),Appendix II – Trade regulated
3928,Colombia,CO,COL,Native,Mammalia,Tapiridae,Tapirus terrestris,South American Tapir (Brazilian Tapir),Appendix II – Trade regulated
3928,Ecuador,EC,ECU,Native,Mammalia,Tapiridae,Tapirus terrestris,South American Tapir (Brazilian Tapir),Appendix II – Trade regulated
3928,French Guiana [FR],,,Native,Mammalia,Tapiridae,Tapirus terrestris,South American Tapir (Brazilian Tapir),Appendix II – Trade regulated
3928,Guyana,GY,GUY,Native,Mammalia,Tapiridae,Tapirus terrestris,South American Tapir (Brazilian Tapir),Appendix II – Trade regulated
3928,Paraguay,PY,PRY,Native,Mammalia,Tapiridae,Tapirus terrestris,South American Tapir (Brazilian Tapir),Appendix II – Trade regulated
3928,Peru,PE,PER,Native,Mammalia,Tapiridae,Tapirus terrestris,South American Tapir (Brazilian Tapir),Appendix II – Trade regulated
3928,Suriname,SR,SUR,Native,Mammalia,Tapiridae,Tapirus terrestris,South American Tapir (Brazilian Tapir),Appendix II – Trade regulated
3928,Venezuela (Bolivarian Republic of),,,Native,Mammalia,Tapiridae,Tapirus terrestris,South American Tapir (Brazilian Tapir),Appendix II – Trade regulated
9849,Bangladesh,BD,BGD,Native,Mammalia,Manidae,Manis crassicaudata,Indian Pangolin,Appendix I – Species threatened with extinction
9849,China,CN,CHN,Native,Mammalia,Manidae,Manis crassicaudata,Indian Pangolin,Appendix I – Species threatened with extinction
9849,India,IN,IND,Native,Mammalia,Manidae,Manis crassicaudata,Indian Pangolin,Appendix I – Species threatened with extinction
9849,Nepal,NP,NPL,Native,Mammalia,Manidae,Manis crassicaudata,Indian Pangolin,Appendix I – Species threatened with extinction
9849,Pakistan,PK,PAK,Native,Mammalia,Manidae,Manis crassicaudata,Indian Pangolin,Appendix I – Species threatened with extinction
9849,Sri Lanka,LK,LKA,Native,Mammalia,Manidae,Manis crassicaudata,Indian Pangolin,Appendix I – Species threatened with extinction
5098,Philippines,PH,PHL,Native,Mammalia,Manidae,Manis culionensis,Philippine Pangolin,Appendix I – Species threatened with extinction
11136,Angola,AO,AGO,Native,Mammalia,Manidae,Manis gigantea,Giant Pangolin,Appendix I – Species threatened with extinction
11136,Cameroon,CM,CMR,Native,Mammalia,Manidae,Manis gigantea,Giant Pangolin,Appendix I – Species threatened with extinction
11136,Chad,TD,TCD,Native,Mammalia,Manidae,Manis gigantea,Giant Pangolin,Appendix I – Species threatened with extinction
11136,Congo,,,Native,Mammalia,Manidae,Manis gigantea,Giant Pangolin,Appendix I – Species threatened with extinction
11136,Democratic Republic of the Congo,CD,COD,Native,Mammalia,Manidae,Manis gigantea,Giant Pangolin,Appendix I – Species threatened with extinction
11136,Equatorial Guinea,GQ,GNQ,Native,Mammalia,Manidae,Manis gigantea,Giant Pangolin,Appendix I – Species threatened with extinction
11136,Gabon,GA,GAB,Native,Mammalia,Manidae,Manis gigantea,Giant Pangolin,Appendix I – Species threatened with extinction
11136,Ghana,GH,GHA,Native,Mammalia,Manidae,Manis gigantea,Giant Pangolin,Appendix I – Species threatened with extinction
11136,Guinea,GN,GIN,Native,Mammalia,Manidae,Manis gigantea,Giant Pangolin,Appendix I – Species threatened with extinction
11136,Kenya,KE,KEN,Native,Mammalia,Manidae,Manis gigantea,Giant Pangolin,Appendix I – Species threatened with extinction
11136,Liberia,LR,LBR,Native,Mammalia,Manidae,Manis gigantea,Giant Pangolin,Appendix I – Species threatened with extinction
11136,Niger,NE,NER,Native,Mammalia,Manidae,Manis gigantea,Giant Pangolin,Appendix I – Species threatened with extinction
11136,Rwanda,RW,RWA,Native,Mammalia,Manidae,Manis gigantea,Giant Pangolin,Appendix I – Species threatened with extinction
11136,Senegal,SN,SEN,Native,Mammalia,Manidae,Manis gigantea,Giant Pangolin,Appendix I – Species threatened with extinction
11136,Sierra Leone,SL,SLE,Native,Mammalia,Manidae,Manis gigantea,Giant Pangolin,Appendix I – Species threatened with extinction
11136,Uganda,UG,UGA,Native,Mammalia,Manidae,Manis gigantea,Giant Pangolin,Appendix I – Species threatened with extinction
5034,Brunei Darussalam,,,Native,Mammalia,Manidae,Manis javanica,Sunda Pangolin,Appendix I – Species threatened with extinction
5034,Cambodia,KH,KHM,Native,Mammalia,Manidae,Manis javanica,Sunda Pangolin,Appendix I – Species threatened with extinction
5034,Indonesia,ID,IDN,Native,Mammalia,Manidae,Manis javanica,Sunda Pangolin,Appendix I – Species threatened with extinction
5034,Lao People's Democratic Republic,,,Native,Mammalia,Manidae,Manis javanica,Sunda Pangolin,Appendix I – Species threatened with extinction
5034,Malaysia,MY,MYS,Native,Mammalia,Manidae,Manis javanica,Sunda Pangolin,Appendix I – Species threatened with extinction
5034,Myanmar,MM,MMR,Native,Mammalia,Manidae,Manis javanica,Sunda Pangolin,Appendix I – Species threatened with extinction
5034,Singapore,SG,SGP,Native,Mammalia,Manidae,Manis javanica,Sunda Pangolin,Appendix I – Species threatened with extinction
5034,Thailand,TH,THA,Native,Mammalia,Manidae,Manis javanica,Sunda Pangolin,Appendix I – Species threatened with extinction
5034,Viet Nam,,,Native,Mammalia,Manidae,Manis javanica,Sunda Pangolin,Appendix I – Species threatened with extinction
5373,Bangladesh,BD,BGD,Native,Mammalia,Manidae,Manis pentadactyla,Chinese Pangolin,Appendix I – Species threatened with extinction
5373,Bhutan,BT,BTN,Native,Mammalia,Manidae,Manis pentadactyla,Chinese Pangolin,Appendix I – Species threatened with extinction
5373,Cambodia,KH,KHM,Native,Mammalia,Manidae,Manis pentadactyla,Chinese Pangolin,Appendix I – Species threatened with extinction
5373,China,CN,CHN,Native,Mammalia,Manidae,Manis pentadactyla,Chinese Pangolin,Appendix I – Species threatened with extinction
5373,Hong Kong,,,Native,Mammalia,Manidae,Manis pentadactyla,Chinese Pangolin,Appendix I – Species threatened with extinction
5373,SAR,,,Native,Mammalia,Manidae,Manis pentadactyla,Chinese Pangolin,Appendix I – Species threatened with extinction
5373,India,IN,IND,Native,Mammalia,Manidae,Manis pentadactyla,Chinese Pangolin,Appendix I – Species threatened with extinction
5373,Lao People's Democratic Republic,,,Native,Mammalia,Manidae,Manis pentadactyla,Chinese Pangolin,Appendix I – Species threatened with extinction
5373,Myanmar,MM,MMR,Native,Mammalia,Manidae,Manis pentadactyla,Chinese Pangolin,Appendix I – Species threatened with extinction
5373,Nepal,NP,NPL,Native,Mammalia,Manidae,Manis pentadactyla,Chinese Pangolin,Appendix I – Species threatened with extinction
5373,Taiwan,CN-TW,TWN,Native,Mammalia,Manidae,Manis pentadactyla,Chinese Pangolin,Appendix I – Species threatened with extinction
5373,Province of China,,,Native,Mammalia,Manidae,Manis pentadactyla,Chinese Pangolin,Appendix I – Species threatened with extinction
5373,Thailand,TH,THA,Native,Mammalia,Manidae,Manis pentadactyla,Chinese Pangolin,Appendix I – Species threatened with extinction
5373,Viet Nam,,,Native,Mammalia,Manidae,Manis pentadactyla,Chinese Pangolin,Appendix I – Species threatened with extinction
6617,Angola,AO,AGO,Native,Mammalia,Manidae,Manis temminckii,Temminck's Pangolin (Ground Pangolin),Appendix I – Species threatened with extinction
6617,Botswana,BW,BWA,Native,Mammalia,Manidae,Manis temminckii,Temminck's Pangolin (Ground Pangolin),Appendix I – Species threatened with extinction
6617,Central African Republic,CF,CAF,Native,Mammalia,Manidae,Manis temminckii,Temminck's Pangolin (Ground Pangolin),Appendix I – Species threatened with extinction
6617,Chad,TD,TCD,Native,Mammalia,Manidae,Manis temminckii,Temminck's Pangolin (Ground Pangolin),Appendix I – Species threatened with extinction
6617,Eswatini,,,Native,Mammalia,Manidae,Manis temminckii,Temminck's Pangolin (Ground Pangolin),Appendix I – Species threatened with extinction
6617,Ethiopia,ET,ETH,Native,Mammalia,Manidae,Manis temminckii,Temminck's Pangolin (Ground Pangolin),Appendix I – Species threatened with extinction
6617,Kenya,KE,KEN,Native,Mammalia,Manidae,Manis temminckii,Temminck's Pangolin (Ground Pangolin),Appendix I – Species threatened with extinction
6617,Lesotho,LS,LSO,Native,Mammalia,Manidae,Manis temminckii,Temminck's Pangolin (Ground Pangolin),Appendix I – Species threatened with extinction
6617,Malawi,MW,MWI,Native,Mammalia,Manidae,Manis temminckii,Temminck's Pangolin (Ground Pangolin),Appendix I – Species threatened with extinction
6617,Mozambique,MZ,MOZ,Native,Mammalia,Manidae,Manis temminckii,Temminck's Pangolin (Ground Pangolin),Appendix I – Species threatened with extinction
6617,Namibia,NA,NAM,Native,Mammalia,Manidae,Manis temminckii,Temminck's Pangolin (Ground Pangolin),Appendix I – Species threatened with extinction
6617,Rwanda,RW,RWA,Native,Mammalia,Manidae,Manis temminckii,Temminck's Pangolin (Ground Pangolin),Appendix I – Species threatened with extinction
6617,South Africa,ZA,ZAF,Native,Mammalia,Manidae,Manis temminckii,Temminck's Pangolin (Ground Pangolin),Appendix I – Species threatened with extinction
6617,South Sudan,SS,SSD,Native,Mammalia,Manidae,Manis temminckii,Temminck's Pangolin (Ground Pangolin),Appendix I – Species threatened with extinction
6617,Sudan,SD,SDN,Native,Mammalia,Manidae,Manis temminckii,Temminck's Pangolin (Ground Pangolin),Appendix I – Species threatened with extinction
6617,Uganda,UG,UGA,Native,Mammalia,Manidae,Manis temminckii,Temminck's Pangolin (Ground Pangolin),Appendix I – Species threatened with extinction
6617,United Republic of Tanzania,TZ,TZA,Native,Mammalia,Manidae,Manis temminckii,Temminck's Pangolin (Ground Pangolin),Appendix I – Species threatened with extinction
6617,Zambia,ZM,ZMB,Native,Mammalia,Manidae,Manis temminckii,Temminck's Pangolin (Ground Pangolin),Appendix I – Species threatened with extinction
6617,Zimbabwe,ZW,ZWE,Native,Mammalia,Manidae,Manis temminckii,Temminck's Pangolin (Ground Pangolin),Appendix I – Species threatened with extinction
6723,Angola,AO,AGO,Native,Mammalia,Manidae,Manis tetradactyla,Long-tailed Pangolin (Black-bellied),Appendix I – Species threatened with extinction
6723,Cameroon,CM,CMR,Native,Mammalia,Manidae,Manis tetradactyla,Long-tailed Pangolin (Black-bellied),Appendix I – Species threatened with extinction
6723,Congo,,,Native,Mammalia,Manidae,Manis tetradactyla,Long-tailed Pangolin (Black-bellied),Appendix I – Species threatened with extinction
6723,C√¥te d'Ivoire,,,Native,Mammalia,Manidae,Manis tetradactyla,Long-tailed Pangolin (Black-bellied),Appendix I – Species threatened with extinction
6723,Democratic Republic of the Congo,CD,COD,Native,Mammalia,Manidae,Manis tetradactyla,Long-tailed Pangolin (Black-bellied),Appendix I – Species threatened with extinction
6723,Equatorial Guinea,GQ,GNQ,Native,Mammalia,Manidae,Manis tetradactyla,Long-tailed Pangolin (Black-bellied),Appendix I – Species threatened with extinction
6723,Gabon,GA,GAB,Native,Mammalia,Manidae,Manis tetradactyla,Long-tailed Pangolin (Black-bellied),Appendix I – Species threatened with extinction
6723,Ghana,GH,GHA,Native,Mammalia,Manidae,Manis tetradactyla,Long-tailed Pangolin (Black-bellied),Appendix I – Species threatened with extinction
6723,Guinea,GN,GIN,Native,Mammalia,Manidae,Manis tetradactyla,Long-tailed Pangolin (Black-bellied),Appendix I – Species threatened with extinction
6723,Liberia,LR,LBR,Native,Mammalia,Manidae,Manis tetradactyla,Long-tailed Pangolin (Black-bellied),Appendix I – Species threatened with extinction
6723,Nigeria,NG,NGA,Native,Mammalia,Manidae,Manis tetradactyla,Long-tailed Pangolin (Black-bellied),Appendix I – Species threatened with extinction
6723,Sierra Leone,SL,SLE,Native,Mammalia,Manidae,Manis tetradactyla,Long-tailed Pangolin (Black-bellied),Appendix I – Species threatened with extinction
6723,Uganda,UG,UGA,Native,Mammalia,Manidae,Manis tetradactyla,Long-tailed Pangolin (Black-bellied),Appendix I – Species threatened with extinction
4085,Angola,AO,AGO,Native,Mammalia,Manidae,Manis tricuspis,White-bellied Pangolin (Tree Pangolin),Appendix I – Species threatened with extinction
4085,Benin,BJ,BEN,Native,Mammalia,Manidae,Manis tricuspis,White-bellied Pangolin (Tree Pangolin),Appendix I – Species threatened with extinction
4085,Cameroon,CM,CMR,Native,Mammalia,Manidae,Manis tricuspis,White-bellied Pangolin (Tree Pangolin),Appendix I – Species threatened with extinction
4085,Congo,,,Native,Mammalia,Manidae,Manis tricuspis,White-bellied Pangolin (Tree Pangolin),Appendix I – Species threatened with extinction
4085,C√¥te d'Ivoire,,,Native,Mammalia,Manidae,Manis tricuspis,White-bellied Pangolin (Tree Pangolin),Appendix I – Species threatened with extinction
4085,Democratic Republic of the Congo,CD,COD,Native,Mammalia,Manidae,Manis tricuspis,White-bellied Pangolin (Tree Pangolin),Appendix I – Species threatened with extinction
4085,Equatorial Guinea,GQ,GNQ,Native,Mammalia,Manidae,Manis tricuspis,White-bellied Pangolin (Tree Pangolin),Appendix I – Species threatened with extinction
4085,Gabon,GA,GAB,Native,Mammalia,Manidae,Manis tricuspis,White-bellied Pangolin (Tree Pangolin),Appendix I – Species threatened with extinction
4085,Ghana,GH,GHA,Native,Mammalia,Manidae,Manis tricuspis,White-bellied Pangolin (Tree Pangolin),Appendix I – Species threatened with extinction
4085,Guinea,GN,GIN,Native,Mammalia,Manidae,Manis tricuspis,White-bellied Pangolin (Tree Pangolin),Appendix I – Species threatened with extinction
4085,Kenya,KE,KEN,Native,Mammalia,Manidae,Manis tricuspis,White-bellied Pangolin (Tree Pangolin),Appendix I – Species threatened with extinction
4085,Liberia,LR,LBR,Native,Mammalia,Manidae,Manis tricuspis,White-bellied Pangolin (Tree Pangolin),Appendix I – Species threatened with extinction
4085,Nigeria,NG,NGA,Native,Mammalia,Manidae,Manis tricuspis,White-bellied Pangolin (Tree Pangolin),Appendix I – Species threatened with extinction
4085,Rwanda,RW,RWA,Native,Mammalia,Manidae,Manis tricuspis,White-bellied Pangolin (Tree Pangolin),Appendix I – Species threatened with extinction
4085,Sierra Leone,SL,SLE,Native,Mammalia,Manidae,Manis tricuspis,White-bellied Pangolin (Tree Pangolin),Appendix I – Species threatened with extinction
4085,South Sudan,SS,SSD,Native,Mammalia,Manidae,Manis tricuspis,White-bellied Pangolin (Tree Pangolin),Appendix I – Species threatened with extinction
4085,Togo,TG,TGO,Native,Mammalia,Manidae,Manis tricuspis,White-bellied Pangolin (Tree Pangolin),Appendix I – Species threatened with extinction
4085,Uganda,UG,UGA,Native,Mammalia,Manidae,Manis tricuspis,White-bellied Pangolin (Tree Pangolin),Appendix I – Species threatened with extinction
4085,Zambia,ZM,ZMB,Native,Mammalia,Manidae,Manis tricuspis,White-bellied Pangolin (Tree Pangolin),Appendix I – Species threatened with extinction
54736,Panama,PA,PAN,Native,Mammalia,Bradypodidae,Bradypus pygmaeus,Pygmy Three-toed Sloth,Appendix II – Trade regulated
5257,Argentina,AR,ARG,Native,Mammalia,Bradypodidae,Bradypus variegatus,Brown-throated Three-toed Sloth,Appendix II – Trade regulated
5257,Bolivia (Plurinational State of),,,Native,Mammalia,Bradypodidae,Bradypus variegatus,Brown-throated Three-toed Sloth,Appendix II – Trade regulated
5257,Brazil,BR,BRA,Native,Mammalia,Bradypodidae,Bradypus variegatus,Brown-throated Three-toed Sloth,Appendix II – Trade regulated
5257,Colombia,CO,COL,Native,Mammalia,Bradypodidae,Bradypus variegatus,Brown-throated Three-toed Sloth,Appendix II – Trade regulated
5257,Costa Rica,CR,CRI,Native,Mammalia,Bradypodidae,Bradypus variegatus,Brown-throated Three-toed Sloth,Appendix II – Trade regulated
5257,Ecuador,EC,ECU,Native,Mammalia,Bradypodidae,Bradypus variegatus,Brown-throated Three-toed Sloth,Appendix II – Trade regulated
5257,Honduras,HN,HND,Native,Mammalia,Bradypodidae,Bradypus variegatus,Brown-throated Three-toed Sloth,Appendix II – Trade regulated
5257,Nicaragua,NI,NIC,Native,Mammalia,Bradypodidae,Bradypus variegatus,Brown-throated Three-toed Sloth,Appendix II – Trade regulated
5257,Panama,PA,PAN,Native,Mammalia,Bradypodidae,Bradypus variegatus,Brown-throated Three-toed Sloth,Appendix II – Trade regulated
5257,Paraguay,PY,PRY,Native,Mammalia,Bradypodidae,Bradypus variegatus,Brown-throated Three-toed Sloth,Appendix II – Trade regulated
5257,Peru,PE,PER,Native,Mammalia,Bradypodidae,Bradypus variegatus,Brown-throated Three-toed Sloth,Appendix II – Trade regulated
5257,Venezuela (Bolivarian Republic of),,,Native,Mammalia,Bradypodidae,Bradypus variegatus,Brown-throated Three-toed Sloth,Appendix II – Trade regulated
4631,Argentina,AR,ARG,Native,Mammalia,Myrmecophagidae,Myrmecophaga tridactyla,Giant Anteater,Appendix II – Trade regulated
4631,Bolivia (Plurinational State of),,,Native,Mammalia,Myrmecophagidae,Myrmecophaga tridactyla,Giant Anteater,Appendix II – Trade regulated
4631,Brazil,BR,BRA,Native,Mammalia,Myrmecophagidae,Myrmecophaga tridactyla,Giant Anteater,Appendix II – Trade regulated
4631,Colombia,CO,COL,Native,Mammalia,Myrmecophagidae,Myrmecophaga tridactyla,Giant Anteater,Appendix II – Trade regulated
4631,Costa Rica,CR,CRI,Native,Mammalia,Myrmecophagidae,Myrmecophaga tridactyla,Giant Anteater,Appendix II – Trade regulated
4631,French Guiana [FR],,,Native,Mammalia,Myrmecophagidae,Myrmecophaga tridactyla,Giant Anteater,Appendix II – Trade regulated
4631,Guyana,GY,GUY,Native,Mammalia,Myrmecophagidae,Myrmecophaga tridactyla,Giant Anteater,Appendix II – Trade regulated
4631,Honduras,HN,HND,Native,Mammalia,Myrmecophagidae,Myrmecophaga tridactyla,Giant Anteater,Appendix II – Trade regulated
4631,Nicaragua,NI,NIC,Native,Mammalia,Myrmecophagidae,Myrmecophaga tridactyla,Giant Anteater,Appendix II – Trade regulated
4631,Panama,PA,PAN,Native,Mammalia,Myrmecophagidae,Myrmecophaga tridactyla,Giant Anteater,Appendix II – Trade regulated
4631,Paraguay,PY,PRY,Native,Mammalia,Myrmecophagidae,Myrmecophaga tridactyla,Giant Anteater,Appendix II – Trade regulated
4631,Peru,PE,PER,Native,Mammalia,Myrmecophagidae,Myrmecophaga tridactyla,Giant Anteater,Appendix II – Trade regulated
4631,Suriname,SR,SUR,Native,Mammalia,Myrmecophagidae,Myrmecophaga tridactyla,Giant Anteater,Appendix II – Trade regulated
4631,Uruguay,UY,URY,Native,Mammalia,Myrmecophagidae,Myrmecophaga tridactyla,Giant Anteater,Appendix II – Trade regulated
4631,Venezuela (Bolivarian Republic of),,,Native,Mammalia,Myrmecophagidae,Myrmecophaga tridactyla,Giant Anteater,Appendix II – Trade regulated
4631,El Salvador,SV,SLV,Extinct,Mammalia,Myrmecophagidae,Myrmecophaga tridactyla,Giant Anteater,Appendix II – Trade regulated
4631,Guatemala,GT,GTM,Extinct,Mammalia,Myrmecophagidae,Myrmecophaga tridactyla,Giant Anteater,Appendix II – Trade regulated
4209,Belize,BZ,BLZ,Native,Mammalia,Myrmecophagidae,Tamandua mexicana,Northern Tamandua,Appendix III – National protection
4209,Colombia,CO,COL,Native,Mammalia,Myrmecophagidae,Tamandua mexicana,Northern Tamandua,Appendix III – National protection
4209,Costa Rica,CR,CRI,Native,Mammalia,Myrmecophagidae,Tamandua mexicana,Northern Tamandua,Appendix III – National protection
4209,Ecuador,EC,ECU,Native,Mammalia,Myrmecophagidae,Tamandua mexicana,Northern Tamandua,Appendix III – National protection
4209,El Salvador,SV,SLV,Native,Mammalia,Myrmecophagidae,Tamandua mexicana,Northern Tamandua,Appendix III – National protection
4209,Guatemala,GT,GTM,Native,Mammalia,Myrmecophagidae,Tamandua mexicana,Northern Tamandua,Appendix III – National protection
4209,Honduras,HN,HND,Native,Mammalia,Myrmecophagidae,Tamandua mexicana,Northern Tamandua,Appendix III – National protection
4209,Mexico,MX,MEX,Native,Mammalia,Myrmecophagidae,Tamandua mexicana,Northern Tamandua,Appendix III – National protection
4209,Nicaragua,NI,NIC,Native,Mammalia,Myrmecophagidae,Tamandua mexicana,Northern Tamandua,Appendix III – National protection
4209,Panama,PA,PAN,Native,Mammalia,Myrmecophagidae,Tamandua mexicana,Northern Tamandua,Appendix III – National protection
4209,Peru,PE,PER,Native,Mammalia,Myrmecophagidae,Tamandua mexicana,Northern Tamandua,Appendix III – National protection
4209,Venezuela (Bolivarian Republic of),,,Native,Mammalia,Myrmecophagidae,Tamandua mexicana,Northern Tamandua,Appendix III – National protection
6177,Argentina,AR,ARG,Native,Mammalia,Aotidae,Aotus azarae,Azara's Night Monkey,Appendix II – Trade regulated
6177,Bolivia (Plurinational State of),,,Native,Mammalia,Aotidae,Aotus azarae,Azara's Night Monkey,Appendix II – Trade regulated
6177,Brazil,BR,BRA,Native,Mammalia,Aotidae,Aotus azarae,Azara's Night Monkey,Appendix II – Trade regulated
6177,Paraguay,PY,PRY,Native,Mammalia,Aotidae,Aotus azarae,Azara's Night Monkey,Appendix II – Trade regulated
6177,Peru,PE,PER,Native,Mammalia,Aotidae,Aotus azarae,Azara's Night Monkey,Appendix II – Trade regulated
7846,Colombia,CO,COL,Native,Mammalia,Aotidae,Aotus jorgehernandezi,Hernandez-Camacho's Night Monkey,Appendix II – Trade regulated
7725,Colombia,CO,COL,Native,Mammalia,Aotidae,Aotus lemurinus,Gray-bellied Night Monkey,Appendix II – Trade regulated
7725,Ecuador,EC,ECU,Native,Mammalia,Aotidae,Aotus lemurinus,Gray-bellied Night Monkey,Appendix II – Trade regulated
7725,Panama,PA,PAN,Native,Mammalia,Aotidae,Aotus lemurinus,Gray-bellied Night Monkey,Appendix II – Trade regulated
3269,Peru,PE,PER,Native,Mammalia,Aotidae,Aotus miconax,Andean Night Monkey,Appendix II – Trade regulated
8974,Brazil,BR,BRA,Native,Mammalia,Aotidae,Aotus nancymaae,Nancy Ma's Night Monkey,Appendix II – Trade regulated
8974,Peru,PE,PER,Native,Mammalia,Aotidae,Aotus nancymaae,Nancy Ma's Night Monkey,Appendix II – Trade regulated
5421,Bolivia (Plurinational State of),,,Native,Mammalia,Aotidae,Aotus nigriceps,Black-headed Night Monkey,Appendix II – Trade regulated
5421,Brazil,BR,BRA,Native,Mammalia,Aotidae,Aotus nigriceps,Black-headed Night Monkey,Appendix II – Trade regulated
5421,Peru,PE,PER,Native,Mammalia,Aotidae,Aotus nigriceps,Black-headed Night Monkey,Appendix II – Trade regulated
6573,Brazil,BR,BRA,Native,Mammalia,Aotidae,Aotus trivirgatus,Three-striped Night Monkey,Appendix II – Trade regulated
6573,Guyana,GY,GUY,Native,Mammalia,Aotidae,Aotus trivirgatus,Three-striped Night Monkey,Appendix II – Trade regulated
6573,Venezuela (Bolivarian Republic of),,,Native,Mammalia,Aotidae,Aotus trivirgatus,Three-striped Night Monkey,Appendix II – Trade regulated
6415,Brazil,BR,BRA,Native,Mammalia,Aotidae,Aotus vociferans,Spix's Night Monkey,Appendix II – Trade regulated
6415,Colombia,CO,COL,Native,Mammalia,Aotidae,Aotus vociferans,Spix's Night Monkey,Appendix II – Trade regulated
6415,Ecuador,EC,ECU,Native,Mammalia,Aotidae,Aotus vociferans,Spix's Night Monkey,Appendix II – Trade regulated
6415,Peru,PE,PER,Native,Mammalia,Aotidae,Aotus vociferans,Spix's Night Monkey,Appendix II – Trade regulated
6096,Brazil,BR,BRA,Native,Mammalia,Atelidae,Alouatta belzebul,Red-handed Howler,Appendix II – Trade regulated
8425,Argentina,AR,ARG,Native,Mammalia,Atelidae,Alouatta caraya,Black Howler,Appendix II – Trade regulated
8425,Bolivia (Plurinational State of),,,Native,Mammalia,Atelidae,Alouatta caraya,Black Howler,Appendix II – Trade regulated
8425,Brazil,BR,BRA,Native,Mammalia,Atelidae,Alouatta caraya,Black Howler,Appendix II – Trade regulated
8425,Paraguay,PY,PRY,Native,Mammalia,Atelidae,Alouatta caraya,Black Howler,Appendix II – Trade regulated
5404,Argentina,AR,ARG,Native,Mammalia,Atelidae,Alouatta guariba,Brown Howler,Appendix II – Trade regulated
5404,Bolivia (Plurinational State of),,,Native,Mammalia,Atelidae,Alouatta guariba,Brown Howler,Appendix II – Trade regulated
5404,Brazil,BR,BRA,Native,Mammalia,Atelidae,Alouatta guariba,Brown Howler,Appendix II – Trade regulated
11135,Brazil,BR,BRA,Native,Mammalia,Atelidae,Alouatta macconnelli,Guianan Red Howler,Appendix II – Trade regulated
11135,French Guiana [FR],,,Native,Mammalia,Atelidae,Alouatta macconnelli,Guianan Red Howler,Appendix II – Trade regulated
11135,Guyana,GY,GUY,Native,Mammalia,Atelidae,Alouatta macconnelli,Guianan Red Howler,Appendix II – Trade regulated
11135,Suriname,SR,SUR,Native,Mammalia,Atelidae,Alouatta macconnelli,Guianan Red Howler,Appendix II – Trade regulated
11135,Trinidad and Tobago,TT,TTO,Native,Mammalia,Atelidae,Alouatta macconnelli,Guianan Red Howler,Appendix II – Trade regulated
11135,Venezuela (Bolivarian Republic of),,,Native,Mammalia,Atelidae,Alouatta macconnelli,Guianan Red Howler,Appendix II – Trade regulated
8976,Brazil,BR,BRA,Native,Mammalia,Atelidae,Alouatta nigerrima,Amazon Black Howler,Appendix II – Trade regulated
5936,Colombia,CO,COL,Native,Mammalia,Atelidae,Alouatta palliata,Mantled Howler,Appendix I – Species threatened with extinction
5936,Costa Rica,CR,CRI,Native,Mammalia,Atelidae,Alouatta palliata,Mantled Howler,Appendix I – Species threatened with extinction
5936,Ecuador,EC,ECU,Native,Mammalia,Atelidae,Alouatta palliata,Mantled Howler,Appendix I – Species threatened with extinction
5936,Guatemala,GT,GTM,Native,Mammalia,Atelidae,Alouatta palliata,Mantled Howler,Appendix I – Species threatened with extinction
5936,Honduras,HN,HND,Native,Mammalia,Atelidae,Alouatta palliata,Mantled Howler,Appendix I – Species threatened with extinction
5936,Mexico,MX,MEX,Native,Mammalia,Atelidae,Alouatta palliata,Mantled Howler,Appendix I – Species threatened with extinction
5936,Nicaragua,NI,NIC,Native,Mammalia,Atelidae,Alouatta palliata,Mantled Howler,Appendix I – Species threatened with extinction
5936,Panama,PA,PAN,Native,Mammalia,Atelidae,Alouatta palliata,Mantled Howler,Appendix I – Species threatened with extinction
5936,Peru,PE,PER,Native,Mammalia,Atelidae,Alouatta palliata,Mantled Howler,Appendix I – Species threatened with extinction
5936,El Salvador,SV,SLV,Extinct,Mammalia,Atelidae,Alouatta palliata,Mantled Howler,Appendix I – Species threatened with extinction
10519,Belize,BZ,BLZ,Native,Mammalia,Atelidae,Alouatta pigra,Guatemalan Black Howler,Appendix I – Species threatened with extinction
10519,Guatemala,GT,GTM,Native,Mammalia,Atelidae,Alouatta pigra,Guatemalan Black Howler,Appendix I – Species threatened with extinction
10519,Mexico,MX,MEX,Native,Mammalia,Atelidae,Alouatta pigra,Guatemalan Black Howler,Appendix I – Species threatened with extinction
10985,Bolivia (Plurinational State of),,,Native,Mammalia,Atelidae,Alouatta sara,Bolivian Red Howler,Appendix II – Trade regulated
10985,Brazil,BR,BRA,Native,Mammalia,Atelidae,Alouatta sara,Bolivian Red Howler,Appendix II – Trade regulated
10985,Peru,PE,PER,Native,Mammalia,Atelidae,Alouatta sara,Bolivian Red Howler,Appendix II – Trade regulated
6697,Brazil,BR,BRA,Native,Mammalia,Atelidae,Alouatta seniculus,Venezuelan Red Howler,Appendix II – Trade regulated
6697,Colombia,CO,COL,Native,Mammalia,Atelidae,Alouatta seniculus,Venezuelan Red Howler,Appendix II – Trade regulated
6697,Ecuador,EC,ECU,Native,Mammalia,Atelidae,Alouatta seniculus,Venezuelan Red Howler,Appendix II – Trade regulated
6697,Guyana,GY,GUY,Native,Mammalia,Atelidae,Alouatta seniculus,Venezuelan Red Howler,Appendix II – Trade regulated
6697,Peru,PE,PER,Native,Mammalia,Atelidae,Alouatta seniculus,Venezuelan Red Howler,Appendix II – Trade regulated
6697,Venezuela (Bolivarian Republic of),,,Native,Mammalia,Atelidae,Alouatta seniculus,Venezuelan Red Howler,Appendix II – Trade regulated
4938,Brazil,BR,BRA,Native,Mammalia,Atelidae,Ateles belzebuth,White-bellied Spider Monkey,Appendix II – Trade regulated
4938,Colombia,CO,COL,Native,Mammalia,Atelidae,Ateles belzebuth,White-bellied Spider Monkey,Appendix II – Trade regulated
4938,Ecuador,EC,ECU,Native,Mammalia,Atelidae,Ateles belzebuth,White-bellied Spider Monkey,Appendix II – Trade regulated
4938,Peru,PE,PER,Native,Mammalia,Atelidae,Ateles belzebuth,White-bellied Spider Monkey,Appendix II – Trade regulated
4938,Venezuela (Bolivarian Republic of),,,Native,Mammalia,Atelidae,Ateles belzebuth,White-bellied Spider Monkey,Appendix II – Trade regulated
6635,Bolivia (Plurinational State of),,,Native,Mammalia,Atelidae,Ateles chamek,Black-faced Black Spider Monkey,Appendix II – Trade regulated
6635,Brazil,BR,BRA,Native,Mammalia,Atelidae,Ateles chamek,Black-faced Black Spider Monkey,Appendix II – Trade regulated
6635,Peru,PE,PER,Native,Mammalia,Atelidae,Ateles chamek,Black-faced Black Spider Monkey,Appendix II – Trade regulated
5608,Colombia,CO,COL,Native,Mammalia,Atelidae,Ateles fusciceps,Brown-headed Spider Monkey,Appendix II – Trade regulated
5608,Ecuador,EC,ECU,Native,Mammalia,Atelidae,Ateles fusciceps,Brown-headed Spider Monkey,Appendix II – Trade regulated
5608,Panama,PA,PAN,Native,Mammalia,Atelidae,Ateles fusciceps,Brown-headed Spider Monkey,Appendix II – Trade regulated
7952,Belize,BZ,BLZ,Native,Mammalia,Atelidae,Ateles geoffroyi,Geoffroy's Spider Monkey,Appendix II – Trade regulated
7952,Colombia,CO,COL,Native,Mammalia,Atelidae,Ateles geoffroyi,Geoffroy's Spider Monkey,Appendix II – Trade regulated
7952,Costa Rica,CR,CRI,Native,Mammalia,Atelidae,Ateles geoffroyi,Geoffroy's Spider Monkey,Appendix II – Trade regulated
7952,El Salvador,SV,SLV,Native,Mammalia,Atelidae,Ateles geoffroyi,Geoffroy's Spider Monkey,Appendix II – Trade regulated
7952,Guatemala,GT,GTM,Native,Mammalia,Atelidae,Ateles geoffroyi,Geoffroy's Spider Monkey,Appendix II – Trade regulated
7952,Honduras,HN,HND,Native,Mammalia,Atelidae,Ateles geoffroyi,Geoffroy's Spider Monkey,Appendix II – Trade regulated
7952,Mexico,MX,MEX,Native,Mammalia,Atelidae,Ateles geoffroyi,Geoffroy's Spider Monkey,Appendix II – Trade regulated
7952,Nicaragua,NI,NIC,Native,Mammalia,Atelidae,Ateles geoffroyi,Geoffroy's Spider Monkey,Appendix II – Trade regulated
7952,Panama,PA,PAN,Native,Mammalia,Atelidae,Ateles geoffroyi,Geoffroy's Spider Monkey,Appendix II – Trade regulated
12214,Costa Rica,CR,CRI,Native,Mammalia,Atelidae,Ateles geoffroyi frontatus,Black-browed Spider Monkey,Appendix I – Species threatened with extinction
12214,Nicaragua,NI,NIC,Native,Mammalia,Atelidae,Ateles geoffroyi frontatus,Black-browed Spider Monkey,Appendix I – Species threatened with extinction
68346,Costa Rica,CR,CRI,Native,Mammalia,Atelidae,Ateles geoffroyi ornatus,Ornate Spider Monkey,Appendix I – Species threatened with extinction
68346,Nicaragua,NI,NIC,Native,Mammalia,Atelidae,Ateles geoffroyi ornatus,Ornate Spider Monkey,Appendix I – Species threatened with extinction
68346,Panama,PA,PAN,Native,Mammalia,Atelidae,Ateles geoffroyi ornatus,Ornate Spider Monkey,Appendix I – Species threatened with extinction
9553,Colombia,CO,COL,Native,Mammalia,Atelidae,Ateles hybridus,Variegated Spider Monkey,Appendix II – Trade regulated
9553,Venezuela (Bolivarian Republic of),,,Native,Mammalia,Atelidae,Ateles hybridus,Variegated Spider Monkey,Appendix II – Trade regulated
9302,Brazil,BR,BRA,Native,Mammalia,Atelidae,Ateles marginatus,White-whiskered Spider Monkey,Appendix II – Trade regulated
10405,Brazil,BR,BRA,Native,Mammalia,Atelidae,Ateles paniscus,Black Spider Monkey,Appendix II – Trade regulated
10405,French Guiana [FR],,,Native,Mammalia,Atelidae,Ateles paniscus,Black Spider Monkey,Appendix II – Trade regulated
10405,Guyana,GY,GUY,Native,Mammalia,Atelidae,Ateles paniscus,Black Spider Monkey,Appendix II – Trade regulated
10405,Suriname,SR,SUR,Native,Mammalia,Atelidae,Ateles paniscus,Black Spider Monkey,Appendix II – Trade regulated
10078,Brazil,BR,BRA,Native,Mammalia,Atelidae,Brachyteles arachnoides,Southern Muriqui (Woolly Spider Monkey),Appendix I – Species threatened with extinction
5882,Brazil,BR,BRA,Native,Mammalia,Atelidae,Brachyteles hypoxanthus,Northern Muriqui,Appendix I – Species threatened with extinction
8304,Bolivia (Plurinational State of),,,Native,Mammalia,Atelidae,Lagothrix cana,Gray Woolly Monkey,Appendix II – Trade regulated
8304,Brazil,BR,BRA,Native,Mammalia,Atelidae,Lagothrix cana,Gray Woolly Monkey,Appendix II – Trade regulated
8304,Peru,PE,PER,Native,Mammalia,Atelidae,Lagothrix cana,Gray Woolly Monkey,Appendix II – Trade regulated
4333,Brazil,BR,BRA,Native,Mammalia,Atelidae,Lagothrix lagotricha,Brown Woolly Monkey,Appendix II – Trade regulated
4333,Colombia,CO,COL,Native,Mammalia,Atelidae,Lagothrix lagotricha,Brown Woolly Monkey,Appendix II – Trade regulated
4333,Ecuador,EC,ECU,Native,Mammalia,Atelidae,Lagothrix lagotricha,Brown Woolly Monkey,Appendix II – Trade regulated
4333,Peru,PE,PER,Native,Mammalia,Atelidae,Lagothrix lagotricha,Brown Woolly Monkey,Appendix II – Trade regulated
9750,Colombia,CO,COL,Native,Mammalia,Atelidae,Lagothrix lugens,Colombian Woolly Monkey,Appendix II – Trade regulated
4069,Brazil,BR,BRA,Native,Mammalia,Atelidae,Lagothrix poeppigii,Poeppig's Woolly Monkey,Appendix II – Trade regulated
4069,Ecuador,EC,ECU,Native,Mammalia,Atelidae,Lagothrix poeppigii,Poeppig's Woolly Monkey,Appendix II – Trade regulated
4069,Peru,PE,PER,Native,Mammalia,Atelidae,Lagothrix poeppigii,Poeppig's Woolly Monkey,Appendix II – Trade regulated
4996,Brazil,BR,BRA,Native,Mammalia,Atelidae,Oreonax flavicauda,Yellow-tailed Woolly Monkey,Appendix I – Species threatened with extinction
4996,Peru,PE,PER,Native,Mammalia,Atelidae,Oreonax flavicauda,Yellow-tailed Woolly Monkey,Appendix I – Species threatened with extinction
8992,Bolivia (Plurinational State of),,,Native,Mammalia,Cebidae,Callimico goeldii,Goeldi's Monkey,Appendix I – Species threatened with extinction
8992,Brazil,BR,BRA,Native,Mammalia,Cebidae,Callimico goeldii,Goeldi's Monkey,Appendix I – Species threatened with extinction
8992,Colombia,CO,COL,Native,Mammalia,Cebidae,Callimico goeldii,Goeldi's Monkey,Appendix I – Species threatened with extinction
8992,Peru,PE,PER,Native,Mammalia,Cebidae,Callimico goeldii,Goeldi's Monkey,Appendix I – Species threatened with extinction
4502,Brazil,BR,BRA,Native,Mammalia,Cebidae,Callithrix acariensis,Rio Acari Marmoset,Appendix II – Trade regulated
7910,Brazil,BR,BRA,Native,Mammalia,Cebidae,Callithrix argentata,Silvery Marmoset,Appendix II – Trade regulated
7910,Paraguay,PY,PRY,Native,Mammalia,Cebidae,Callithrix argentata,Silvery Marmoset,Appendix II – Trade regulated
4190,Brazil,BR,BRA,Native,Mammalia,Cebidae,Callithrix aurita,Buffy-tufted Marmoset,Appendix I – Species threatened with extinction
3607,Brazil,BR,BRA,Native,Mammalia,Cebidae,Callithrix chrysoleuca,Gold-and-white Marmoset,Appendix II – Trade regulated
4984,Brazil,BR,BRA,Native,Mammalia,Cebidae,Callithrix emiliae,Emilia's Marmoset,Appendix II – Trade regulated
7641,Brazil,BR,BRA,Native,Mammalia,Cebidae,Callithrix flaviceps,Buffy-headed Marmoset,Appendix I – Species threatened with extinction
9363,Brazil,BR,BRA,Native,Mammalia,Cebidae,Callithrix geoffroyi,Geoffroy's Tufted-ear Marmoset,Appendix II – Trade regulated
4507,Brazil,BR,BRA,Native,Mammalia,Cebidae,Callithrix humeralifera,Tassel-eared Marmoset,Appendix II – Trade regulated
10518,Brazil,BR,BRA,Native,Mammalia,Cebidae,Callithrix humilis,Roosmalens' Dwarf Marmoset,Appendix II – Trade regulated
4202,Brazil,BR,BRA,Native,Mammalia,Cebidae,Callithrix intermedia,Aripuanã Marmoset,Appendix II – Trade regulated
5346,Brazil,BR,BRA,Native,Mammalia,Cebidae,Callithrix jacchus,Common Marmoset,Appendix II – Trade regulated
7169,Bolivia (Plurinational State of),,,Native,Mammalia,Cebidae,Callithrix kuhlii,Wied's Marmoset,Appendix II – Trade regulated
7169,Brazil,BR,BRA,Native,Mammalia,Cebidae,Callithrix kuhlii,Wied's Marmoset,Appendix II – Trade regulated
4237,Brazil,BR,BRA,Native,Mammalia,Cebidae,Callithrix leucippe,White Marmoset,Appendix II – Trade regulated
4882,Brazil,BR,BRA,Native,Mammalia,Cebidae,Callithrix manicorensis,Manicoré Marmoset,Appendix II – Trade regulated
4346,Brazil,BR,BRA,Native,Mammalia,Cebidae,Callithrix marcai,Marca's Marmoset,Appendix II – Trade regulated
10570,Brazil,BR,BRA,Native,Mammalia,Cebidae,Callithrix mauesi,Maués Marmoset,Appendix II – Trade regulated
3244,Bolivia (Plurinational State of),,,Native,Mammalia,Cebidae,Callithrix melanura,Black-tailed Marmoset,Appendix II – Trade regulated
3244,Brazil,BR,BRA,Native,Mammalia,Cebidae,Callithrix melanura,Black-tailed Marmoset,Appendix II – Trade regulated
3244,Paraguay,PY,PRY,Native,Mammalia,Cebidae,Callithrix melanura,Black-tailed Marmoset,Appendix II – Trade regulated
8000,Brazil,BR,BRA,Native,Mammalia,Cebidae,Callithrix nigriceps,Black-headed Marmoset,Appendix II – Trade regulated
5614,Brazil,BR,BRA,Native,Mammalia,Cebidae,Callithrix penicillata,Black-tufted Marmoset,Appendix II – Trade regulated
10074,Bolivia (Plurinational State of),,,Native,Mammalia,Cebidae,Callithrix pygmaea,Pygmy Marmoset,Appendix II – Trade regulated
10074,Brazil,BR,BRA,Native,Mammalia,Cebidae,Callithrix pygmaea,Pygmy Marmoset,Appendix II – Trade regulated
10074,Colombia,CO,COL,Native,Mammalia,Cebidae,Callithrix pygmaea,Pygmy Marmoset,Appendix II – Trade regulated
10074,Ecuador,EC,ECU,Native,Mammalia,Cebidae,Callithrix pygmaea,Pygmy Marmoset,Appendix II – Trade regulated
10074,Peru,PE,PER,Native,Mammalia,Cebidae,Callithrix pygmaea,Pygmy Marmoset,Appendix II – Trade regulated
10506,Brazil,BR,BRA,Native,Mammalia,Cebidae,Callithrix saterei,Sateré Marmoset,Appendix II – Trade regulated
9298,Bolivia (Plurinational State of),,,Native,Mammalia,Cebidae,Cebus albifrons,White-fronted Capuchin,Appendix II – Trade regulated
9298,Brazil,BR,BRA,Native,Mammalia,Cebidae,Cebus albifrons,White-fronted Capuchin,Appendix II – Trade regulated
9298,Colombia,CO,COL,Native,Mammalia,Cebidae,Cebus albifrons,White-fronted Capuchin,Appendix II – Trade regulated
9298,Ecuador,EC,ECU,Native,Mammalia,Cebidae,Cebus albifrons,White-fronted Capuchin,Appendix II – Trade regulated
9298,Guyana,GY,GUY,Native,Mammalia,Cebidae,Cebus albifrons,White-fronted Capuchin,Appendix II – Trade regulated
9298,Peru,PE,PER,Native,Mammalia,Cebidae,Cebus albifrons,White-fronted Capuchin,Appendix II – Trade regulated
9298,Trinidad and Tobago,TT,TTO,Native,Mammalia,Cebidae,Cebus albifrons,White-fronted Capuchin,Appendix II – Trade regulated
9298,Venezuela (Bolivarian Republic of),,,Native,Mammalia,Cebidae,Cebus albifrons,White-fronted Capuchin,Appendix II – Trade regulated
9931,Bolivia (Plurinational State of),,,Native,Mammalia,Cebidae,Cebus apella,Tufted Capuchin,Appendix II – Trade regulated
9931,Brazil,BR,BRA,Native,Mammalia,Cebidae,Cebus apella,Tufted Capuchin,Appendix II – Trade regulated
9931,Colombia,CO,COL,Native,Mammalia,Cebidae,Cebus apella,Tufted Capuchin,Appendix II – Trade regulated
9931,Ecuador,EC,ECU,Native,Mammalia,Cebidae,Cebus apella,Tufted Capuchin,Appendix II – Trade regulated
9931,French Guiana [FR],,,Native,Mammalia,Cebidae,Cebus apella,Tufted Capuchin,Appendix II – Trade regulated
9931,Guyana,GY,GUY,Native,Mammalia,Cebidae,Cebus apella,Tufted Capuchin,Appendix II – Trade regulated
9931,Peru,PE,PER,Native,Mammalia,Cebidae,Cebus apella,Tufted Capuchin,Appendix II – Trade regulated
9931,Suriname,SR,SUR,Native,Mammalia,Cebidae,Cebus apella,Tufted Capuchin,Appendix II – Trade regulated
9931,Venezuela (Bolivarian Republic of),,,Native,Mammalia,Cebidae,Cebus apella,Tufted Capuchin,Appendix II – Trade regulated
6424,Colombia,CO,COL,Native,Mammalia,Cebidae,Cebus capucinus,White-headed Capuchin,Appendix II – Trade regulated
6424,Costa Rica,CR,CRI,Native,Mammalia,Cebidae,Cebus capucinus,White-headed Capuchin,Appendix II – Trade regulated
6424,Ecuador,EC,ECU,Native,Mammalia,Cebidae,Cebus capucinus,White-headed Capuchin,Appendix II – Trade regulated
6424,Honduras,HN,HND,Native,Mammalia,Cebidae,Cebus capucinus,White-headed Capuchin,Appendix II – Trade regulated
6424,Nicaragua,NI,NIC,Native,Mammalia,Cebidae,Cebus capucinus,White-headed Capuchin,Appendix II – Trade regulated
6424,Panama,PA,PAN,Native,Mammalia,Cebidae,Cebus capucinus,White-headed Capuchin,Appendix II – Trade regulated
4025,Brazil,BR,BRA,Native,Mammalia,Cebidae,Cebus flavius,Blond Capuchin,Appendix II – Trade regulated
8649,Brazil,BR,BRA,Native,Mammalia,Cebidae,Cebus kaapori,Kaapori Capuchin,Appendix II – Trade regulated
3810,Argentina,AR,ARG,Native,Mammalia,Cebidae,Cebus libidinosus,Bearded Capuchin,Appendix II – Trade regulated
3810,Bolivia (Plurinational State of),,,Native,Mammalia,Cebidae,Cebus libidinosus,Bearded Capuchin,Appendix II – Trade regulated
3810,Brazil,BR,BRA,Native,Mammalia,Cebidae,Cebus libidinosus,Bearded Capuchin,Appendix II – Trade regulated
3810,Paraguay,PY,PRY,Native,Mammalia,Cebidae,Cebus libidinosus,Bearded Capuchin,Appendix II – Trade regulated
5575,Argentina,AR,ARG,Native,Mammalia,Cebidae,Cebus nigritus,Black-horned Capuchin,Appendix II – Trade regulated
5575,Brazil,BR,BRA,Native,Mammalia,Cebidae,Cebus nigritus,Black-horned Capuchin,Appendix II – Trade regulated
9285,Brazil,BR,BRA,Native,Mammalia,Cebidae,Cebus olivaceus,Weeper Capuchin,Appendix II – Trade regulated
9285,French Guiana [FR],,,Native,Mammalia,Cebidae,Cebus olivaceus,Weeper Capuchin,Appendix II – Trade regulated
9285,Guyana,GY,GUY,Native,Mammalia,Cebidae,Cebus olivaceus,Weeper Capuchin,Appendix II – Trade regulated
9285,Suriname,SR,SUR,Native,Mammalia,Cebidae,Cebus olivaceus,Weeper Capuchin,Appendix II – Trade regulated
9285,Venezuela (Bolivarian Republic of),,,Native,Mammalia,Cebidae,Cebus olivaceus,Weeper Capuchin,Appendix II – Trade regulated
7097,Brazil,BR,BRA,Native,Mammalia,Cebidae,Cebus xanthosternos,Golden-bellied Capuchin,Appendix II – Trade regulated
7368,Brazil,BR,BRA,Native,Mammalia,Cebidae,Leontopithecus caissara,Black-faced Lion Tamarin,Appendix I – Species threatened with extinction
4788,Brazil,BR,BRA,Native,Mammalia,Cebidae,Leontopithecus chrysomelas,Golden-headed Lion Tamarin,Appendix I – Species threatened with extinction
3767,Brazil,BR,BRA,Native,Mammalia,Cebidae,Leontopithecus chrysopygus,Black Lion Tamarin,Appendix I – Species threatened with extinction
6743,Brazil,BR,BRA,Native,Mammalia,Cebidae,Leontopithecus rosalia,Golden Lion Tamarin,Appendix I – Species threatened with extinction
9518,Brazil,BR,BRA,Native,Mammalia,Cebidae,Mico rondoni,Rondon's Marmoset,Appendix II – Trade regulated
5931,Brazil,BR,BRA,Native,Mammalia,Cebidae,Saguinus bicolor,Pied Tamarin,Appendix I – Species threatened with extinction
7581,Bolivia (Plurinational State of),,,Native,Mammalia,Cebidae,Saguinus fuscicollis,Saddle-back Tamarin,Appendix II – Trade regulated
7581,Brazil,BR,BRA,Native,Mammalia,Cebidae,Saguinus fuscicollis,Saddle-back Tamarin,Appendix II – Trade regulated
7581,Colombia,CO,COL,Native,Mammalia,Cebidae,Saguinus fuscicollis,Saddle-back Tamarin,Appendix II – Trade regulated
7581,Ecuador,EC,ECU,Native,Mammalia,Cebidae,Saguinus fuscicollis,Saddle-back Tamarin,Appendix II – Trade regulated
7581,Peru,PE,PER,Native,Mammalia,Cebidae,Saguinus fuscicollis,Saddle-back Tamarin,Appendix II – Trade regulated
6142,Colombia,CO,COL,Native,Mammalia,Cebidae,Saguinus geoffroyi,Geoffroy's Tamarin,Appendix I – Species threatened with extinction
6142,Costa Rica,CR,CRI,Native,Mammalia,Cebidae,Saguinus geoffroyi,Geoffroy's Tamarin,Appendix I – Species threatened with extinction
6142,Honduras,HN,HND,Native,Mammalia,Cebidae,Saguinus geoffroyi,Geoffroy's Tamarin,Appendix I – Species threatened with extinction
6142,Panama,PA,PAN,Native,Mammalia,Cebidae,Saguinus geoffroyi,Geoffroy's Tamarin,Appendix I – Species threatened with extinction
6393,Colombia,CO,COL,Native,Mammalia,Cebidae,Saguinus graellsi,Graells's Tamarin,Appendix II – Trade regulated
6393,Ecuador,EC,ECU,Native,Mammalia,Cebidae,Saguinus graellsi,Graells's Tamarin,Appendix II – Trade regulated
6393,Peru,PE,PER,Native,Mammalia,Cebidae,Saguinus graellsi,Graells's Tamarin,Appendix II – Trade regulated
5284,Bolivia (Plurinational State of),,,Native,Mammalia,Cebidae,Saguinus imperator,Emperor Tamarin,Appendix II – Trade regulated
5284,Brazil,BR,BRA,Native,Mammalia,Cebidae,Saguinus imperator,Emperor Tamarin,Appendix II – Trade regulated
5284,Peru,PE,PER,Native,Mammalia,Cebidae,Saguinus imperator,Emperor Tamarin,Appendix II – Trade regulated
9705,Brazil,BR,BRA,Native,Mammalia,Cebidae,Saguinus inustus,Mottled-faced Tamarin,Appendix II – Trade regulated
9705,Colombia,CO,COL,Native,Mammalia,Cebidae,Saguinus inustus,Mottled-faced Tamarin,Appendix II – Trade regulated
4870,Bolivia (Plurinational State of),,,Native,Mammalia,Cebidae,Saguinus labiatus,Red-chested Mustached Tamarin,Appendix II – Trade regulated
4870,Brazil,BR,BRA,Native,Mammalia,Cebidae,Saguinus labiatus,Red-chested Mustached Tamarin,Appendix II – Trade regulated
4870,Peru,PE,PER,Native,Mammalia,Cebidae,Saguinus labiatus,Red-chested Mustached Tamarin,Appendix II – Trade regulated
8966,Colombia,CO,COL,Native,Mammalia,Cebidae,Saguinus leucopus,White-footed Tamarin,Appendix I – Species threatened with extinction
4273,Brazil,BR,BRA,Native,Mammalia,Cebidae,Saguinus martinsi,Martin's Bare-face Tamarin,Appendix I – Species threatened with extinction
9746,Brazil,BR,BRA,Native,Mammalia,Cebidae,Saguinus melanoleucus,White-mantled Tamarin,Appendix II – Trade regulated
9746,Peru,PE,PER,Native,Mammalia,Cebidae,Saguinus melanoleucus,White-mantled Tamarin,Appendix II – Trade regulated
8942,Brazil,BR,BRA,Native,Mammalia,Cebidae,Saguinus midas,Midas Tamarin,Appendix II – Trade regulated
8942,French Guiana [FR],,,Native,Mammalia,Cebidae,Saguinus midas,Midas Tamarin,Appendix II – Trade regulated
8942,Guyana,GY,GUY,Native,Mammalia,Cebidae,Saguinus midas,Midas Tamarin,Appendix II – Trade regulated
8942,Suriname,SR,SUR,Native,Mammalia,Cebidae,Saguinus midas,Midas Tamarin,Appendix II – Trade regulated
3481,Brazil,BR,BRA,Native,Mammalia,Cebidae,Saguinus mystax,Black-chested Mustached Tamarin,Appendix II – Trade regulated
3481,Peru,PE,PER,Native,Mammalia,Cebidae,Saguinus mystax,Black-chested Mustached Tamarin,Appendix II – Trade regulated
3547,Brazil,BR,BRA,Native,Mammalia,Cebidae,Saguinus niger,Black Tamarin,Appendix II – Trade regulated
7807,Brazil,BR,BRA,Native,Mammalia,Cebidae,Saguinus nigricollis,Black-mantled Tamarin,Appendix II – Trade regulated
7807,Colombia,CO,COL,Native,Mammalia,Cebidae,Saguinus nigricollis,Black-mantled Tamarin,Appendix II – Trade regulated
7807,Ecuador,EC,ECU,Native,Mammalia,Cebidae,Saguinus nigricollis,Black-mantled Tamarin,Appendix II – Trade regulated
7807,Peru,PE,PER,Native,Mammalia,Cebidae,Saguinus nigricollis,Black-mantled Tamarin,Appendix II – Trade regulated
4999,Colombia,CO,COL,Native,Mammalia,Cebidae,Saguinus oedipus,Cotton-top Tamarin,Appendix I – Species threatened with extinction
4999,Panama,PA,PAN,Native,Mammalia,Cebidae,Saguinus oedipus,Cotton-top Tamarin,Appendix I – Species threatened with extinction
3162,Brazil,BR,BRA,Native,Mammalia,Cebidae,Saguinus pileatus,Red-capped Tamarin,Appendix II – Trade regulated
7448,Ecuador,EC,ECU,Native,Mammalia,Cebidae,Saguinus tripartitus,Golden-mantled Tamarin,Appendix II – Trade regulated
7448,Peru,PE,PER,Native,Mammalia,Cebidae,Saguinus tripartitus,Golden-mantled Tamarin,Appendix II – Trade regulated
68348,Brazil,BR,BRA,Native,Mammalia,Cebidae,Saguinus ursulus,Black-handed Tamarin,Appendix II – Trade regulated
4748,Bolivia (Plurinational State of),,,Native,Mammalia,Cebidae,Saimiri boliviensis,Bolivian Squirrel Monkey,Appendix II – Trade regulated
4748,Brazil,BR,BRA,Native,Mammalia,Cebidae,Saimiri boliviensis,Bolivian Squirrel Monkey,Appendix II – Trade regulated
4748,Peru,PE,PER,Native,Mammalia,Cebidae,Saimiri boliviensis,Bolivian Squirrel Monkey,Appendix II – Trade regulated
68351,Brazil,BR,BRA,Native,Mammalia,Cebidae,Saimiri collinsi,Collins' Squirrel Monkey,Appendix II – Trade regulated
6620,Costa Rica,CR,CRI,Native,Mammalia,Cebidae,Saimiri oerstedii,Central American Squirrel Monkey,Appendix I – Species threatened with extinction
6620,Panama,PA,PAN,Native,Mammalia,Cebidae,Saimiri oerstedii,Central American Squirrel Monkey,Appendix I – Species threatened with extinction
6767,Brazil,BR,BRA,Native,Mammalia,Cebidae,Saimiri sciureus,Common Squirrel Monkey,Appendix II – Trade regulated
6767,Colombia,CO,COL,Native,Mammalia,Cebidae,Saimiri sciureus,Common Squirrel Monkey,Appendix II – Trade regulated
6767,Ecuador,EC,ECU,Native,Mammalia,Cebidae,Saimiri sciureus,Common Squirrel Monkey,Appendix II – Trade regulated
6767,French Guiana [FR],,,Native,Mammalia,Cebidae,Saimiri sciureus,Common Squirrel Monkey,Appendix II – Trade regulated
6767,Guyana,GY,GUY,Native,Mammalia,Cebidae,Saimiri sciureus,Common Squirrel Monkey,Appendix II – Trade regulated
6767,Peru,PE,PER,Native,Mammalia,Cebidae,Saimiri sciureus,Common Squirrel Monkey,Appendix II – Trade regulated
6767,Suriname,SR,SUR,Native,Mammalia,Cebidae,Saimiri sciureus,Common Squirrel Monkey,Appendix II – Trade regulated
6767,Venezuela (Bolivarian Republic of),,,Native,Mammalia,Cebidae,Saimiri sciureus,Common Squirrel Monkey,Appendix II – Trade regulated
6767,United States of America,US,USA,Introduced,Mammalia,Cebidae,Saimiri sciureus,Common Squirrel Monkey,Appendix II – Trade regulated
10482,Brazil,BR,BRA,Native,Mammalia,Cebidae,Saimiri ustus,Bare-eared Squirrel Monkey,Appendix II – Trade regulated
7946,Brazil,BR,BRA,Native,Mammalia,Cebidae,Saimiri vanzolinii,Vanzolini's Squirrel Monkey,Appendix II – Trade regulated
3765,Cameroon,CM,CMR,Native,Mammalia,Cercopithecidae,Allenopithecus nigroviridis,Allen's Swamp Monkey,Appendix II – Trade regulated
3765,Congo,,,Native,Mammalia,Cercopithecidae,Allenopithecus nigroviridis,Allen's Swamp Monkey,Appendix II – Trade regulated
3765,Democratic Republic of the Congo,CD,COD,Native,Mammalia,Cercopithecidae,Allenopithecus nigroviridis,Allen's Swamp Monkey,Appendix II – Trade regulated
94588,Burundi,BI,BDI,Native,Mammalia,Cercopithecidae,Allochrocebus lhoesti,L'Hoest's Monkey,Appendix II – Trade regulated
94588,Democratic Republic of the Congo,CD,COD,Native,Mammalia,Cercopithecidae,Allochrocebus lhoesti,L'Hoest's Monkey,Appendix II – Trade regulated
94588,Rwanda,RW,RWA,Native,Mammalia,Cercopithecidae,Allochrocebus lhoesti,L'Hoest's Monkey,Appendix II – Trade regulated
94588,Uganda,UG,UGA,Native,Mammalia,Cercopithecidae,Allochrocebus lhoesti,L'Hoest's Monkey,Appendix II – Trade regulated
101348,Cameroon,CM,CMR,Native,Mammalia,Cercopithecidae,Allochrocebus preussi,Preuss's Monkey,Appendix II – Trade regulated
101348,Equatorial Guinea,GQ,GNQ,Native,Mammalia,Cercopithecidae,Allochrocebus preussi,Preuss's Monkey,Appendix II – Trade regulated
101348,Nigeria,NG,NGA,Native,Mammalia,Cercopithecidae,Allochrocebus preussi,Preuss's Monkey,Appendix II – Trade regulated
101347,Gabon,GA,GAB,Native,Mammalia,Cercopithecidae,Allochrocebus solatus,Sun-tailed Monkey,Appendix II – Trade regulated
3308,Cameroon,CM,CMR,Native,Mammalia,Cercopithecidae,Cercocebus agilis,Agile Mangabey,Appendix II – Trade regulated
3308,Central African Republic,CF,CAF,Native,Mammalia,Cercopithecidae,Cercocebus agilis,Agile Mangabey,Appendix II – Trade regulated
3308,Congo,,,Native,Mammalia,Cercopithecidae,Cercocebus agilis,Agile Mangabey,Appendix II – Trade regulated
3308,Democratic Republic of the Congo,CD,COD,Native,Mammalia,Cercopithecidae,Cercocebus agilis,Agile Mangabey,Appendix II – Trade regulated
3308,Equatorial Guinea,GQ,GNQ,Native,Mammalia,Cercopithecidae,Cercocebus agilis,Agile Mangabey,Appendix II – Trade regulated
3308,Gabon,GA,GAB,Native,Mammalia,Cercopithecidae,Cercocebus agilis,Agile Mangabey,Appendix II – Trade regulated
4792,C√¥te d'Ivoire,,,Native,Mammalia,Cercopithecidae,Cercocebus atys,Sooty Mangabey,Appendix II – Trade regulated
4792,Ghana,GH,GHA,Native,Mammalia,Cercopithecidae,Cercocebus atys,Sooty Mangabey,Appendix II – Trade regulated
4792,Guinea,GN,GIN,Native,Mammalia,Cercopithecidae,Cercocebus atys,Sooty Mangabey,Appendix II – Trade regulated
4792,Guinea Bissau,,,Native,Mammalia,Cercopithecidae,Cercocebus atys,Sooty Mangabey,Appendix II – Trade regulated
4792,Liberia,LR,LBR,Native,Mammalia,Cercopithecidae,Cercocebus atys,Sooty Mangabey,Appendix II – Trade regulated
4792,Senegal,SN,SEN,Native,Mammalia,Cercopithecidae,Cercocebus atys,Sooty Mangabey,Appendix II – Trade regulated
4792,Sierra Leone,SL,SLE,Native,Mammalia,Cercopithecidae,Cercocebus atys,Sooty Mangabey,Appendix II – Trade regulated
10155,Democratic Republic of the Congo,CD,COD,Native,Mammalia,Cercopithecidae,Cercocebus chrysogaster,Golden-bellied Mangabey,Appendix II – Trade regulated
5226,Kenya,KE,KEN,Native,Mammalia,Cercopithecidae,Cercocebus galeritus,Crested Mangabey,Appendix I – Species threatened with extinction
5674,United Republic of Tanzania,TZ,TZA,Native,Mammalia,Cercopithecidae,Cercocebus sanjei,Sanje Mangabey,Appendix II – Trade regulated
9860,Cameroon,CM,CMR,Native,Mammalia,Cercopithecidae,Cercocebus torquatus,Red-capped Mangabey (White-collared),Appendix II – Trade regulated
9860,Congo,,,Native,Mammalia,Cercopithecidae,Cercocebus torquatus,Red-capped Mangabey (White-collared),Appendix II – Trade regulated
9860,Equatorial Guinea,GQ,GNQ,Native,Mammalia,Cercopithecidae,Cercocebus torquatus,Red-capped Mangabey (White-collared),Appendix II – Trade regulated
9860,Gabon,GA,GAB,Native,Mammalia,Cercopithecidae,Cercocebus torquatus,Red-capped Mangabey (White-collared),Appendix II – Trade regulated
9860,Nigeria,NG,NGA,Native,Mammalia,Cercopithecidae,Cercocebus torquatus,Red-capped Mangabey (White-collared),Appendix II – Trade regulated
10992,Angola,AO,AGO,Native,Mammalia,Cercopithecidae,Cercopithecus albogularis,Sykes' Monkey,Appendix II – Trade regulated
10992,Democratic Republic of the Congo,CD,COD,Native,Mammalia,Cercopithecidae,Cercopithecus albogularis,Sykes' Monkey,Appendix II – Trade regulated
10992,Eswatini,,,Native,Mammalia,Cercopithecidae,Cercopithecus albogularis,Sykes' Monkey,Appendix II – Trade regulated
10992,Ethiopia,ET,ETH,Native,Mammalia,Cercopithecidae,Cercopithecus albogularis,Sykes' Monkey,Appendix II – Trade regulated
10992,Kenya,KE,KEN,Native,Mammalia,Cercopithecidae,Cercopithecus albogularis,Sykes' Monkey,Appendix II – Trade regulated
10992,Malawi,MW,MWI,Native,Mammalia,Cercopithecidae,Cercopithecus albogularis,Sykes' Monkey,Appendix II – Trade regulated
10992,Mozambique,MZ,MOZ,Native,Mammalia,Cercopithecidae,Cercopithecus albogularis,Sykes' Monkey,Appendix II – Trade regulated
10992,Somalia,SO,SOM,Native,Mammalia,Cercopithecidae,Cercopithecus albogularis,Sykes' Monkey,Appendix II – Trade regulated
10992,South Africa,ZA,ZAF,Native,Mammalia,Cercopithecidae,Cercopithecus albogularis,Sykes' Monkey,Appendix II – Trade regulated
10992,South Sudan,SS,SSD,Native,Mammalia,Cercopithecidae,Cercopithecus albogularis,Sykes' Monkey,Appendix II – Trade regulated
10992,United Republic of Tanzania,TZ,TZA,Native,Mammalia,Cercopithecidae,Cercopithecus albogularis,Sykes' Monkey,Appendix II – Trade regulated
10992,Zambia,ZM,ZMB,Native,Mammalia,Cercopithecidae,Cercopithecus albogularis,Sykes' Monkey,Appendix II – Trade regulated
10992,Zimbabwe,ZW,ZWE,Native,Mammalia,Cercopithecidae,Cercopithecus albogularis,Sykes' Monkey,Appendix II – Trade regulated
3669,Angola,AO,AGO,Native,Mammalia,Cercopithecidae,Cercopithecus ascanius,Red-tailed Monkey,Appendix II – Trade regulated
3669,Burundi,BI,BDI,Native,Mammalia,Cercopithecidae,Cercopithecus ascanius,Red-tailed Monkey,Appendix II – Trade regulated
3669,Central African Republic,CF,CAF,Native,Mammalia,Cercopithecidae,Cercopithecus ascanius,Red-tailed Monkey,Appendix II – Trade regulated
3669,Democratic Republic of the Congo,CD,COD,Native,Mammalia,Cercopithecidae,Cercopithecus ascanius,Red-tailed Monkey,Appendix II – Trade regulated
3669,Kenya,KE,KEN,Native,Mammalia,Cercopithecidae,Cercopithecus ascanius,Red-tailed Monkey,Appendix II – Trade regulated
3669,Rwanda,RW,RWA,Native,Mammalia,Cercopithecidae,Cercopithecus ascanius,Red-tailed Monkey,Appendix II – Trade regulated
3669,South Sudan,SS,SSD,Native,Mammalia,Cercopithecidae,Cercopithecus ascanius,Red-tailed Monkey,Appendix II – Trade regulated
3669,Uganda,UG,UGA,Native,Mammalia,Cercopithecidae,Cercopithecus ascanius,Red-tailed Monkey,Appendix II – Trade regulated
3669,United Republic of Tanzania,TZ,TZA,Native,Mammalia,Cercopithecidae,Cercopithecus ascanius,Red-tailed Monkey,Appendix II – Trade regulated
3669,Zambia,ZM,ZMB,Native,Mammalia,Cercopithecidae,Cercopithecus ascanius,Red-tailed Monkey,Appendix II – Trade regulated
3887,C√¥te d'Ivoire,,,Native,Mammalia,Cercopithecidae,Cercopithecus campbelli,Campbell's Monkey,Appendix II – Trade regulated
3887,Gambia,GM,GMB,Native,Mammalia,Cercopithecidae,Cercopithecus campbelli,Campbell's Monkey,Appendix II – Trade regulated
3887,Guinea,GN,GIN,Native,Mammalia,Cercopithecidae,Cercopithecus campbelli,Campbell's Monkey,Appendix II – Trade regulated
3887,Guinea Bissau,,,Native,Mammalia,Cercopithecidae,Cercopithecus campbelli,Campbell's Monkey,Appendix II – Trade regulated
3887,Liberia,LR,LBR,Native,Mammalia,Cercopithecidae,Cercopithecus campbelli,Campbell's Monkey,Appendix II – Trade regulated
3887,Senegal,SN,SEN,Native,Mammalia,Cercopithecidae,Cercopithecus campbelli,Campbell's Monkey,Appendix II – Trade regulated
3887,Sierra Leone,SL,SLE,Native,Mammalia,Cercopithecidae,Cercopithecus campbelli,Campbell's Monkey,Appendix II – Trade regulated
3710,Angola,AO,AGO,Native,Mammalia,Cercopithecidae,Cercopithecus cephus,Moustached Monkey,Appendix II – Trade regulated
3710,Cameroon,CM,CMR,Native,Mammalia,Cercopithecidae,Cercopithecus cephus,Moustached Monkey,Appendix II – Trade regulated
3710,Central African Republic,CF,CAF,Native,Mammalia,Cercopithecidae,Cercopithecus cephus,Moustached Monkey,Appendix II – Trade regulated
3710,Congo,,,Native,Mammalia,Cercopithecidae,Cercopithecus cephus,Moustached Monkey,Appendix II – Trade regulated
3710,Democratic Republic of the Congo,CD,COD,Native,Mammalia,Cercopithecidae,Cercopithecus cephus,Moustached Monkey,Appendix II – Trade regulated
3710,Equatorial Guinea,GQ,GNQ,Native,Mammalia,Cercopithecidae,Cercopithecus cephus,Moustached Monkey,Appendix II – Trade regulated
3710,Gabon,GA,GAB,Native,Mammalia,Cercopithecidae,Cercopithecus cephus,Moustached Monkey,Appendix II – Trade regulated
9970,Central African Republic,CF,CAF,Native,Mammalia,Cercopithecidae,Cercopithecus denti,Dent's Monkey,Appendix II – Trade regulated
9970,Democratic Republic of the Congo,CD,COD,Native,Mammalia,Cercopithecidae,Cercopithecus denti,Dent's Monkey,Appendix II – Trade regulated
9970,Rwanda,RW,RWA,Native,Mammalia,Cercopithecidae,Cercopithecus denti,Dent's Monkey,Appendix II – Trade regulated
9970,Uganda,UG,UGA,Native,Mammalia,Cercopithecidae,Cercopithecus denti,Dent's Monkey,Appendix II – Trade regulated
10615,C√¥te d'Ivoire,,,Native,Mammalia,Cercopithecidae,Cercopithecus diana,Diana Monkey,Appendix I – Species threatened with extinction
10615,Guinea,GN,GIN,Native,Mammalia,Cercopithecidae,Cercopithecus diana,Diana Monkey,Appendix I – Species threatened with extinction
10615,Liberia,LR,LBR,Native,Mammalia,Cercopithecidae,Cercopithecus diana,Diana Monkey,Appendix I – Species threatened with extinction
10615,Sierra Leone,SL,SLE,Native,Mammalia,Cercopithecidae,Cercopithecus diana,Diana Monkey,Appendix I – Species threatened with extinction
8341,Burundi,BI,BDI,Native,Mammalia,Cercopithecidae,Cercopithecus doggetti,Silver Monkey,Appendix II – Trade regulated
8341,Democratic Republic of the Congo,CD,COD,Native,Mammalia,Cercopithecidae,Cercopithecus doggetti,Silver Monkey,Appendix II – Trade regulated
8341,Rwanda,RW,RWA,Native,Mammalia,Cercopithecidae,Cercopithecus doggetti,Silver Monkey,Appendix II – Trade regulated
8341,Uganda,UG,UGA,Native,Mammalia,Cercopithecidae,Cercopithecus doggetti,Silver Monkey,Appendix II – Trade regulated
8341,United Republic of Tanzania,TZ,TZA,Native,Mammalia,Cercopithecidae,Cercopithecus doggetti,Silver Monkey,Appendix II – Trade regulated
6264,Democratic Republic of the Congo,CD,COD,Native,Mammalia,Cercopithecidae,Cercopithecus dryas,Dryas Monkey,Appendix II – Trade regulated
10498,Benin,BJ,BEN,Native,Mammalia,Cercopithecidae,Cercopithecus erythrogaster,Red-bellied Monkey,Appendix II – Trade regulated
10498,Nigeria,NG,NGA,Native,Mammalia,Cercopithecidae,Cercopithecus erythrogaster,Red-bellied Monkey,Appendix II – Trade regulated
4723,Cameroon,CM,CMR,Native,Mammalia,Cercopithecidae,Cercopithecus erythrotis,Red-eared Monkey,Appendix II – Trade regulated
4723,Equatorial Guinea,GQ,GNQ,Native,Mammalia,Cercopithecidae,Cercopithecus erythrotis,Red-eared Monkey,Appendix II – Trade regulated
4723,Nigeria,NG,NGA,Native,Mammalia,Cercopithecidae,Cercopithecus erythrotis,Red-eared Monkey,Appendix II – Trade regulated
9017,Democratic Republic of the Congo,CD,COD,Native,Mammalia,Cercopithecidae,Cercopithecus hamlyni,Hamlyn's Monkey (Owl-faced),Appendix II – Trade regulated
9017,Rwanda,RW,RWA,Native,Mammalia,Cercopithecidae,Cercopithecus hamlyni,Hamlyn's Monkey (Owl-faced),Appendix II – Trade regulated
9726,Democratic Republic of the Congo,CD,COD,Native,Mammalia,Cercopithecidae,Cercopithecus kandti,Golden Monkey,Appendix II – Trade regulated
9726,Rwanda,RW,RWA,Native,Mammalia,Cercopithecidae,Cercopithecus kandti,Golden Monkey,Appendix II – Trade regulated
9726,Uganda,UG,UGA,Native,Mammalia,Cercopithecidae,Cercopithecus kandti,Golden Monkey,Appendix II – Trade regulated
67924,Democratic Republic of the Congo,CD,COD,Native,Mammalia,Cercopithecidae,Cercopithecus lomamiensis,Lomami River Blue Monkey,Appendix II – Trade regulated
10036,C√¥te d'Ivoire,,,Native,Mammalia,Cercopithecidae,Cercopithecus lowei,Lowe's Monkey,Appendix II – Trade regulated
10036,Ghana,GH,GHA,Native,Mammalia,Cercopithecidae,Cercopithecus lowei,Lowe's Monkey,Appendix II – Trade regulated
9150,Angola,AO,AGO,Native,Mammalia,Cercopithecidae,Cercopithecus mitis,Blue Monkey,Appendix II – Trade regulated
9150,Democratic Republic of the Congo,CD,COD,Native,Mammalia,Cercopithecidae,Cercopithecus mitis,Blue Monkey,Appendix II – Trade regulated
9150,Ethiopia,ET,ETH,Native,Mammalia,Cercopithecidae,Cercopithecus mitis,Blue Monkey,Appendix II – Trade regulated
9150,Kenya,KE,KEN,Native,Mammalia,Cercopithecidae,Cercopithecus mitis,Blue Monkey,Appendix II – Trade regulated
9150,Malawi,MW,MWI,Native,Mammalia,Cercopithecidae,Cercopithecus mitis,Blue Monkey,Appendix II – Trade regulated
9150,Mozambique,MZ,MOZ,Native,Mammalia,Cercopithecidae,Cercopithecus mitis,Blue Monkey,Appendix II – Trade regulated
9150,South Sudan,SS,SSD,Native,Mammalia,Cercopithecidae,Cercopithecus mitis,Blue Monkey,Appendix II – Trade regulated
9150,Uganda,UG,UGA,Native,Mammalia,Cercopithecidae,Cercopithecus mitis,Blue Monkey,Appendix II – Trade regulated
9150,United Republic of Tanzania,TZ,TZA,Native,Mammalia,Cercopithecidae,Cercopithecus mitis,Blue Monkey,Appendix II – Trade regulated
9150,Zambia,ZM,ZMB,Native,Mammalia,Cercopithecidae,Cercopithecus mitis,Blue Monkey,Appendix II – Trade regulated
5362,Benin,BJ,BEN,Native,Mammalia,Cercopithecidae,Cercopithecus mona,Mona Monkey,Appendix II – Trade regulated
5362,Cameroon,CM,CMR,Native,Mammalia,Cercopithecidae,Cercopithecus mona,Mona Monkey,Appendix II – Trade regulated
5362,Ghana,GH,GHA,Native,Mammalia,Cercopithecidae,Cercopithecus mona,Mona Monkey,Appendix II – Trade regulated
5362,Nigeria,NG,NGA,Native,Mammalia,Cercopithecidae,Cercopithecus mona,Mona Monkey,Appendix II – Trade regulated
5362,Togo,TG,TGO,Native,Mammalia,Cercopithecidae,Cercopithecus mona,Mona Monkey,Appendix II – Trade regulated
5362,Grenada,GD,GRD,Introduced,Mammalia,Cercopithecidae,Cercopithecus mona,Mona Monkey,Appendix II – Trade regulated
5362,Saint Kitts and Nevis,KN,KNA,Introduced,Mammalia,Cercopithecidae,Cercopithecus mona,Mona Monkey,Appendix II – Trade regulated
5362,Sao Tome and Principe,,,Introduced,Mammalia,Cercopithecidae,Cercopithecus mona,Mona Monkey,Appendix II – Trade regulated
8121,Angola,AO,AGO,Native,Mammalia,Cercopithecidae,Cercopithecus neglectus,De Brazza's Monkey,Appendix II – Trade regulated
8121,Cameroon,CM,CMR,Native,Mammalia,Cercopithecidae,Cercopithecus neglectus,De Brazza's Monkey,Appendix II – Trade regulated
8121,Central African Republic,CF,CAF,Native,Mammalia,Cercopithecidae,Cercopithecus neglectus,De Brazza's Monkey,Appendix II – Trade regulated
8121,Congo,,,Native,Mammalia,Cercopithecidae,Cercopithecus neglectus,De Brazza's Monkey,Appendix II – Trade regulated
8121,Democratic Republic of the Congo,CD,COD,Native,Mammalia,Cercopithecidae,Cercopithecus neglectus,De Brazza's Monkey,Appendix II – Trade regulated
8121,Equatorial Guinea,GQ,GNQ,Native,Mammalia,Cercopithecidae,Cercopithecus neglectus,De Brazza's Monkey,Appendix II – Trade regulated
8121,Gabon,GA,GAB,Native,Mammalia,Cercopithecidae,Cercopithecus neglectus,De Brazza's Monkey,Appendix II – Trade regulated
8121,Kenya,KE,KEN,Native,Mammalia,Cercopithecidae,Cercopithecus neglectus,De Brazza's Monkey,Appendix II – Trade regulated
8121,South Sudan,SS,SSD,Native,Mammalia,Cercopithecidae,Cercopithecus neglectus,De Brazza's Monkey,Appendix II – Trade regulated
8121,Sudan,SD,SDN,Native,Mammalia,Cercopithecidae,Cercopithecus neglectus,De Brazza's Monkey,Appendix II – Trade regulated
4016,Cameroon,CM,CMR,Native,Mammalia,Cercopithecidae,Cercopithecus nictitans,Putty-nosed Monkey,Appendix II – Trade regulated
4016,Central African Republic,CF,CAF,Native,Mammalia,Cercopithecidae,Cercopithecus nictitans,Putty-nosed Monkey,Appendix II – Trade regulated
4016,Congo,,,Native,Mammalia,Cercopithecidae,Cercopithecus nictitans,Putty-nosed Monkey,Appendix II – Trade regulated
4016,C√¥te d'Ivoire,,,Native,Mammalia,Cercopithecidae,Cercopithecus nictitans,Putty-nosed Monkey,Appendix II – Trade regulated
4016,Democratic Republic of the Congo,CD,COD,Native,Mammalia,Cercopithecidae,Cercopithecus nictitans,Putty-nosed Monkey,Appendix II – Trade regulated
4016,Equatorial Guinea,GQ,GNQ,Native,Mammalia,Cercopithecidae,Cercopithecus nictitans,Putty-nosed Monkey,Appendix II – Trade regulated
4016,Gabon,GA,GAB,Native,Mammalia,Cercopithecidae,Cercopithecus nictitans,Putty-nosed Monkey,Appendix II – Trade regulated
4016,Guinea,GN,GIN,Native,Mammalia,Cercopithecidae,Cercopithecus nictitans,Putty-nosed Monkey,Appendix II – Trade regulated
4016,Liberia,LR,LBR,Native,Mammalia,Cercopithecidae,Cercopithecus nictitans,Putty-nosed Monkey,Appendix II – Trade regulated
4016,Nigeria,NG,NGA,Native,Mammalia,Cercopithecidae,Cercopithecus nictitans,Putty-nosed Monkey,Appendix II – Trade regulated
4016,Sierra Leone,SL,SLE,Native,Mammalia,Cercopithecidae,Cercopithecus nictitans,Putty-nosed Monkey,Appendix II – Trade regulated
5430,Benin,BJ,BEN,Native,Mammalia,Cercopithecidae,Cercopithecus petaurista,Lesser Spot-nosed Monkey,Appendix II – Trade regulated
5430,C√¥te d'Ivoire,,,Native,Mammalia,Cercopithecidae,Cercopithecus petaurista,Lesser Spot-nosed Monkey,Appendix II – Trade regulated
5430,Ghana,GH,GHA,Native,Mammalia,Cercopithecidae,Cercopithecus petaurista,Lesser Spot-nosed Monkey,Appendix II – Trade regulated
5430,Guinea,GN,GIN,Native,Mammalia,Cercopithecidae,Cercopithecus petaurista,Lesser Spot-nosed Monkey,Appendix II – Trade regulated
5430,Liberia,LR,LBR,Native,Mammalia,Cercopithecidae,Cercopithecus petaurista,Lesser Spot-nosed Monkey,Appendix II – Trade regulated
5430,Sierra Leone,SL,SLE,Native,Mammalia,Cercopithecidae,Cercopithecus petaurista,Lesser Spot-nosed Monkey,Appendix II – Trade regulated
5430,Togo,TG,TGO,Native,Mammalia,Cercopithecidae,Cercopithecus petaurista,Lesser Spot-nosed Monkey,Appendix II – Trade regulated
9175,Cameroon,CM,CMR,Native,Mammalia,Cercopithecidae,Cercopithecus pogonias,Crowned Monkey,Appendix II – Trade regulated
9175,Central African Republic,CF,CAF,Native,Mammalia,Cercopithecidae,Cercopithecus pogonias,Crowned Monkey,Appendix II – Trade regulated
9175,Congo,,,Native,Mammalia,Cercopithecidae,Cercopithecus pogonias,Crowned Monkey,Appendix II – Trade regulated
9175,Democratic Republic of the Congo,CD,COD,Native,Mammalia,Cercopithecidae,Cercopithecus pogonias,Crowned Monkey,Appendix II – Trade regulated
9175,Equatorial Guinea,GQ,GNQ,Native,Mammalia,Cercopithecidae,Cercopithecus pogonias,Crowned Monkey,Appendix II – Trade regulated
9175,Gabon,GA,GAB,Native,Mammalia,Cercopithecidae,Cercopithecus pogonias,Crowned Monkey,Appendix II – Trade regulated
9175,Nigeria,NG,NGA,Native,Mammalia,Cercopithecidae,Cercopithecus pogonias,Crowned Monkey,Appendix II – Trade regulated
6568,C√¥te d'Ivoire,,,Native,Mammalia,Cercopithecidae,Cercopithecus roloway,Roloway Monkey,Appendix I – Species threatened with extinction
6568,Ghana,GH,GHA,Native,Mammalia,Cercopithecidae,Cercopithecus roloway,Roloway Monkey,Appendix I – Species threatened with extinction
8996,Nigeria,NG,NGA,Native,Mammalia,Cercopithecidae,Cercopithecus sclateri,Sclater's Monkey,Appendix II – Trade regulated
10428,Angola,AO,AGO,Native,Mammalia,Cercopithecidae,Cercopithecus wolfi,Wolf's Monkey,Appendix II – Trade regulated
10428,Democratic Republic of the Congo,CD,COD,Native,Mammalia,Cercopithecidae,Cercopithecus wolfi,Wolf's Monkey,Appendix II – Trade regulated
7013,Djibouti,DJ,DJI,Native,Mammalia,Cercopithecidae,Chlorocebus aethiops,Grivet Monkey,Appendix II – Trade regulated
7013,Eritrea,ER,ERI,Native,Mammalia,Cercopithecidae,Chlorocebus aethiops,Grivet Monkey,Appendix II – Trade regulated
7013,Ethiopia,ET,ETH,Native,Mammalia,Cercopithecidae,Chlorocebus aethiops,Grivet Monkey,Appendix II – Trade regulated
7013,Mali,ML,MLI,Native,Mammalia,Cercopithecidae,Chlorocebus aethiops,Grivet Monkey,Appendix II – Trade regulated
7013,South Sudan,SS,SSD,Native,Mammalia,Cercopithecidae,Chlorocebus aethiops,Grivet Monkey,Appendix II – Trade regulated
7013,Sudan,SD,SDN,Native,Mammalia,Cercopithecidae,Chlorocebus aethiops,Grivet Monkey,Appendix II – Trade regulated
7013,Saint Kitts and Nevis,KN,KNA,Introduced,Mammalia,Cercopithecidae,Chlorocebus aethiops,Grivet Monkey,Appendix II – Trade regulated
8535,Angola,AO,AGO,Native,Mammalia,Cercopithecidae,Chlorocebus cynosuros,Malbrouck Monkey,Appendix II – Trade regulated
8535,Botswana,BW,BWA,Native,Mammalia,Cercopithecidae,Chlorocebus cynosuros,Malbrouck Monkey,Appendix II – Trade regulated
8535,Congo,,,Native,Mammalia,Cercopithecidae,Chlorocebus cynosuros,Malbrouck Monkey,Appendix II – Trade regulated
8535,Democratic Republic of the Congo,CD,COD,Native,Mammalia,Cercopithecidae,Chlorocebus cynosuros,Malbrouck Monkey,Appendix II – Trade regulated
8535,Gabon,GA,GAB,Native,Mammalia,Cercopithecidae,Chlorocebus cynosuros,Malbrouck Monkey,Appendix II – Trade regulated
8535,Namibia,NA,NAM,Native,Mammalia,Cercopithecidae,Chlorocebus cynosuros,Malbrouck Monkey,Appendix II – Trade regulated
8535,Zambia,ZM,ZMB,Native,Mammalia,Cercopithecidae,Chlorocebus cynosuros,Malbrouck Monkey,Appendix II – Trade regulated
5150,Ethiopia,ET,ETH,Native,Mammalia,Cercopithecidae,Chlorocebus djamdjamensis,Bale Mountains Vervet,Appendix II – Trade regulated
10131,Botswana,BW,BWA,Native,Mammalia,Cercopithecidae,Chlorocebus pygerythrus,Vervet Monkey,Appendix II – Trade regulated
10131,Burundi,BI,BDI,Native,Mammalia,Cercopithecidae,Chlorocebus pygerythrus,Vervet Monkey,Appendix II – Trade regulated
10131,Eswatini,,,Native,Mammalia,Cercopithecidae,Chlorocebus pygerythrus,Vervet Monkey,Appendix II – Trade regulated
10131,Ethiopia,ET,ETH,Native,Mammalia,Cercopithecidae,Chlorocebus pygerythrus,Vervet Monkey,Appendix II – Trade regulated
10131,Kenya,KE,KEN,Native,Mammalia,Cercopithecidae,Chlorocebus pygerythrus,Vervet Monkey,Appendix II – Trade regulated
10131,Lesotho,LS,LSO,Native,Mammalia,Cercopithecidae,Chlorocebus pygerythrus,Vervet Monkey,Appendix II – Trade regulated
10131,Malawi,MW,MWI,Native,Mammalia,Cercopithecidae,Chlorocebus pygerythrus,Vervet Monkey,Appendix II – Trade regulated
10131,Mozambique,MZ,MOZ,Native,Mammalia,Cercopithecidae,Chlorocebus pygerythrus,Vervet Monkey,Appendix II – Trade regulated
10131,Namibia,NA,NAM,Native,Mammalia,Cercopithecidae,Chlorocebus pygerythrus,Vervet Monkey,Appendix II – Trade regulated
10131,Rwanda,RW,RWA,Native,Mammalia,Cercopithecidae,Chlorocebus pygerythrus,Vervet Monkey,Appendix II – Trade regulated
10131,Somalia,SO,SOM,Native,Mammalia,Cercopithecidae,Chlorocebus pygerythrus,Vervet Monkey,Appendix II – Trade regulated
10131,South Africa,ZA,ZAF,Native,Mammalia,Cercopithecidae,Chlorocebus pygerythrus,Vervet Monkey,Appendix II – Trade regulated
10131,Uganda,UG,UGA,Native,Mammalia,Cercopithecidae,Chlorocebus pygerythrus,Vervet Monkey,Appendix II – Trade regulated
10131,United Republic of Tanzania,TZ,TZA,Native,Mammalia,Cercopithecidae,Chlorocebus pygerythrus,Vervet Monkey,Appendix II – Trade regulated
10131,Zambia,ZM,ZMB,Native,Mammalia,Cercopithecidae,Chlorocebus pygerythrus,Vervet Monkey,Appendix II – Trade regulated
10131,Zimbabwe,ZW,ZWE,Native,Mammalia,Cercopithecidae,Chlorocebus pygerythrus,Vervet Monkey,Appendix II – Trade regulated
8199,Burkina Faso,BF,BFA,Native,Mammalia,Cercopithecidae,Chlorocebus sabaeus,Green Monkey,Appendix II – Trade regulated
8199,C√¥te d'Ivoire,,,Native,Mammalia,Cercopithecidae,Chlorocebus sabaeus,Green Monkey,Appendix II – Trade regulated
8199,Gambia,GM,GMB,Native,Mammalia,Cercopithecidae,Chlorocebus sabaeus,Green Monkey,Appendix II – Trade regulated
8199,Ghana,GH,GHA,Native,Mammalia,Cercopithecidae,Chlorocebus sabaeus,Green Monkey,Appendix II – Trade regulated
8199,Guinea,GN,GIN,Native,Mammalia,Cercopithecidae,Chlorocebus sabaeus,Green Monkey,Appendix II – Trade regulated
8199,Guinea Bissau,,,Native,Mammalia,Cercopithecidae,Chlorocebus sabaeus,Green Monkey,Appendix II – Trade regulated
8199,Liberia,LR,LBR,Native,Mammalia,Cercopithecidae,Chlorocebus sabaeus,Green Monkey,Appendix II – Trade regulated
8199,Mali,ML,MLI,Native,Mammalia,Cercopithecidae,Chlorocebus sabaeus,Green Monkey,Appendix II – Trade regulated
8199,Mauritania,MR,MRT,Native,Mammalia,Cercopithecidae,Chlorocebus sabaeus,Green Monkey,Appendix II – Trade regulated
8199,Senegal,SN,SEN,Native,Mammalia,Cercopithecidae,Chlorocebus sabaeus,Green Monkey,Appendix II – Trade regulated
8199,Sierra Leone,SL,SLE,Native,Mammalia,Cercopithecidae,Chlorocebus sabaeus,Green Monkey,Appendix II – Trade regulated
8199,Barbados,BB,BRB,Introduced,Mammalia,Cercopithecidae,Chlorocebus sabaeus,Green Monkey,Appendix II – Trade regulated
8199,Cabo Verde,CV,CPV,Introduced,Mammalia,Cercopithecidae,Chlorocebus sabaeus,Green Monkey,Appendix II – Trade regulated
8199,Saint Kitts and Nevis,KN,KNA,Introduced,Mammalia,Cercopithecidae,Chlorocebus sabaeus,Green Monkey,Appendix II – Trade regulated
8199,Spain,ES,ESP,Introduced,Mammalia,Cercopithecidae,Chlorocebus sabaeus,Green Monkey,Appendix II – Trade regulated
8446,Benin,BJ,BEN,Native,Mammalia,Cercopithecidae,Chlorocebus tantalus,Tantalus Monkey,Appendix II – Trade regulated
8446,Burkina Faso,BF,BFA,Native,Mammalia,Cercopithecidae,Chlorocebus tantalus,Tantalus Monkey,Appendix II – Trade regulated
8446,Cameroon,CM,CMR,Native,Mammalia,Cercopithecidae,Chlorocebus tantalus,Tantalus Monkey,Appendix II – Trade regulated
8446,Central African Republic,CF,CAF,Native,Mammalia,Cercopithecidae,Chlorocebus tantalus,Tantalus Monkey,Appendix II – Trade regulated
8446,Chad,TD,TCD,Native,Mammalia,Cercopithecidae,Chlorocebus tantalus,Tantalus Monkey,Appendix II – Trade regulated
8446,Democratic Republic of the Congo,CD,COD,Native,Mammalia,Cercopithecidae,Chlorocebus tantalus,Tantalus Monkey,Appendix II – Trade regulated
8446,Ghana,GH,GHA,Native,Mammalia,Cercopithecidae,Chlorocebus tantalus,Tantalus Monkey,Appendix II – Trade regulated
8446,Kenya,KE,KEN,Native,Mammalia,Cercopithecidae,Chlorocebus tantalus,Tantalus Monkey,Appendix II – Trade regulated
8446,Niger,NE,NER,Native,Mammalia,Cercopithecidae,Chlorocebus tantalus,Tantalus Monkey,Appendix II – Trade regulated
8446,Nigeria,NG,NGA,Native,Mammalia,Cercopithecidae,Chlorocebus tantalus,Tantalus Monkey,Appendix II – Trade regulated
8446,South Sudan,SS,SSD,Native,Mammalia,Cercopithecidae,Chlorocebus tantalus,Tantalus Monkey,Appendix II – Trade regulated
8446,Sudan,SD,SDN,Native,Mammalia,Cercopithecidae,Chlorocebus tantalus,Tantalus Monkey,Appendix II – Trade regulated
8446,Togo,TG,TGO,Native,Mammalia,Cercopithecidae,Chlorocebus tantalus,Tantalus Monkey,Appendix II – Trade regulated
8446,Uganda,UG,UGA,Native,Mammalia,Cercopithecidae,Chlorocebus tantalus,Tantalus Monkey,Appendix II – Trade regulated
10874,Angola,AO,AGO,Native,Mammalia,Cercopithecidae,Colobus angolensis,Angola Colobus,Appendix II – Trade regulated
10874,Burundi,BI,BDI,Native,Mammalia,Cercopithecidae,Colobus angolensis,Angola Colobus,Appendix II – Trade regulated
10874,Democratic Republic of the Congo,CD,COD,Native,Mammalia,Cercopithecidae,Colobus angolensis,Angola Colobus,Appendix II – Trade regulated
10874,Kenya,KE,KEN,Native,Mammalia,Cercopithecidae,Colobus angolensis,Angola Colobus,Appendix II – Trade regulated
10874,Malawi,MW,MWI,Native,Mammalia,Cercopithecidae,Colobus angolensis,Angola Colobus,Appendix II – Trade regulated
10874,Rwanda,RW,RWA,Native,Mammalia,Cercopithecidae,Colobus angolensis,Angola Colobus,Appendix II – Trade regulated
10874,Uganda,UG,UGA,Native,Mammalia,Cercopithecidae,Colobus angolensis,Angola Colobus,Appendix II – Trade regulated
10874,United Republic of Tanzania,TZ,TZA,Native,Mammalia,Cercopithecidae,Colobus angolensis,Angola Colobus,Appendix II – Trade regulated
10874,Zambia,ZM,ZMB,Native,Mammalia,Cercopithecidae,Colobus angolensis,Angola Colobus,Appendix II – Trade regulated
3758,Cameroon,CM,CMR,Native,Mammalia,Cercopithecidae,Colobus guereza,Guereza (Mantled Colobus),Appendix II – Trade regulated
3758,Central African Republic,CF,CAF,Native,Mammalia,Cercopithecidae,Colobus guereza,Guereza (Mantled Colobus),Appendix II – Trade regulated
3758,Chad,TD,TCD,Native,Mammalia,Cercopithecidae,Colobus guereza,Guereza (Mantled Colobus),Appendix II – Trade regulated
3758,Congo,,,Native,Mammalia,Cercopithecidae,Colobus guereza,Guereza (Mantled Colobus),Appendix II – Trade regulated
3758,Democratic Republic of the Congo,CD,COD,Native,Mammalia,Cercopithecidae,Colobus guereza,Guereza (Mantled Colobus),Appendix II – Trade regulated
3758,Ethiopia,ET,ETH,Native,Mammalia,Cercopithecidae,Colobus guereza,Guereza (Mantled Colobus),Appendix II – Trade regulated
3758,Gabon,GA,GAB,Native,Mammalia,Cercopithecidae,Colobus guereza,Guereza (Mantled Colobus),Appendix II – Trade regulated
3758,Kenya,KE,KEN,Native,Mammalia,Cercopithecidae,Colobus guereza,Guereza (Mantled Colobus),Appendix II – Trade regulated
3758,Nigeria,NG,NGA,Native,Mammalia,Cercopithecidae,Colobus guereza,Guereza (Mantled Colobus),Appendix II – Trade regulated
3758,Rwanda,RW,RWA,Native,Mammalia,Cercopithecidae,Colobus guereza,Guereza (Mantled Colobus),Appendix II – Trade regulated
3758,South Sudan,SS,SSD,Native,Mammalia,Cercopithecidae,Colobus guereza,Guereza (Mantled Colobus),Appendix II – Trade regulated
3758,Uganda,UG,UGA,Native,Mammalia,Cercopithecidae,Colobus guereza,Guereza (Mantled Colobus),Appendix II – Trade regulated
3758,United Republic of Tanzania,TZ,TZA,Native,Mammalia,Cercopithecidae,Colobus guereza,Guereza (Mantled Colobus),Appendix II – Trade regulated
4790,C√¥te d'Ivoire,,,Native,Mammalia,Cercopithecidae,Colobus polykomos,King Colobus,Appendix II – Trade regulated
4790,Guinea,GN,GIN,Native,Mammalia,Cercopithecidae,Colobus polykomos,King Colobus,Appendix II – Trade regulated
4790,Guinea Bissau,,,Native,Mammalia,Cercopithecidae,Colobus polykomos,King Colobus,Appendix II – Trade regulated
4790,Liberia,LR,LBR,Native,Mammalia,Cercopithecidae,Colobus polykomos,King Colobus,Appendix II – Trade regulated
4790,Sierra Leone,SL,SLE,Native,Mammalia,Cercopithecidae,Colobus polykomos,King Colobus,Appendix II – Trade regulated
4991,Cameroon,CM,CMR,Native,Mammalia,Cercopithecidae,Colobus satanas,Black Colobus,Appendix II – Trade regulated
4991,Congo,,,Native,Mammalia,Cercopithecidae,Colobus satanas,Black Colobus,Appendix II – Trade regulated
4991,Equatorial Guinea,GQ,GNQ,Native,Mammalia,Cercopithecidae,Colobus satanas,Black Colobus,Appendix II – Trade regulated
4991,Gabon,GA,GAB,Native,Mammalia,Cercopithecidae,Colobus satanas,Black Colobus,Appendix II – Trade regulated
4679,Benin,BJ,BEN,Native,Mammalia,Cercopithecidae,Colobus vellerosus,Ursine Colobus,Appendix II – Trade regulated
4679,Burkina Faso,BF,BFA,Native,Mammalia,Cercopithecidae,Colobus vellerosus,Ursine Colobus,Appendix II – Trade regulated
4679,C√¥te d'Ivoire,,,Native,Mammalia,Cercopithecidae,Colobus vellerosus,Ursine Colobus,Appendix II – Trade regulated
4679,Ghana,GH,GHA,Native,Mammalia,Cercopithecidae,Colobus vellerosus,Ursine Colobus,Appendix II – Trade regulated
4679,Nigeria,NG,NGA,Native,Mammalia,Cercopithecidae,Colobus vellerosus,Ursine Colobus,Appendix II – Trade regulated
4679,Togo,TG,TGO,Native,Mammalia,Cercopithecidae,Colobus vellerosus,Ursine Colobus,Appendix II – Trade regulated
5524,Benin,BJ,BEN,Native,Mammalia,Cercopithecidae,Erythrocebus patas,Patas Monkey,Appendix II – Trade regulated
5524,Burkina Faso,BF,BFA,Native,Mammalia,Cercopithecidae,Erythrocebus patas,Patas Monkey,Appendix II – Trade regulated
5524,Cameroon,CM,CMR,Native,Mammalia,Cercopithecidae,Erythrocebus patas,Patas Monkey,Appendix II – Trade regulated
5524,Central African Republic,CF,CAF,Native,Mammalia,Cercopithecidae,Erythrocebus patas,Patas Monkey,Appendix II – Trade regulated
5524,Chad,TD,TCD,Native,Mammalia,Cercopithecidae,Erythrocebus patas,Patas Monkey,Appendix II – Trade regulated
5524,C√¥te d'Ivoire,,,Native,Mammalia,Cercopithecidae,Erythrocebus patas,Patas Monkey,Appendix II – Trade regulated
5524,Democratic Republic of the Congo,CD,COD,Native,Mammalia,Cercopithecidae,Erythrocebus patas,Patas Monkey,Appendix II – Trade regulated
5524,Ethiopia,ET,ETH,Native,Mammalia,Cercopithecidae,Erythrocebus patas,Patas Monkey,Appendix II – Trade regulated
5524,Gambia,GM,GMB,Native,Mammalia,Cercopithecidae,Erythrocebus patas,Patas Monkey,Appendix II – Trade regulated
5524,Ghana,GH,GHA,Native,Mammalia,Cercopithecidae,Erythrocebus patas,Patas Monkey,Appendix II – Trade regulated
5524,Guinea,GN,GIN,Native,Mammalia,Cercopithecidae,Erythrocebus patas,Patas Monkey,Appendix II – Trade regulated
5524,Guinea Bissau,,,Native,Mammalia,Cercopithecidae,Erythrocebus patas,Patas Monkey,Appendix II – Trade regulated
5524,Kenya,KE,KEN,Native,Mammalia,Cercopithecidae,Erythrocebus patas,Patas Monkey,Appendix II – Trade regulated
5524,Mali,ML,MLI,Native,Mammalia,Cercopithecidae,Erythrocebus patas,Patas Monkey,Appendix II – Trade regulated
5524,Mauritania,MR,MRT,Native,Mammalia,Cercopithecidae,Erythrocebus patas,Patas Monkey,Appendix II – Trade regulated
5524,Niger,NE,NER,Native,Mammalia,Cercopithecidae,Erythrocebus patas,Patas Monkey,Appendix II – Trade regulated
5524,Nigeria,NG,NGA,Native,Mammalia,Cercopithecidae,Erythrocebus patas,Patas Monkey,Appendix II – Trade regulated
5524,Senegal,SN,SEN,Native,Mammalia,Cercopithecidae,Erythrocebus patas,Patas Monkey,Appendix II – Trade regulated
5524,Sierra Leone,SL,SLE,Native,Mammalia,Cercopithecidae,Erythrocebus patas,Patas Monkey,Appendix II – Trade regulated
5524,South Sudan,SS,SSD,Native,Mammalia,Cercopithecidae,Erythrocebus patas,Patas Monkey,Appendix II – Trade regulated
5524,Sudan,SD,SDN,Native,Mammalia,Cercopithecidae,Erythrocebus patas,Patas Monkey,Appendix II – Trade regulated
5524,Togo,TG,TGO,Native,Mammalia,Cercopithecidae,Erythrocebus patas,Patas Monkey,Appendix II – Trade regulated
5524,Uganda,UG,UGA,Native,Mammalia,Cercopithecidae,Erythrocebus patas,Patas Monkey,Appendix II – Trade regulated
5524,United Republic of Tanzania,TZ,TZA,Native,Mammalia,Cercopithecidae,Erythrocebus patas,Patas Monkey,Appendix II – Trade regulated
3189,Angola,AO,AGO,Native,Mammalia,Cercopithecidae,Lophocebus albigena,Grey-cheeked Mangabey,Appendix II – Trade regulated
3189,Burundi,BI,BDI,Native,Mammalia,Cercopithecidae,Lophocebus albigena,Grey-cheeked Mangabey,Appendix II – Trade regulated
3189,Cameroon,CM,CMR,Native,Mammalia,Cercopithecidae,Lophocebus albigena,Grey-cheeked Mangabey,Appendix II – Trade regulated
3189,Central African Republic,CF,CAF,Native,Mammalia,Cercopithecidae,Lophocebus albigena,Grey-cheeked Mangabey,Appendix II – Trade regulated
3189,Congo,,,Native,Mammalia,Cercopithecidae,Lophocebus albigena,Grey-cheeked Mangabey,Appendix II – Trade regulated
3189,Democratic Republic of the Congo,CD,COD,Native,Mammalia,Cercopithecidae,Lophocebus albigena,Grey-cheeked Mangabey,Appendix II – Trade regulated
3189,Equatorial Guinea,GQ,GNQ,Native,Mammalia,Cercopithecidae,Lophocebus albigena,Grey-cheeked Mangabey,Appendix II – Trade regulated
3189,Gabon,GA,GAB,Native,Mammalia,Cercopithecidae,Lophocebus albigena,Grey-cheeked Mangabey,Appendix II – Trade regulated
3189,Nigeria,NG,NGA,Native,Mammalia,Cercopithecidae,Lophocebus albigena,Grey-cheeked Mangabey,Appendix II – Trade regulated
3189,Rwanda,RW,RWA,Native,Mammalia,Cercopithecidae,Lophocebus albigena,Grey-cheeked Mangabey,Appendix II – Trade regulated
3189,South Sudan,SS,SSD,Native,Mammalia,Cercopithecidae,Lophocebus albigena,Grey-cheeked Mangabey,Appendix II – Trade regulated
3189,Uganda,UG,UGA,Native,Mammalia,Cercopithecidae,Lophocebus albigena,Grey-cheeked Mangabey,Appendix II – Trade regulated
3189,United Republic of Tanzania,TZ,TZA,Native,Mammalia,Cercopithecidae,Lophocebus albigena,Grey-cheeked Mangabey,Appendix II – Trade regulated
9433,Angola,AO,AGO,Native,Mammalia,Cercopithecidae,Lophocebus aterrimus,Black Crested Mangabey,Appendix II – Trade regulated
9433,Democratic Republic of the Congo,CD,COD,Native,Mammalia,Cercopithecidae,Lophocebus aterrimus,Black Crested Mangabey,Appendix II – Trade regulated
4936,Angola,AO,AGO,Native,Mammalia,Cercopithecidae,Lophocebus opdenboschi,Opdenbosch's Mangabey,Appendix II – Trade regulated
4936,Democratic Republic of the Congo,CD,COD,Native,Mammalia,Cercopithecidae,Lophocebus opdenboschi,Opdenbosch's Mangabey,Appendix II – Trade regulated
5121,Bangladesh,BD,BGD,Native,Mammalia,Cercopithecidae,Macaca arctoides,Stump-tailed Macaque,Appendix II – Trade regulated
5121,Cambodia,KH,KHM,Native,Mammalia,Cercopithecidae,Macaca arctoides,Stump-tailed Macaque,Appendix II – Trade regulated
5121,China,CN,CHN,Native,Mammalia,Cercopithecidae,Macaca arctoides,Stump-tailed Macaque,Appendix II – Trade regulated
5121,India,IN,IND,Native,Mammalia,Cercopithecidae,Macaca arctoides,Stump-tailed Macaque,Appendix II – Trade regulated
5121,Lao People's Democratic Republic,,,Native,Mammalia,Cercopithecidae,Macaca arctoides,Stump-tailed Macaque,Appendix II – Trade regulated
5121,Malaysia,MY,MYS,Native,Mammalia,Cercopithecidae,Macaca arctoides,Stump-tailed Macaque,Appendix II – Trade regulated
5121,Myanmar,MM,MMR,Native,Mammalia,Cercopithecidae,Macaca arctoides,Stump-tailed Macaque,Appendix II – Trade regulated
5121,Thailand,TH,THA,Native,Mammalia,Cercopithecidae,Macaca arctoides,Stump-tailed Macaque,Appendix II – Trade regulated
5121,Viet Nam,,,Native,Mammalia,Cercopithecidae,Macaca arctoides,Stump-tailed Macaque,Appendix II – Trade regulated
3521,Bangladesh,BD,BGD,Native,Mammalia,Cercopithecidae,Macaca assamensis,Assam Macaque,Appendix II – Trade regulated
3521,Bhutan,BT,BTN,Native,Mammalia,Cercopithecidae,Macaca assamensis,Assam Macaque,Appendix II – Trade regulated
3521,China,CN,CHN,Native,Mammalia,Cercopithecidae,Macaca assamensis,Assam Macaque,Appendix II – Trade regulated
3521,India,IN,IND,Native,Mammalia,Cercopithecidae,Macaca assamensis,Assam Macaque,Appendix II – Trade regulated
3521,Lao People's Democratic Republic,,,Native,Mammalia,Cercopithecidae,Macaca assamensis,Assam Macaque,Appendix II – Trade regulated
3521,Myanmar,MM,MMR,Native,Mammalia,Cercopithecidae,Macaca assamensis,Assam Macaque,Appendix II – Trade regulated
3521,Nepal,NP,NPL,Native,Mammalia,Cercopithecidae,Macaca assamensis,Assam Macaque,Appendix II – Trade regulated
3521,Thailand,TH,THA,Native,Mammalia,Cercopithecidae,Macaca assamensis,Assam Macaque,Appendix II – Trade regulated
3521,Viet Nam,,,Native,Mammalia,Cercopithecidae,Macaca assamensis,Assam Macaque,Appendix II – Trade regulated
4749,Taiwan,CN-TW,TWN,Native,Mammalia,Cercopithecidae,Macaca cyclopis,Taiwanese Macaque,Appendix II – Trade regulated
4749,Province of China,,,Native,Mammalia,Cercopithecidae,Macaca cyclopis,Taiwanese Macaque,Appendix II – Trade regulated
4749,Japan,JP,JPN,Introduced,Mammalia,Cercopithecidae,Macaca cyclopis,Taiwanese Macaque,Appendix II – Trade regulated
3920,Bangladesh,BD,BGD,Native,Mammalia,Cercopithecidae,Macaca fascicularis,Crab-eating Macaque (Long-tailed),Appendix II – Trade regulated
3920,Brunei Darussalam,,,Native,Mammalia,Cercopithecidae,Macaca fascicularis,Crab-eating Macaque (Long-tailed),Appendix II – Trade regulated
3920,Cambodia,KH,KHM,Native,Mammalia,Cercopithecidae,Macaca fascicularis,Crab-eating Macaque (Long-tailed),Appendix II – Trade regulated
3920,India,IN,IND,Native,Mammalia,Cercopithecidae,Macaca fascicularis,Crab-eating Macaque (Long-tailed),Appendix II – Trade regulated
3920,Indonesia,ID,IDN,Native,Mammalia,Cercopithecidae,Macaca fascicularis,Crab-eating Macaque (Long-tailed),Appendix II – Trade regulated
3920,Lao People's Democratic Republic,,,Native,Mammalia,Cercopithecidae,Macaca fascicularis,Crab-eating Macaque (Long-tailed),Appendix II – Trade regulated
3920,Malaysia,MY,MYS,Native,Mammalia,Cercopithecidae,Macaca fascicularis,Crab-eating Macaque (Long-tailed),Appendix II – Trade regulated
3920,Myanmar,MM,MMR,Native,Mammalia,Cercopithecidae,Macaca fascicularis,Crab-eating Macaque (Long-tailed),Appendix II – Trade regulated
3920,Philippines,PH,PHL,Native,Mammalia,Cercopithecidae,Macaca fascicularis,Crab-eating Macaque (Long-tailed),Appendix II – Trade regulated
3920,Singapore,SG,SGP,Native,Mammalia,Cercopithecidae,Macaca fascicularis,Crab-eating Macaque (Long-tailed),Appendix II – Trade regulated
3920,Thailand,TH,THA,Native,Mammalia,Cercopithecidae,Macaca fascicularis,Crab-eating Macaque (Long-tailed),Appendix II – Trade regulated
3920,Viet Nam,,,Native,Mammalia,Cercopithecidae,Macaca fascicularis,Crab-eating Macaque (Long-tailed),Appendix II – Trade regulated
3920,Hong Kong,,,Introduced,Mammalia,Cercopithecidae,Macaca fascicularis,Crab-eating Macaque (Long-tailed),Appendix II – Trade regulated
3920,SAR,,,Introduced,Mammalia,Cercopithecidae,Macaca fascicularis,Crab-eating Macaque (Long-tailed),Appendix II – Trade regulated
3920,Mauritius,MU,MUS,Introduced,Mammalia,Cercopithecidae,Macaca fascicularis,Crab-eating Macaque (Long-tailed),Appendix II – Trade regulated
3920,Palau,PW,PLW,Introduced,Mammalia,Cercopithecidae,Macaca fascicularis,Crab-eating Macaque (Long-tailed),Appendix II – Trade regulated
9791,Japan,JP,JPN,Native,Mammalia,Cercopithecidae,Macaca fuscata,Japanese Macaque (Snow Monkey),Appendix II – Trade regulated
9791,Hong Kong,,,Introduced,Mammalia,Cercopithecidae,Macaca fuscata,Japanese Macaque (Snow Monkey),Appendix II – Trade regulated
9791,SAR,,,Introduced,Mammalia,Cercopithecidae,Macaca fuscata,Japanese Macaque (Snow Monkey),Appendix II – Trade regulated
9791,United States of America,US,USA,Introduced,Mammalia,Cercopithecidae,Macaca fuscata,Japanese Macaque (Snow Monkey),Appendix II – Trade regulated
4479,Indonesia,ID,IDN,Native,Mammalia,Cercopithecidae,Macaca hecki,Heck's Macaque,Appendix II – Trade regulated
3069,Bangladesh,BD,BGD,Native,Mammalia,Cercopithecidae,Macaca leonina,Northern Pig-tailed Macaque,Appendix II – Trade regulated
3069,Cambodia,KH,KHM,Native,Mammalia,Cercopithecidae,Macaca leonina,Northern Pig-tailed Macaque,Appendix II – Trade regulated
3069,China,CN,CHN,Native,Mammalia,Cercopithecidae,Macaca leonina,Northern Pig-tailed Macaque,Appendix II – Trade regulated
3069,India,IN,IND,Native,Mammalia,Cercopithecidae,Macaca leonina,Northern Pig-tailed Macaque,Appendix II – Trade regulated
3069,Lao People's Democratic Republic,,,Native,Mammalia,Cercopithecidae,Macaca leonina,Northern Pig-tailed Macaque,Appendix II – Trade regulated
3069,Myanmar,MM,MMR,Native,Mammalia,Cercopithecidae,Macaca leonina,Northern Pig-tailed Macaque,Appendix II – Trade regulated
3069,Thailand,TH,THA,Native,Mammalia,Cercopithecidae,Macaca leonina,Northern Pig-tailed Macaque,Appendix II – Trade regulated
3069,Viet Nam,,,Native,Mammalia,Cercopithecidae,Macaca leonina,Northern Pig-tailed Macaque,Appendix II – Trade regulated
101073,China,CN,CHN,Native,Mammalia,Cercopithecidae,Macaca leucogenys,White-cheeked Macaque,Appendix II – Trade regulated
3562,Indonesia,ID,IDN,Native,Mammalia,Cercopithecidae,Macaca maura,Moor Macaque,Appendix II – Trade regulated
7393,Afghanistan,AF,AFG,Native,Mammalia,Cercopithecidae,Macaca mulatta,Rhesus Macaque,Appendix II – Trade regulated
7393,Bangladesh,BD,BGD,Native,Mammalia,Cercopithecidae,Macaca mulatta,Rhesus Macaque,Appendix II – Trade regulated
7393,Bhutan,BT,BTN,Native,Mammalia,Cercopithecidae,Macaca mulatta,Rhesus Macaque,Appendix II – Trade regulated
7393,China,CN,CHN,Native,Mammalia,Cercopithecidae,Macaca mulatta,Rhesus Macaque,Appendix II – Trade regulated
7393,Hong Kong,,,Native,Mammalia,Cercopithecidae,Macaca mulatta,Rhesus Macaque,Appendix II – Trade regulated
7393,SAR,,,Native,Mammalia,Cercopithecidae,Macaca mulatta,Rhesus Macaque,Appendix II – Trade regulated
7393,India,IN,IND,Native,Mammalia,Cercopithecidae,Macaca mulatta,Rhesus Macaque,Appendix II – Trade regulated
7393,Lao People's Democratic Republic,,,Native,Mammalia,Cercopithecidae,Macaca mulatta,Rhesus Macaque,Appendix II – Trade regulated
7393,Myanmar,MM,MMR,Native,Mammalia,Cercopithecidae,Macaca mulatta,Rhesus Macaque,Appendix II – Trade regulated
7393,Nepal,NP,NPL,Native,Mammalia,Cercopithecidae,Macaca mulatta,Rhesus Macaque,Appendix II – Trade regulated
7393,Pakistan,PK,PAK,Native,Mammalia,Cercopithecidae,Macaca mulatta,Rhesus Macaque,Appendix II – Trade regulated
7393,Thailand,TH,THA,Native,Mammalia,Cercopithecidae,Macaca mulatta,Rhesus Macaque,Appendix II – Trade regulated
7393,Viet Nam,,,Native,Mammalia,Cercopithecidae,Macaca mulatta,Rhesus Macaque,Appendix II – Trade regulated
7393,United States of America,US,USA,Introduced,Mammalia,Cercopithecidae,Macaca mulatta,Rhesus Macaque,Appendix II – Trade regulated
9649,Bhutan,BT,BTN,Native,Mammalia,Cercopithecidae,Macaca munzala,Arunachal Macaque,Appendix II – Trade regulated
9649,India,IN,IND,Native,Mammalia,Cercopithecidae,Macaca munzala,Arunachal Macaque,Appendix II – Trade regulated
7094,Brunei Darussalam,,,Native,Mammalia,Cercopithecidae,Macaca nemestrina,Pig-tailed Macaque (Southern),Appendix II – Trade regulated
7094,Indonesia,ID,IDN,Native,Mammalia,Cercopithecidae,Macaca nemestrina,Pig-tailed Macaque (Southern),Appendix II – Trade regulated
7094,Malaysia,MY,MYS,Native,Mammalia,Cercopithecidae,Macaca nemestrina,Pig-tailed Macaque (Southern),Appendix II – Trade regulated
7094,Thailand,TH,THA,Native,Mammalia,Cercopithecidae,Macaca nemestrina,Pig-tailed Macaque (Southern),Appendix II – Trade regulated
7094,Singapore,SG,SGP,Introduced,Mammalia,Cercopithecidae,Macaca nemestrina,Pig-tailed Macaque (Southern),Appendix II – Trade regulated
7094,Singapore,SG,SGP,Extinct,Mammalia,Cercopithecidae,Macaca nemestrina,Pig-tailed Macaque (Southern),Appendix II – Trade regulated
6601,Indonesia,ID,IDN,Native,Mammalia,Cercopithecidae,Macaca nigra,Celebes Crested Macaque,Appendix II – Trade regulated
8188,Indonesia,ID,IDN,Native,Mammalia,Cercopithecidae,Macaca nigrescens,Gorontalo Macaque,Appendix II – Trade regulated
4490,Indonesia,ID,IDN,Native,Mammalia,Cercopithecidae,Macaca ochreata,Booted Macaque,Appendix II – Trade regulated
9720,Indonesia,ID,IDN,Native,Mammalia,Cercopithecidae,Macaca pagensis,Pagai Island Macaque,Appendix II – Trade regulated
7080,India,IN,IND,Native,Mammalia,Cercopithecidae,Macaca radiata,Bonnet Macaque,Appendix II – Trade regulated
6217,Indonesia,ID,IDN,Native,Mammalia,Cercopithecidae,Macaca siberu,Siberut Macaque,Appendix II – Trade regulated
11089,India,IN,IND,Native,Mammalia,Cercopithecidae,Macaca silenus,Lion-tailed Macaque,Appendix I – Species threatened with extinction
10938,Sri Lanka,LK,LKA,Native,Mammalia,Cercopithecidae,Macaca sinica,Toque Macaque,Appendix II – Trade regulated
6923,Algeria,DZ,DZA,Native,Mammalia,Cercopithecidae,Macaca sylvanus,Barbary Macaque,Appendix I – Species threatened with extinction
6923,Morocco,MA,MAR,Native,Mammalia,Cercopithecidae,Macaca sylvanus,Barbary Macaque,Appendix I – Species threatened with extinction
6923,Gibraltar (United Kingdom),,,Introduced,Mammalia,Cercopithecidae,Macaca sylvanus,Barbary Macaque,Appendix I – Species threatened with extinction
10541,China,CN,CHN,Native,Mammalia,Cercopithecidae,Macaca thibetana,Tibetan Macaque,Appendix II – Trade regulated
10541,India,IN,IND,Native,Mammalia,Cercopithecidae,Macaca thibetana,Tibetan Macaque,Appendix II – Trade regulated
3468,Indonesia,ID,IDN,Native,Mammalia,Cercopithecidae,Macaca tonkeana,Tonkean Macaque,Appendix II – Trade regulated
6623,Cameroon,CM,CMR,Native,Mammalia,Cercopithecidae,Mandrillus leucophaeus,Drill,Appendix I – Species threatened with extinction
6623,Equatorial Guinea,GQ,GNQ,Native,Mammalia,Cercopithecidae,Mandrillus leucophaeus,Drill,Appendix I – Species threatened with extinction
6623,Nigeria,NG,NGA,Native,Mammalia,Cercopithecidae,Mandrillus leucophaeus,Drill,Appendix I – Species threatened with extinction
7079,Cameroon,CM,CMR,Native,Mammalia,Cercopithecidae,Mandrillus sphinx,Mandrill,Appendix I – Species threatened with extinction
7079,Congo,,,Native,Mammalia,Cercopithecidae,Mandrillus sphinx,Mandrill,Appendix I – Species threatened with extinction
7079,Equatorial Guinea,GQ,GNQ,Native,Mammalia,Cercopithecidae,Mandrillus sphinx,Mandrill,Appendix I – Species threatened with extinction
7079,Gabon,GA,GAB,Native,Mammalia,Cercopithecidae,Mandrillus sphinx,Mandrill,Appendix I – Species threatened with extinction
6929,Angola,AO,AGO,Native,Mammalia,Cercopithecidae,Miopithecus ogouensis,Northern Talapoin,Appendix II – Trade regulated
6929,Cameroon,CM,CMR,Native,Mammalia,Cercopithecidae,Miopithecus ogouensis,Northern Talapoin,Appendix II – Trade regulated
6929,Congo,,,Native,Mammalia,Cercopithecidae,Miopithecus ogouensis,Northern Talapoin,Appendix II – Trade regulated
6929,Equatorial Guinea,GQ,GNQ,Native,Mammalia,Cercopithecidae,Miopithecus ogouensis,Northern Talapoin,Appendix II – Trade regulated
6929,Gabon,GA,GAB,Native,Mammalia,Cercopithecidae,Miopithecus ogouensis,Northern Talapoin,Appendix II – Trade regulated
10014,Angola,AO,AGO,Native,Mammalia,Cercopithecidae,Miopithecus talapoin,Angolan Talapoin,Appendix II – Trade regulated
10014,Cameroon,CM,CMR,Native,Mammalia,Cercopithecidae,Miopithecus talapoin,Angolan Talapoin,Appendix II – Trade regulated
10014,Democratic Republic of the Congo,CD,COD,Native,Mammalia,Cercopithecidae,Miopithecus talapoin,Angolan Talapoin,Appendix II – Trade regulated
10415,Brunei Darussalam,,,Native,Mammalia,Cercopithecidae,Nasalis larvatus,Proboscis Monkey,Appendix I – Species threatened with extinction
10415,Indonesia,ID,IDN,Native,Mammalia,Cercopithecidae,Nasalis larvatus,Proboscis Monkey,Appendix I – Species threatened with extinction
10415,Malaysia,MY,MYS,Native,Mammalia,Cercopithecidae,Nasalis larvatus,Proboscis Monkey,Appendix I – Species threatened with extinction
10170,Benin,BJ,BEN,Native,Mammalia,Cercopithecidae,Papio anubis,Olive Baboon,Appendix II – Trade regulated
10170,Burkina Faso,BF,BFA,Native,Mammalia,Cercopithecidae,Papio anubis,Olive Baboon,Appendix II – Trade regulated
10170,Burundi,BI,BDI,Native,Mammalia,Cercopithecidae,Papio anubis,Olive Baboon,Appendix II – Trade regulated
10170,Cameroon,CM,CMR,Native,Mammalia,Cercopithecidae,Papio anubis,Olive Baboon,Appendix II – Trade regulated
10170,Central African Republic,CF,CAF,Native,Mammalia,Cercopithecidae,Papio anubis,Olive Baboon,Appendix II – Trade regulated
10170,Chad,TD,TCD,Native,Mammalia,Cercopithecidae,Papio anubis,Olive Baboon,Appendix II – Trade regulated
10170,Congo,,,Native,Mammalia,Cercopithecidae,Papio anubis,Olive Baboon,Appendix II – Trade regulated
10170,C√¥te d'Ivoire,,,Native,Mammalia,Cercopithecidae,Papio anubis,Olive Baboon,Appendix II – Trade regulated
10170,Democratic Republic of the Congo,CD,COD,Native,Mammalia,Cercopithecidae,Papio anubis,Olive Baboon,Appendix II – Trade regulated
10170,Eritrea,ER,ERI,Native,Mammalia,Cercopithecidae,Papio anubis,Olive Baboon,Appendix II – Trade regulated
10170,Ethiopia,ET,ETH,Native,Mammalia,Cercopithecidae,Papio anubis,Olive Baboon,Appendix II – Trade regulated
10170,Ghana,GH,GHA,Native,Mammalia,Cercopithecidae,Papio anubis,Olive Baboon,Appendix II – Trade regulated
10170,Guinea,GN,GIN,Native,Mammalia,Cercopithecidae,Papio anubis,Olive Baboon,Appendix II – Trade regulated
10170,Kenya,KE,KEN,Native,Mammalia,Cercopithecidae,Papio anubis,Olive Baboon,Appendix II – Trade regulated
10170,Libya,LY,LBY,Native,Mammalia,Cercopithecidae,Papio anubis,Olive Baboon,Appendix II – Trade regulated
10170,Mali,ML,MLI,Native,Mammalia,Cercopithecidae,Papio anubis,Olive Baboon,Appendix II – Trade regulated
10170,Mauritania,MR,MRT,Native,Mammalia,Cercopithecidae,Papio anubis,Olive Baboon,Appendix II – Trade regulated
10170,Niger,NE,NER,Native,Mammalia,Cercopithecidae,Papio anubis,Olive Baboon,Appendix II – Trade regulated
10170,Nigeria,NG,NGA,Native,Mammalia,Cercopithecidae,Papio anubis,Olive Baboon,Appendix II – Trade regulated
10170,Rwanda,RW,RWA,Native,Mammalia,Cercopithecidae,Papio anubis,Olive Baboon,Appendix II – Trade regulated
10170,Sierra Leone,SL,SLE,Native,Mammalia,Cercopithecidae,Papio anubis,Olive Baboon,Appendix II – Trade regulated
10170,Somalia,SO,SOM,Native,Mammalia,Cercopithecidae,Papio anubis,Olive Baboon,Appendix II – Trade regulated
10170,South Sudan,SS,SSD,Native,Mammalia,Cercopithecidae,Papio anubis,Olive Baboon,Appendix II – Trade regulated
10170,Sudan,SD,SDN,Native,Mammalia,Cercopithecidae,Papio anubis,Olive Baboon,Appendix II – Trade regulated
10170,Togo,TG,TGO,Native,Mammalia,Cercopithecidae,Papio anubis,Olive Baboon,Appendix II – Trade regulated
10170,Uganda,UG,UGA,Native,Mammalia,Cercopithecidae,Papio anubis,Olive Baboon,Appendix II – Trade regulated
10170,United Republic of Tanzania,TZ,TZA,Native,Mammalia,Cercopithecidae,Papio anubis,Olive Baboon,Appendix II – Trade regulated
9185,Angola,AO,AGO,Native,Mammalia,Cercopithecidae,Papio cynocephalus,Yellow Baboon,Appendix II – Trade regulated
9185,Democratic Republic of the Congo,CD,COD,Native,Mammalia,Cercopithecidae,Papio cynocephalus,Yellow Baboon,Appendix II – Trade regulated
9185,Ethiopia,ET,ETH,Native,Mammalia,Cercopithecidae,Papio cynocephalus,Yellow Baboon,Appendix II – Trade regulated
9185,Kenya,KE,KEN,Native,Mammalia,Cercopithecidae,Papio cynocephalus,Yellow Baboon,Appendix II – Trade regulated
9185,Malawi,MW,MWI,Native,Mammalia,Cercopithecidae,Papio cynocephalus,Yellow Baboon,Appendix II – Trade regulated
9185,Mozambique,MZ,MOZ,Native,Mammalia,Cercopithecidae,Papio cynocephalus,Yellow Baboon,Appendix II – Trade regulated
9185,Somalia,SO,SOM,Native,Mammalia,Cercopithecidae,Papio cynocephalus,Yellow Baboon,Appendix II – Trade regulated
9185,United Republic of Tanzania,TZ,TZA,Native,Mammalia,Cercopithecidae,Papio cynocephalus,Yellow Baboon,Appendix II – Trade regulated
9185,Zambia,ZM,ZMB,Native,Mammalia,Cercopithecidae,Papio cynocephalus,Yellow Baboon,Appendix II – Trade regulated
5129,Djibouti,DJ,DJI,Native,Mammalia,Cercopithecidae,Papio hamadryas,Hamadryas Baboon,Appendix II – Trade regulated
5129,Eritrea,ER,ERI,Native,Mammalia,Cercopithecidae,Papio hamadryas,Hamadryas Baboon,Appendix II – Trade regulated
5129,Ethiopia,ET,ETH,Native,Mammalia,Cercopithecidae,Papio hamadryas,Hamadryas Baboon,Appendix II – Trade regulated
5129,Saudi Arabia,SA,SAU,Native,Mammalia,Cercopithecidae,Papio hamadryas,Hamadryas Baboon,Appendix II – Trade regulated
5129,Somalia,SO,SOM,Native,Mammalia,Cercopithecidae,Papio hamadryas,Hamadryas Baboon,Appendix II – Trade regulated
5129,Sudan,SD,SDN,Native,Mammalia,Cercopithecidae,Papio hamadryas,Hamadryas Baboon,Appendix II – Trade regulated
5129,Yemen,YE,YEM,Native,Mammalia,Cercopithecidae,Papio hamadryas,Hamadryas Baboon,Appendix II – Trade regulated
5129,Egypt,EG,EGY,Extinct,Mammalia,Cercopithecidae,Papio hamadryas,Hamadryas Baboon,Appendix II – Trade regulated
5836,Gambia,GM,GMB,Native,Mammalia,Cercopithecidae,Papio papio,Guinea Baboon,Appendix II – Trade regulated
5836,Guinea,GN,GIN,Native,Mammalia,Cercopithecidae,Papio papio,Guinea Baboon,Appendix II – Trade regulated
5836,Mali,ML,MLI,Native,Mammalia,Cercopithecidae,Papio papio,Guinea Baboon,Appendix II – Trade regulated
5836,Mauritania,MR,MRT,Native,Mammalia,Cercopithecidae,Papio papio,Guinea Baboon,Appendix II – Trade regulated
5836,Senegal,SN,SEN,Native,Mammalia,Cercopithecidae,Papio papio,Guinea Baboon,Appendix II – Trade regulated
5836,Sierra Leone,SL,SLE,Native,Mammalia,Cercopithecidae,Papio papio,Guinea Baboon,Appendix II – Trade regulated
5352,Angola,AO,AGO,Native,Mammalia,Cercopithecidae,Papio ursinus,Chacma Baboon,Appendix II – Trade regulated
5352,Botswana,BW,BWA,Native,Mammalia,Cercopithecidae,Papio ursinus,Chacma Baboon,Appendix II – Trade regulated
5352,Eswatini,,,Native,Mammalia,Cercopithecidae,Papio ursinus,Chacma Baboon,Appendix II – Trade regulated
5352,Lesotho,LS,LSO,Native,Mammalia,Cercopithecidae,Papio ursinus,Chacma Baboon,Appendix II – Trade regulated
5352,Mozambique,MZ,MOZ,Native,Mammalia,Cercopithecidae,Papio ursinus,Chacma Baboon,Appendix II – Trade regulated
5352,Namibia,NA,NAM,Native,Mammalia,Cercopithecidae,Papio ursinus,Chacma Baboon,Appendix II – Trade regulated
5352,South Africa,ZA,ZAF,Native,Mammalia,Cercopithecidae,Papio ursinus,Chacma Baboon,Appendix II – Trade regulated
5352,Zambia,ZM,ZMB,Native,Mammalia,Cercopithecidae,Papio ursinus,Chacma Baboon,Appendix II – Trade regulated
5352,Zimbabwe,ZW,ZWE,Native,Mammalia,Cercopithecidae,Papio ursinus,Chacma Baboon,Appendix II – Trade regulated
4238,C√¥te d'Ivoire,,,Native,Mammalia,Cercopithecidae,Piliocolobus badius,Western Red Colobus,Appendix II – Trade regulated
4238,Guinea,GN,GIN,Native,Mammalia,Cercopithecidae,Piliocolobus badius,Western Red Colobus,Appendix II – Trade regulated
4238,Liberia,LR,LBR,Native,Mammalia,Cercopithecidae,Piliocolobus badius,Western Red Colobus,Appendix II – Trade regulated
4238,Sierra Leone,SL,SLE,Native,Mammalia,Cercopithecidae,Piliocolobus badius,Western Red Colobus,Appendix II – Trade regulated
101287,Congo,,,Native,Mammalia,Cercopithecidae,Piliocolobus bouvieri,Bou,Appendix II – Trade regulated
101288,Nigeria,NG,NGA,Native,Mammalia,Cercopithecidae,Piliocolobus epieni,Niger Delta Red Colobus,Appendix II – Trade regulated
9502,Central African Republic,CF,CAF,Native,Mammalia,Cercopithecidae,Piliocolobus foai,Central African Red Colobus,Appendix II – Trade regulated
9502,Congo,,,Native,Mammalia,Cercopithecidae,Piliocolobus foai,Central African Red Colobus,Appendix II – Trade regulated
9502,Democratic Republic of the Congo,CD,COD,Native,Mammalia,Cercopithecidae,Piliocolobus foai,Central African Red Colobus,Appendix II – Trade regulated
9502,South Sudan,SS,SSD,Native,Mammalia,Cercopithecidae,Piliocolobus foai,Central African Red Colobus,Appendix II – Trade regulated
9502,Sudan,SD,SDN,Native,Mammalia,Cercopithecidae,Piliocolobus foai,Central African Red Colobus,Appendix II – Trade regulated
9502,Uganda,UG,UGA,Native,Mammalia,Cercopithecidae,Piliocolobus foai,Central African Red Colobus,Appendix II – Trade regulated
5706,United Republic of Tanzania,TZ,TZA,Native,Mammalia,Cercopithecidae,Piliocolobus gordonorum,Udzungwa Red Colobus,Appendix II – Trade regulated
4754,United Republic of Tanzania,TZ,TZA,Native,Mammalia,Cercopithecidae,Piliocolobus kirkii,Zanzibar Red Colobus,Appendix I – Species threatened with extinction
4545,Equatorial Guinea,GQ,GNQ,Native,Mammalia,Cercopithecidae,Piliocolobus pennantii,Pennant's Red Colobus,Appendix II – Trade regulated
7649,Cameroon,CM,CMR,Native,Mammalia,Cercopithecidae,Piliocolobus preussi,Preuss's Red Colobus,Appendix II – Trade regulated
7649,Nigeria,NG,NGA,Native,Mammalia,Cercopithecidae,Piliocolobus preussi,Preuss's Red Colobus,Appendix II – Trade regulated
6368,Kenya,KE,KEN,Native,Mammalia,Cercopithecidae,Piliocolobus rufomitratus,Tana River Red Colobus,Appendix I – Species threatened with extinction
101285,Gambia,GM,GMB,Native,Mammalia,Cercopithecidae,Piliocolobus temminckii,Temminck's Red Colobus,Appendix II – Trade regulated
101285,Guinea,GN,GIN,Native,Mammalia,Cercopithecidae,Piliocolobus temminckii,Temminck's Red Colobus,Appendix II – Trade regulated
101285,Guinea Bissau,,,Native,Mammalia,Cercopithecidae,Piliocolobus temminckii,Temminck's Red Colobus,Appendix II – Trade regulated
101285,Senegal,SN,SEN,Native,Mammalia,Cercopithecidae,Piliocolobus temminckii,Temminck's Red Colobus,Appendix II – Trade regulated
10708,Uganda,UG,UGA,Native,Mammalia,Cercopithecidae,Piliocolobus tephrosceles,Ashy Red Colobus,Appendix II – Trade regulated
10708,United Republic of Tanzania,TZ,TZA,Native,Mammalia,Cercopithecidae,Piliocolobus tephrosceles,Ashy Red Colobus,Appendix II – Trade regulated
9508,Democratic Republic of the Congo,CD,COD,Native,Mammalia,Cercopithecidae,Piliocolobus tholloni,Thollon's Red Colobus,Appendix II – Trade regulated
101286,C√¥te d'Ivoire,,,Native,Mammalia,Cercopithecidae,Piliocolobus waldronae,Waldron's Red Colobus,Appendix II – Trade regulated
101286,Ghana,GH,GHA,Native,Mammalia,Cercopithecidae,Piliocolobus waldronae,Waldron's Red Colobus,Appendix II – Trade regulated
9688,Brunei Darussalam,,,Native,Mammalia,Cercopithecidae,Presbytis chrysomelas,Cross-marked Langur,Appendix II – Trade regulated
9688,Indonesia,ID,IDN,Native,Mammalia,Cercopithecidae,Presbytis chrysomelas,Cross-marked Langur,Appendix II – Trade regulated
9688,Malaysia,MY,MYS,Native,Mammalia,Cercopithecidae,Presbytis chrysomelas,Cross-marked Langur,Appendix II – Trade regulated
5268,Indonesia,ID,IDN,Native,Mammalia,Cercopithecidae,Presbytis comata,Javan Surili,Appendix II – Trade regulated
6534,Indonesia,ID,IDN,Native,Mammalia,Cercopithecidae,Presbytis femoralis,Banded Langur,Appendix II – Trade regulated
6534,Malaysia,MY,MYS,Native,Mammalia,Cercopithecidae,Presbytis femoralis,Banded Langur,Appendix II – Trade regulated
6534,Myanmar,MM,MMR,Native,Mammalia,Cercopithecidae,Presbytis femoralis,Banded Langur,Appendix II – Trade regulated
6534,Singapore,SG,SGP,Native,Mammalia,Cercopithecidae,Presbytis femoralis,Banded Langur,Appendix II – Trade regulated
6534,Thailand,TH,THA,Native,Mammalia,Cercopithecidae,Presbytis femoralis,Banded Langur,Appendix II – Trade regulated
8055,Brunei Darussalam,,,Native,Mammalia,Cercopithecidae,Presbytis frontata,White-fronted Langur,Appendix II – Trade regulated
8055,Indonesia,ID,IDN,Native,Mammalia,Cercopithecidae,Presbytis frontata,White-fronted Langur,Appendix II – Trade regulated
8055,Malaysia,MY,MYS,Native,Mammalia,Cercopithecidae,Presbytis frontata,White-fronted Langur,Appendix II – Trade regulated
10476,Brunei Darussalam,,,Native,Mammalia,Cercopithecidae,Presbytis hosei,Hose's Langur,Appendix II – Trade regulated
10476,Indonesia,ID,IDN,Native,Mammalia,Cercopithecidae,Presbytis hosei,Hose's Langur,Appendix II – Trade regulated
10476,Malaysia,MY,MYS,Native,Mammalia,Cercopithecidae,Presbytis hosei,Hose's Langur,Appendix II – Trade regulated
10011,Indonesia,ID,IDN,Native,Mammalia,Cercopithecidae,Presbytis melalophos,Southern Sumatran Langur,Appendix II – Trade regulated
4133,Indonesia,ID,IDN,Native,Mammalia,Cercopithecidae,Presbytis natunae,Natuna Islands Langur,Appendix II – Trade regulated
8236,Indonesia,ID,IDN,Native,Mammalia,Cercopithecidae,Presbytis potenziani,Mentawai Langur,Appendix I – Species threatened with extinction
8988,Brunei Darussalam,,,Native,Mammalia,Cercopithecidae,Presbytis rubicunda,Maroon Langur,Appendix II – Trade regulated
8988,Indonesia,ID,IDN,Native,Mammalia,Cercopithecidae,Presbytis rubicunda,Maroon Langur,Appendix II – Trade regulated
8988,Malaysia,MY,MYS,Native,Mammalia,Cercopithecidae,Presbytis rubicunda,Maroon Langur,Appendix II – Trade regulated
8161,Indonesia,ID,IDN,Native,Mammalia,Cercopithecidae,Presbytis siamensis,White-thighed Langur,Appendix II – Trade regulated
8161,Malaysia,MY,MYS,Native,Mammalia,Cercopithecidae,Presbytis siamensis,White-thighed Langur,Appendix II – Trade regulated
10809,Indonesia,ID,IDN,Native,Mammalia,Cercopithecidae,Presbytis thomasi,Thomas's Langur,Appendix II – Trade regulated
9671,C√¥te d'Ivoire,,,Native,Mammalia,Cercopithecidae,Procolobus verus,Olive Colobus,Appendix II – Trade regulated
9671,Ghana,GH,GHA,Native,Mammalia,Cercopithecidae,Procolobus verus,Olive Colobus,Appendix II – Trade regulated
9671,Guinea,GN,GIN,Native,Mammalia,Cercopithecidae,Procolobus verus,Olive Colobus,Appendix II – Trade regulated
9671,Liberia,LR,LBR,Native,Mammalia,Cercopithecidae,Procolobus verus,Olive Colobus,Appendix II – Trade regulated
9671,Nigeria,NG,NGA,Native,Mammalia,Cercopithecidae,Procolobus verus,Olive Colobus,Appendix II – Trade regulated
9671,Sierra Leone,SL,SLE,Native,Mammalia,Cercopithecidae,Procolobus verus,Olive Colobus,Appendix II – Trade regulated
9671,Togo,TG,TGO,Native,Mammalia,Cercopithecidae,Procolobus verus,Olive Colobus,Appendix II – Trade regulated
3404,Cambodia,KH,KHM,Native,Mammalia,Cercopithecidae,Pygathrix cinerea,Gray-shanked Douc,Appendix I – Species threatened with extinction
3404,Viet Nam,,,Native,Mammalia,Cercopithecidae,Pygathrix cinerea,Gray-shanked Douc,Appendix I – Species threatened with extinction
8352,Lao People's Democratic Republic,,,Native,Mammalia,Cercopithecidae,Pygathrix nemaeus,Red-shanked Douc,Appendix I – Species threatened with extinction
8352,Viet Nam,,,Native,Mammalia,Cercopithecidae,Pygathrix nemaeus,Red-shanked Douc,Appendix I – Species threatened with extinction
5093,Cambodia,KH,KHM,Native,Mammalia,Cercopithecidae,Pygathrix nigripes,Black-shanked Douc,Appendix I – Species threatened with extinction
5093,Viet Nam,,,Native,Mammalia,Cercopithecidae,Pygathrix nigripes,Black-shanked Douc,Appendix I – Species threatened with extinction
9301,Viet Nam,,,Native,Mammalia,Cercopithecidae,Rhinopithecus avunculus,Tonkin Snub-nosed Monkey,Appendix I – Species threatened with extinction
6214,China,CN,CHN,Native,Mammalia,Cercopithecidae,Rhinopithecus bieti,Black Snub-nosed Monkey,Appendix I – Species threatened with extinction
8127,China,CN,CHN,Native,Mammalia,Cercopithecidae,Rhinopithecus brelichi,Gray Snub-nosed Monkey,Appendix I – Species threatened with extinction
3851,China,CN,CHN,Native,Mammalia,Cercopithecidae,Rhinopithecus roxellana,Golden Snub-nosed Monkey,Appendix I – Species threatened with extinction
5919,Myanmar,MM,MMR,Native,Mammalia,Cercopithecidae,Rhinopithecus strykeri,Myanmar Snub-nosed Monkey,Appendix I – Species threatened with extinction
10307,United Republic of Tanzania,TZ,TZA,Native,Mammalia,Cercopithecidae,Rungwecebus kipunji,Kipunji,Appendix II – Trade regulated
4844,India,IN,IND,Native,Mammalia,Cercopithecidae,Semnopithecus ajax,Kashmir Gray Langur,Appendix I – Species threatened with extinction
4844,Nepal,NP,NPL,Native,Mammalia,Cercopithecidae,Semnopithecus ajax,Kashmir Gray Langur,Appendix I – Species threatened with extinction
4844,Pakistan,PK,PAK,Native,Mammalia,Cercopithecidae,Semnopithecus ajax,Kashmir Gray Langur,Appendix I – Species threatened with extinction
10264,India,IN,IND,Native,Mammalia,Cercopithecidae,Semnopithecus dussumieri,Southern Plains Gray Langur,Appendix I – Species threatened with extinction
11082,Bangladesh,BD,BGD,Native,Mammalia,Cercopithecidae,Semnopithecus entellus,Northern Plains Gray Langur,Appendix I – Species threatened with extinction
11082,India,IN,IND,Native,Mammalia,Cercopithecidae,Semnopithecus entellus,Northern Plains Gray Langur,Appendix I – Species threatened with extinction
11082,Nepal,NP,NPL,Native,Mammalia,Cercopithecidae,Semnopithecus entellus,Northern Plains Gray Langur,Appendix I – Species threatened with extinction
11082,Pakistan,PK,PAK,Native,Mammalia,Cercopithecidae,Semnopithecus entellus,Northern Plains Gray Langur,Appendix I – Species threatened with extinction
7895,India,IN,IND,Native,Mammalia,Cercopithecidae,Semnopithecus hector,Tarai Gray Langur,Appendix I – Species threatened with extinction
7895,Nepal,NP,NPL,Native,Mammalia,Cercopithecidae,Semnopithecus hector,Tarai Gray Langur,Appendix I – Species threatened with extinction
4349,India,IN,IND,Native,Mammalia,Cercopithecidae,Semnopithecus hypoleucos,Black-footed Gray Langur,Appendix I – Species threatened with extinction
9670,India,IN,IND,Native,Mammalia,Cercopithecidae,Semnopithecus priam,Tufted Gray Langur,Appendix I – Species threatened with extinction
9670,Sri Lanka,LK,LKA,Native,Mammalia,Cercopithecidae,Semnopithecus priam,Tufted Gray Langur,Appendix I – Species threatened with extinction
3541,Bhutan,BT,BTN,Native,Mammalia,Cercopithecidae,Semnopithecus schistaceus,Nepal Gray Langur,Appendix I – Species threatened with extinction
3541,China,CN,CHN,Native,Mammalia,Cercopithecidae,Semnopithecus schistaceus,Nepal Gray Langur,Appendix I – Species threatened with extinction
3541,India,IN,IND,Native,Mammalia,Cercopithecidae,Semnopithecus schistaceus,Nepal Gray Langur,Appendix I – Species threatened with extinction
3541,Nepal,NP,NPL,Native,Mammalia,Cercopithecidae,Semnopithecus schistaceus,Nepal Gray Langur,Appendix I – Species threatened with extinction
3541,Pakistan,PK,PAK,Native,Mammalia,Cercopithecidae,Semnopithecus schistaceus,Nepal Gray Langur,Appendix I – Species threatened with extinction
7516,Indonesia,ID,IDN,Native,Mammalia,Cercopithecidae,Simias concolor,Pig-tailed Langur,Appendix I – Species threatened with extinction
3493,Ethiopia,ET,ETH,Native,Mammalia,Cercopithecidae,Theropithecus gelada,Gelada,Appendix II – Trade regulated
9679,Indonesia,ID,IDN,Native,Mammalia,Cercopithecidae,Trachypithecus auratus,Javan Lutung,Appendix II – Trade regulated
10222,China,CN,CHN,Native,Mammalia,Cercopithecidae,Trachypithecus barbei,Barbei's Langur,Appendix II – Trade regulated
10222,Myanmar,MM,MMR,Native,Mammalia,Cercopithecidae,Trachypithecus barbei,Barbei's Langur,Appendix II – Trade regulated
10222,Thailand,TH,THA,Native,Mammalia,Cercopithecidae,Trachypithecus barbei,Barbei's Langur,Appendix II – Trade regulated
10425,Viet Nam,,,Native,Mammalia,Cercopithecidae,Trachypithecus delacouri,Delacour's Langur,Appendix II – Trade regulated
8958,China,CN,CHN,Native,Mammalia,Cercopithecidae,Trachypithecus francoisi,Francois's Langur,Appendix II – Trade regulated
8958,Lao People's Democratic Republic,,,Native,Mammalia,Cercopithecidae,Trachypithecus francoisi,Francois's Langur,Appendix II – Trade regulated
8958,Viet Nam,,,Native,Mammalia,Cercopithecidae,Trachypithecus francoisi,Francois's Langur,Appendix II – Trade regulated
9479,Bhutan,BT,BTN,Native,Mammalia,Cercopithecidae,Trachypithecus geei,Gee's Golden Langur,Appendix I – Species threatened with extinction
9479,India,IN,IND,Native,Mammalia,Cercopithecidae,Trachypithecus geei,Gee's Golden Langur,Appendix I – Species threatened with extinction
11238,Cambodia,KH,KHM,Native,Mammalia,Cercopithecidae,Trachypithecus germaini,Germain's Langur,Appendix II – Trade regulated
11238,Lao People's Democratic Republic,,,Native,Mammalia,Cercopithecidae,Trachypithecus germaini,Germain's Langur,Appendix II – Trade regulated
11238,Myanmar,MM,MMR,Native,Mammalia,Cercopithecidae,Trachypithecus germaini,Germain's Langur,Appendix II – Trade regulated
11238,Thailand,TH,THA,Native,Mammalia,Cercopithecidae,Trachypithecus germaini,Germain's Langur,Appendix II – Trade regulated
11238,Viet Nam,,,Native,Mammalia,Cercopithecidae,Trachypithecus germaini,Germain's Langur,Appendix II – Trade regulated
10790,Viet Nam,,,Native,Mammalia,Cercopithecidae,Trachypithecus hatinhensis,Hatinh Langur,Appendix II – Trade regulated
8100,India,IN,IND,Native,Mammalia,Cercopithecidae,Trachypithecus johnii,Nilgiri Langur,Appendix II – Trade regulated
5066,Lao People's Democratic Republic,,,Native,Mammalia,Cercopithecidae,Trachypithecus laotum,Laotian Langur,Appendix II – Trade regulated
10564,Bangladesh,BD,BGD,Native,Mammalia,Cercopithecidae,Trachypithecus obscurus,Dusky Langur,Appendix II – Trade regulated
10564,Lao People's Democratic Republic,,,Native,Mammalia,Cercopithecidae,Trachypithecus obscurus,Dusky Langur,Appendix II – Trade regulated
10564,Malaysia,MY,MYS,Native,Mammalia,Cercopithecidae,Trachypithecus obscurus,Dusky Langur,Appendix II – Trade regulated
10564,Myanmar,MM,MMR,Native,Mammalia,Cercopithecidae,Trachypithecus obscurus,Dusky Langur,Appendix II – Trade regulated
10564,Thailand,TH,THA,Native,Mammalia,Cercopithecidae,Trachypithecus obscurus,Dusky Langur,Appendix II – Trade regulated
5892,Bangladesh,BD,BGD,Native,Mammalia,Cercopithecidae,Trachypithecus phayrei,Phayre's Langur,Appendix II – Trade regulated
5892,China,CN,CHN,Native,Mammalia,Cercopithecidae,Trachypithecus phayrei,Phayre's Langur,Appendix II – Trade regulated
5892,India,IN,IND,Native,Mammalia,Cercopithecidae,Trachypithecus phayrei,Phayre's Langur,Appendix II – Trade regulated
5892,Lao People's Democratic Republic,,,Native,Mammalia,Cercopithecidae,Trachypithecus phayrei,Phayre's Langur,Appendix II – Trade regulated
5892,Myanmar,MM,MMR,Native,Mammalia,Cercopithecidae,Trachypithecus phayrei,Phayre's Langur,Appendix II – Trade regulated
5892,Thailand,TH,THA,Native,Mammalia,Cercopithecidae,Trachypithecus phayrei,Phayre's Langur,Appendix II – Trade regulated
5892,Viet Nam,,,Native,Mammalia,Cercopithecidae,Trachypithecus phayrei,Phayre's Langur,Appendix II – Trade regulated
6140,Bangladesh,BD,BGD,Native,Mammalia,Cercopithecidae,Trachypithecus pileatus,Capped Langur,Appendix I – Species threatened with extinction
6140,Bhutan,BT,BTN,Native,Mammalia,Cercopithecidae,Trachypithecus pileatus,Capped Langur,Appendix I – Species threatened with extinction
6140,India,IN,IND,Native,Mammalia,Cercopithecidae,Trachypithecus pileatus,Capped Langur,Appendix I – Species threatened with extinction
6140,Myanmar,MM,MMR,Native,Mammalia,Cercopithecidae,Trachypithecus pileatus,Capped Langur,Appendix I – Species threatened with extinction
6258,China,CN,CHN,Native,Mammalia,Cercopithecidae,Trachypithecus poliocephalus,Cat Ba Langur,Appendix II – Trade regulated
6258,Viet Nam,,,Native,Mammalia,Cercopithecidae,Trachypithecus poliocephalus,Cat Ba Langur,Appendix II – Trade regulated
10221,China,CN,CHN,Native,Mammalia,Cercopithecidae,Trachypithecus shortridgei,Shortridge's Langur,Appendix I – Species threatened with extinction
10221,Myanmar,MM,MMR,Native,Mammalia,Cercopithecidae,Trachypithecus shortridgei,Shortridge's Langur,Appendix I – Species threatened with extinction
8983,Sri Lanka,LK,LKA,Native,Mammalia,Cercopithecidae,Trachypithecus vetulus,Purple-faced Langur,Appendix II – Trade regulated
6437,Brunei Darussalam,,,Native,Mammalia,Cercopithecidae,Trachypithecus villosus,Silvery Langur,Appendix II – Trade regulated
6437,Indonesia,ID,IDN,Native,Mammalia,Cercopithecidae,Trachypithecus villosus,Silvery Langur,Appendix II – Trade regulated
6437,Lao People's Democratic Republic,,,Native,Mammalia,Cercopithecidae,Trachypithecus villosus,Silvery Langur,Appendix II – Trade regulated
6437,Malaysia,MY,MYS,Native,Mammalia,Cercopithecidae,Trachypithecus villosus,Silvery Langur,Appendix II – Trade regulated
6437,Thailand,TH,THA,Native,Mammalia,Cercopithecidae,Trachypithecus villosus,Silvery Langur,Appendix II – Trade regulated
6437,Viet Nam,,,Native,Mammalia,Cercopithecidae,Trachypithecus villosus,Silvery Langur,Appendix II – Trade regulated
3511,Madagascar,MG,MDG,Native,Mammalia,Cheirogaleidae,Allocebus trichotis,Hairy-eared Dwarf Lemur,Appendix I – Species threatened with extinction
10628,Madagascar,MG,MDG,Native,Mammalia,Cheirogaleidae,Cheirogaleus adipicaudatus,Southwestern Fat-tailed Dwarf Lemur,Appendix I – Species threatened with extinction
101074,Madagascar,MG,MDG,Native,Mammalia,Cheirogaleidae,Cheirogaleus andysabini,Sabini's Dwarf Lemur,Appendix I – Species threatened with extinction
4881,Madagascar,MG,MDG,Native,Mammalia,Cheirogaleidae,Cheirogaleus crossleyi,Crossley's Dwarf Lemur,Appendix I – Species threatened with extinction
67925,Madagascar,MG,MDG,Native,Mammalia,Cheirogaleidae,Cheirogaleus lavasoensis,Lavasa Dwarf Lemur,Appendix I – Species threatened with extinction
8205,Madagascar,MG,MDG,Native,Mammalia,Cheirogaleidae,Cheirogaleus major,Greater Dwarf Lemur,Appendix I – Species threatened with extinction
4609,Madagascar,MG,MDG,Native,Mammalia,Cheirogaleidae,Cheirogaleus medius,Fat-tailed Dwarf Lemur,Appendix I – Species threatened with extinction
8720,Madagascar,MG,MDG,Native,Mammalia,Cheirogaleidae,Cheirogaleus minusculus,Lesser Iron-gray Dwarf Lemur,Appendix I – Species threatened with extinction
8628,Madagascar,MG,MDG,Native,Mammalia,Cheirogaleidae,Cheirogaleus ravus,Greater Iron-gray Dwarf Lemur,Appendix I – Species threatened with extinction
101075,Madagascar,MG,MDG,Native,Mammalia,Cheirogaleidae,Cheirogaleus shethi,Sheth's Dwarf Lemur,Appendix I – Species threatened with extinction
8437,Madagascar,MG,MDG,Native,Mammalia,Cheirogaleidae,Cheirogaleus sibreei,Sibree's Dwarf Lemur,Appendix I – Species threatened with extinction
9426,Madagascar,MG,MDG,Native,Mammalia,Cheirogaleidae,Microcebus berthae,Madame Berthe's Mouse Lemur,Appendix I – Species threatened with extinction
101076,Madagascar,MG,MDG,Native,Mammalia,Cheirogaleidae,Microcebus ganzhorni,Ganzhorn's Mouse Lemur,Appendix I – Species threatened with extinction
67926,Madagascar,MG,MDG,Native,Mammalia,Cheirogaleidae,Microcebus gerpi,Gerp's Mouse Lemur,Appendix I – Species threatened with extinction
6216,Madagascar,MG,MDG,Native,Mammalia,Cheirogaleidae,Microcebus griseorufus,Reddish-gray Mouse Lemur,Appendix I – Species threatened with extinction
101077,Madagascar,MG,MDG,Native,Mammalia,Cheirogaleidae,Microcebus manitatra,Manitatra's Mouse Lemur,Appendix I – Species threatened with extinction
67927,Madagascar,MG,MDG,Native,Mammalia,Cheirogaleidae,Microcebus marohita,Marohita Mouse Lemur,Appendix I – Species threatened with extinction
10099,Madagascar,MG,MDG,Native,Mammalia,Cheirogaleidae,Microcebus murinus,Gray Mouse Lemur,Appendix I – Species threatened with extinction
4355,Madagascar,MG,MDG,Native,Mammalia,Cheirogaleidae,Microcebus myoxinus,Pygmy Mouse Lemur,Appendix I – Species threatened with extinction
7273,Madagascar,MG,MDG,Native,Mammalia,Cheirogaleidae,Microcebus ravelobensis,Golden-brown Mouse Lemur,Appendix I – Species threatened with extinction
8573,Madagascar,MG,MDG,Native,Mammalia,Cheirogaleidae,Microcebus rufus,Brown Mouse Lemur,Appendix I – Species threatened with extinction
8624,Madagascar,MG,MDG,Native,Mammalia,Cheirogaleidae,Microcebus sambiranensis,Sambirano Mouse Lemur,Appendix I – Species threatened with extinction
67928,Madagascar,MG,MDG,Native,Mammalia,Cheirogaleidae,Microcebus tanosi,Tanosy Mouse Lemur,Appendix I – Species threatened with extinction
5248,Madagascar,MG,MDG,Native,Mammalia,Cheirogaleidae,Microcebus tavaratra,Northern Rufous Mouse Lemur,Appendix I – Species threatened with extinction
9326,Madagascar,MG,MDG,Native,Mammalia,Cheirogaleidae,Mirza coquereli,Coquerel's Giant Mouse Lemur,Appendix I – Species threatened with extinction
6133,Madagascar,MG,MDG,Native,Mammalia,Cheirogaleidae,Phaner electromontis,Amber Mountain Fork-marked Lemur,Appendix I – Species threatened with extinction
6771,Madagascar,MG,MDG,Native,Mammalia,Cheirogaleidae,Phaner furcifer,Masokafa Fork-marked Lemur,Appendix I – Species threatened with extinction
5739,Madagascar,MG,MDG,Native,Mammalia,Cheirogaleidae,Phaner pallescens,Pale Fork-marked Lemur,Appendix I – Species threatened with extinction
9478,Madagascar,MG,MDG,Native,Mammalia,Cheirogaleidae,Phaner parienti,Pariente's Fork-marked Lemur,Appendix I – Species threatened with extinction
10504,Madagascar,MG,MDG,Native,Mammalia,Daubentoniidae,Daubentonia madagascariensis,Aye-aye,Appendix I – Species threatened with extinction
6863,Cameroon,CM,CMR,Native,Mammalia,Galagidae,Euoticus elegantulus,Western Needle-clawed Galago,Appendix II – Trade regulated
6863,Central African Republic,CF,CAF,Native,Mammalia,Galagidae,Euoticus elegantulus,Western Needle-clawed Galago,Appendix II – Trade regulated
6863,Congo,,,Native,Mammalia,Galagidae,Euoticus elegantulus,Western Needle-clawed Galago,Appendix II – Trade regulated
6863,Democratic Republic of the Congo,CD,COD,Native,Mammalia,Galagidae,Euoticus elegantulus,Western Needle-clawed Galago,Appendix II – Trade regulated
6863,Equatorial Guinea,GQ,GNQ,Native,Mammalia,Galagidae,Euoticus elegantulus,Western Needle-clawed Galago,Appendix II – Trade regulated
6863,Gabon,GA,GAB,Native,Mammalia,Galagidae,Euoticus elegantulus,Western Needle-clawed Galago,Appendix II – Trade regulated
5538,Cameroon,CM,CMR,Native,Mammalia,Galagidae,Euoticus pallidus,Central African Needle-clawed Galago,Appendix II – Trade regulated
5538,Equatorial Guinea,GQ,GNQ,Native,Mammalia,Galagidae,Euoticus pallidus,Central African Needle-clawed Galago,Appendix II – Trade regulated
5538,Nigeria,NG,NGA,Native,Mammalia,Galagidae,Euoticus pallidus,Central African Needle-clawed Galago,Appendix II – Trade regulated
6886,Angola,AO,AGO,Native,Mammalia,Galagidae,Galago alleni,Allen's Bushbaby,Appendix II – Trade regulated
6886,Cameroon,CM,CMR,Native,Mammalia,Galagidae,Galago alleni,Allen's Bushbaby,Appendix II – Trade regulated
6886,Central African Republic,CF,CAF,Native,Mammalia,Galagidae,Galago alleni,Allen's Bushbaby,Appendix II – Trade regulated
6886,Congo,,,Native,Mammalia,Galagidae,Galago alleni,Allen's Bushbaby,Appendix II – Trade regulated
6886,Equatorial Guinea,GQ,GNQ,Native,Mammalia,Galagidae,Galago alleni,Allen's Bushbaby,Appendix II – Trade regulated
6886,Gabon,GA,GAB,Native,Mammalia,Galagidae,Galago alleni,Allen's Bushbaby,Appendix II – Trade regulated
6886,Nigeria,NG,NGA,Native,Mammalia,Galagidae,Galago alleni,Allen's Bushbaby,Appendix II – Trade regulated
5192,Cameroon,CM,CMR,Native,Mammalia,Galagidae,Galago cameronensis,Cameroon Bushbaby,Appendix II – Trade regulated
5192,Nigeria,NG,NGA,Native,Mammalia,Galagidae,Galago cameronensis,Cameroon Bushbaby,Appendix II – Trade regulated
4193,Angola,AO,AGO,Native,Mammalia,Galagidae,Galago demidoff,Demidoff's Dwarf Galago,Appendix II – Trade regulated
4193,Benin,BJ,BEN,Native,Mammalia,Galagidae,Galago demidoff,Demidoff's Dwarf Galago,Appendix II – Trade regulated
4193,Burkina Faso,BF,BFA,Native,Mammalia,Galagidae,Galago demidoff,Demidoff's Dwarf Galago,Appendix II – Trade regulated
4193,Burundi,BI,BDI,Native,Mammalia,Galagidae,Galago demidoff,Demidoff's Dwarf Galago,Appendix II – Trade regulated
4193,Cameroon,CM,CMR,Native,Mammalia,Galagidae,Galago demidoff,Demidoff's Dwarf Galago,Appendix II – Trade regulated
4193,Central African Republic,CF,CAF,Native,Mammalia,Galagidae,Galago demidoff,Demidoff's Dwarf Galago,Appendix II – Trade regulated
4193,Congo,,,Native,Mammalia,Galagidae,Galago demidoff,Demidoff's Dwarf Galago,Appendix II – Trade regulated
4193,C√¥te d'Ivoire,,,Native,Mammalia,Galagidae,Galago demidoff,Demidoff's Dwarf Galago,Appendix II – Trade regulated
4193,Democratic Republic of the Congo,CD,COD,Native,Mammalia,Galagidae,Galago demidoff,Demidoff's Dwarf Galago,Appendix II – Trade regulated
4193,Equatorial Guinea,GQ,GNQ,Native,Mammalia,Galagidae,Galago demidoff,Demidoff's Dwarf Galago,Appendix II – Trade regulated
4193,Gabon,GA,GAB,Native,Mammalia,Galagidae,Galago demidoff,Demidoff's Dwarf Galago,Appendix II – Trade regulated
4193,Ghana,GH,GHA,Native,Mammalia,Galagidae,Galago demidoff,Demidoff's Dwarf Galago,Appendix II – Trade regulated
4193,Guinea,GN,GIN,Native,Mammalia,Galagidae,Galago demidoff,Demidoff's Dwarf Galago,Appendix II – Trade regulated
4193,Kenya,KE,KEN,Native,Mammalia,Galagidae,Galago demidoff,Demidoff's Dwarf Galago,Appendix II – Trade regulated
4193,Liberia,LR,LBR,Native,Mammalia,Galagidae,Galago demidoff,Demidoff's Dwarf Galago,Appendix II – Trade regulated
4193,Mali,ML,MLI,Native,Mammalia,Galagidae,Galago demidoff,Demidoff's Dwarf Galago,Appendix II – Trade regulated
4193,Nigeria,NG,NGA,Native,Mammalia,Galagidae,Galago demidoff,Demidoff's Dwarf Galago,Appendix II – Trade regulated
4193,Rwanda,RW,RWA,Native,Mammalia,Galagidae,Galago demidoff,Demidoff's Dwarf Galago,Appendix II – Trade regulated
4193,Senegal,SN,SEN,Native,Mammalia,Galagidae,Galago demidoff,Demidoff's Dwarf Galago,Appendix II – Trade regulated
4193,Sierra Leone,SL,SLE,Native,Mammalia,Galagidae,Galago demidoff,Demidoff's Dwarf Galago,Appendix II – Trade regulated
4193,Togo,TG,TGO,Native,Mammalia,Galagidae,Galago demidoff,Demidoff's Dwarf Galago,Appendix II – Trade regulated
4193,Uganda,UG,UGA,Native,Mammalia,Galagidae,Galago demidoff,Demidoff's Dwarf Galago,Appendix II – Trade regulated
4193,United Republic of Tanzania,TZ,TZA,Native,Mammalia,Galagidae,Galago demidoff,Demidoff's Dwarf Galago,Appendix II – Trade regulated
5397,Cameroon,CM,CMR,Native,Mammalia,Galagidae,Galago gabonensis,Gabon Bushbaby,Appendix II – Trade regulated
5397,Central African Republic,CF,CAF,Native,Mammalia,Galagidae,Galago gabonensis,Gabon Bushbaby,Appendix II – Trade regulated
5397,Congo,,,Native,Mammalia,Galagidae,Galago gabonensis,Gabon Bushbaby,Appendix II – Trade regulated
5397,Equatorial Guinea,GQ,GNQ,Native,Mammalia,Galagidae,Galago gabonensis,Gabon Bushbaby,Appendix II – Trade regulated
5397,Gabon,GA,GAB,Native,Mammalia,Galagidae,Galago gabonensis,Gabon Bushbaby,Appendix II – Trade regulated
7603,Ethiopia,ET,ETH,Native,Mammalia,Galagidae,Galago gallarum,Somali Bushbaby,Appendix II – Trade regulated
7603,Kenya,KE,KEN,Native,Mammalia,Galagidae,Galago gallarum,Somali Bushbaby,Appendix II – Trade regulated
7603,Somalia,SO,SOM,Native,Mammalia,Galagidae,Galago gallarum,Somali Bushbaby,Appendix II – Trade regulated
6300,Burundi,BI,BDI,Native,Mammalia,Galagidae,Galago matschiei,Matschie's Bushbaby,Appendix II – Trade regulated
6300,Democratic Republic of the Congo,CD,COD,Native,Mammalia,Galagidae,Galago matschiei,Matschie's Bushbaby,Appendix II – Trade regulated
6300,Rwanda,RW,RWA,Native,Mammalia,Galagidae,Galago matschiei,Matschie's Bushbaby,Appendix II – Trade regulated
6300,Uganda,UG,UGA,Native,Mammalia,Galagidae,Galago matschiei,Matschie's Bushbaby,Appendix II – Trade regulated
6175,Angola,AO,AGO,Native,Mammalia,Galagidae,Galago moholi,South African Galago,Appendix II – Trade regulated
6175,Botswana,BW,BWA,Native,Mammalia,Galagidae,Galago moholi,South African Galago,Appendix II – Trade regulated
6175,Democratic Republic of the Congo,CD,COD,Native,Mammalia,Galagidae,Galago moholi,South African Galago,Appendix II – Trade regulated
6175,Eswatini,,,Native,Mammalia,Galagidae,Galago moholi,South African Galago,Appendix II – Trade regulated
6175,Malawi,MW,MWI,Native,Mammalia,Galagidae,Galago moholi,South African Galago,Appendix II – Trade regulated
6175,Mozambique,MZ,MOZ,Native,Mammalia,Galagidae,Galago moholi,South African Galago,Appendix II – Trade regulated
6175,Namibia,NA,NAM,Native,Mammalia,Galagidae,Galago moholi,South African Galago,Appendix II – Trade regulated
6175,South Africa,ZA,ZAF,Native,Mammalia,Galagidae,Galago moholi,South African Galago,Appendix II – Trade regulated
6175,United Republic of Tanzania,TZ,TZA,Native,Mammalia,Galagidae,Galago moholi,South African Galago,Appendix II – Trade regulated
6175,Zambia,ZM,ZMB,Native,Mammalia,Galagidae,Galago moholi,South African Galago,Appendix II – Trade regulated
6175,Zimbabwe,ZW,ZWE,Native,Mammalia,Galagidae,Galago moholi,South African Galago,Appendix II – Trade regulated
6538,Malawi,MW,MWI,Native,Mammalia,Galagidae,Galago nyasae,Nyasa Bushbaby,Appendix II – Trade regulated
6538,Mozambique,MZ,MOZ,Native,Mammalia,Galagidae,Galago nyasae,Nyasa Bushbaby,Appendix II – Trade regulated
5000,Benin,BJ,BEN,Native,Mammalia,Galagidae,Galago senegalensis,Senegal Bushbaby,Appendix II – Trade regulated
5000,Burkina Faso,BF,BFA,Native,Mammalia,Galagidae,Galago senegalensis,Senegal Bushbaby,Appendix II – Trade regulated
5000,Burundi,BI,BDI,Native,Mammalia,Galagidae,Galago senegalensis,Senegal Bushbaby,Appendix II – Trade regulated
5000,Cameroon,CM,CMR,Native,Mammalia,Galagidae,Galago senegalensis,Senegal Bushbaby,Appendix II – Trade regulated
5000,Central African Republic,CF,CAF,Native,Mammalia,Galagidae,Galago senegalensis,Senegal Bushbaby,Appendix II – Trade regulated
5000,Chad,TD,TCD,Native,Mammalia,Galagidae,Galago senegalensis,Senegal Bushbaby,Appendix II – Trade regulated
5000,C√¥te d'Ivoire,,,Native,Mammalia,Galagidae,Galago senegalensis,Senegal Bushbaby,Appendix II – Trade regulated
5000,Democratic Republic of the Congo,CD,COD,Native,Mammalia,Galagidae,Galago senegalensis,Senegal Bushbaby,Appendix II – Trade regulated
5000,Eritrea,ER,ERI,Native,Mammalia,Galagidae,Galago senegalensis,Senegal Bushbaby,Appendix II – Trade regulated
5000,Ethiopia,ET,ETH,Native,Mammalia,Galagidae,Galago senegalensis,Senegal Bushbaby,Appendix II – Trade regulated
5000,Gambia,GM,GMB,Native,Mammalia,Galagidae,Galago senegalensis,Senegal Bushbaby,Appendix II – Trade regulated
5000,Ghana,GH,GHA,Native,Mammalia,Galagidae,Galago senegalensis,Senegal Bushbaby,Appendix II – Trade regulated
5000,Guinea,GN,GIN,Native,Mammalia,Galagidae,Galago senegalensis,Senegal Bushbaby,Appendix II – Trade regulated
5000,Guinea Bissau,,,Native,Mammalia,Galagidae,Galago senegalensis,Senegal Bushbaby,Appendix II – Trade regulated
5000,Kenya,KE,KEN,Native,Mammalia,Galagidae,Galago senegalensis,Senegal Bushbaby,Appendix II – Trade regulated
5000,Liberia,LR,LBR,Native,Mammalia,Galagidae,Galago senegalensis,Senegal Bushbaby,Appendix II – Trade regulated
5000,Mali,ML,MLI,Native,Mammalia,Galagidae,Galago senegalensis,Senegal Bushbaby,Appendix II – Trade regulated
5000,Niger,NE,NER,Native,Mammalia,Galagidae,Galago senegalensis,Senegal Bushbaby,Appendix II – Trade regulated
5000,Nigeria,NG,NGA,Native,Mammalia,Galagidae,Galago senegalensis,Senegal Bushbaby,Appendix II – Trade regulated
5000,Rwanda,RW,RWA,Native,Mammalia,Galagidae,Galago senegalensis,Senegal Bushbaby,Appendix II – Trade regulated
5000,Senegal,SN,SEN,Native,Mammalia,Galagidae,Galago senegalensis,Senegal Bushbaby,Appendix II – Trade regulated
5000,Sierra Leone,SL,SLE,Native,Mammalia,Galagidae,Galago senegalensis,Senegal Bushbaby,Appendix II – Trade regulated
5000,South Sudan,SS,SSD,Native,Mammalia,Galagidae,Galago senegalensis,Senegal Bushbaby,Appendix II – Trade regulated
5000,Sudan,SD,SDN,Native,Mammalia,Galagidae,Galago senegalensis,Senegal Bushbaby,Appendix II – Trade regulated
5000,Togo,TG,TGO,Native,Mammalia,Galagidae,Galago senegalensis,Senegal Bushbaby,Appendix II – Trade regulated
5000,Uganda,UG,UGA,Native,Mammalia,Galagidae,Galago senegalensis,Senegal Bushbaby,Appendix II – Trade regulated
5000,United Republic of Tanzania,TZ,TZA,Native,Mammalia,Galagidae,Galago senegalensis,Senegal Bushbaby,Appendix II – Trade regulated
5635,Angola,AO,AGO,Native,Mammalia,Galagidae,Galago thomasi,Thomas's Bushbaby,Appendix II – Trade regulated
5635,Burundi,BI,BDI,Native,Mammalia,Galagidae,Galago thomasi,Thomas's Bushbaby,Appendix II – Trade regulated
5635,Cameroon,CM,CMR,Native,Mammalia,Galagidae,Galago thomasi,Thomas's Bushbaby,Appendix II – Trade regulated
5635,Central African Republic,CF,CAF,Native,Mammalia,Galagidae,Galago thomasi,Thomas's Bushbaby,Appendix II – Trade regulated
5635,Congo,,,Native,Mammalia,Galagidae,Galago thomasi,Thomas's Bushbaby,Appendix II – Trade regulated
5635,C√¥te d'Ivoire,,,Native,Mammalia,Galagidae,Galago thomasi,Thomas's Bushbaby,Appendix II – Trade regulated
5635,Democratic Republic of the Congo,CD,COD,Native,Mammalia,Galagidae,Galago thomasi,Thomas's Bushbaby,Appendix II – Trade regulated
5635,Equatorial Guinea,GQ,GNQ,Native,Mammalia,Galagidae,Galago thomasi,Thomas's Bushbaby,Appendix II – Trade regulated
5635,Gabon,GA,GAB,Native,Mammalia,Galagidae,Galago thomasi,Thomas's Bushbaby,Appendix II – Trade regulated
5635,Ghana,GH,GHA,Native,Mammalia,Galagidae,Galago thomasi,Thomas's Bushbaby,Appendix II – Trade regulated
5635,Guinea Bissau,,,Native,Mammalia,Galagidae,Galago thomasi,Thomas's Bushbaby,Appendix II – Trade regulated
5635,Kenya,KE,KEN,Native,Mammalia,Galagidae,Galago thomasi,Thomas's Bushbaby,Appendix II – Trade regulated
5635,Liberia,LR,LBR,Native,Mammalia,Galagidae,Galago thomasi,Thomas's Bushbaby,Appendix II – Trade regulated
5635,Malawi,MW,MWI,Native,Mammalia,Galagidae,Galago thomasi,Thomas's Bushbaby,Appendix II – Trade regulated
5635,Nigeria,NG,NGA,Native,Mammalia,Galagidae,Galago thomasi,Thomas's Bushbaby,Appendix II – Trade regulated
5635,Rwanda,RW,RWA,Native,Mammalia,Galagidae,Galago thomasi,Thomas's Bushbaby,Appendix II – Trade regulated
5635,Senegal,SN,SEN,Native,Mammalia,Galagidae,Galago thomasi,Thomas's Bushbaby,Appendix II – Trade regulated
5635,Sierra Leone,SL,SLE,Native,Mammalia,Galagidae,Galago thomasi,Thomas's Bushbaby,Appendix II – Trade regulated
5635,Uganda,UG,UGA,Native,Mammalia,Galagidae,Galago thomasi,Thomas's Bushbaby,Appendix II – Trade regulated
5635,United Republic of Tanzania,TZ,TZA,Native,Mammalia,Galagidae,Galago thomasi,Thomas's Bushbaby,Appendix II – Trade regulated
5635,Zambia,ZM,ZMB,Native,Mammalia,Galagidae,Galago thomasi,Thomas's Bushbaby,Appendix II – Trade regulated
101356,Angola,AO,AGO,Native,Mammalia,Galagidae,Galagoides kumbirensis,Kumbira Bushbaby,Appendix II – Trade regulated
9472,Angola,AO,AGO,Native,Mammalia,Galagidae,Otolemur crassicaudatus,Greater Galago,Appendix II – Trade regulated
9472,Botswana,BW,BWA,Native,Mammalia,Galagidae,Otolemur crassicaudatus,Greater Galago,Appendix II – Trade regulated
9472,Burundi,BI,BDI,Native,Mammalia,Galagidae,Otolemur crassicaudatus,Greater Galago,Appendix II – Trade regulated
9472,Democratic Republic of the Congo,CD,COD,Native,Mammalia,Galagidae,Otolemur crassicaudatus,Greater Galago,Appendix II – Trade regulated
9472,Eswatini,,,Native,Mammalia,Galagidae,Otolemur crassicaudatus,Greater Galago,Appendix II – Trade regulated
9472,Kenya,KE,KEN,Native,Mammalia,Galagidae,Otolemur crassicaudatus,Greater Galago,Appendix II – Trade regulated
9472,Malawi,MW,MWI,Native,Mammalia,Galagidae,Otolemur crassicaudatus,Greater Galago,Appendix II – Trade regulated
9472,Mozambique,MZ,MOZ,Native,Mammalia,Galagidae,Otolemur crassicaudatus,Greater Galago,Appendix II – Trade regulated
9472,Rwanda,RW,RWA,Native,Mammalia,Galagidae,Otolemur crassicaudatus,Greater Galago,Appendix II – Trade regulated
9472,South Africa,ZA,ZAF,Native,Mammalia,Galagidae,Otolemur crassicaudatus,Greater Galago,Appendix II – Trade regulated
9472,United Republic of Tanzania,TZ,TZA,Native,Mammalia,Galagidae,Otolemur crassicaudatus,Greater Galago,Appendix II – Trade regulated
9472,Zambia,ZM,ZMB,Native,Mammalia,Galagidae,Otolemur crassicaudatus,Greater Galago,Appendix II – Trade regulated
9472,Zimbabwe,ZW,ZWE,Native,Mammalia,Galagidae,Otolemur crassicaudatus,Greater Galago,Appendix II – Trade regulated
9701,Kenya,KE,KEN,Native,Mammalia,Galagidae,Otolemur garnettii,Northern Greater Galago,Appendix II – Trade regulated
9701,Somalia,SO,SOM,Native,Mammalia,Galagidae,Otolemur garnettii,Northern Greater Galago,Appendix II – Trade regulated
9701,United Republic of Tanzania,TZ,TZA,Native,Mammalia,Galagidae,Otolemur garnettii,Northern Greater Galago,Appendix II – Trade regulated
9756,Angola,AO,AGO,Native,Mammalia,Galagidae,Otolemur monteiri,Mount Kenya Bushbaby,Appendix II – Trade regulated
9756,Botswana,BW,BWA,Native,Mammalia,Galagidae,Otolemur monteiri,Mount Kenya Bushbaby,Appendix II – Trade regulated
9756,Burundi,BI,BDI,Native,Mammalia,Galagidae,Otolemur monteiri,Mount Kenya Bushbaby,Appendix II – Trade regulated
9756,Democratic Republic of the Congo,CD,COD,Native,Mammalia,Galagidae,Otolemur monteiri,Mount Kenya Bushbaby,Appendix II – Trade regulated
9756,Kenya,KE,KEN,Native,Mammalia,Galagidae,Otolemur monteiri,Mount Kenya Bushbaby,Appendix II – Trade regulated
9756,Malawi,MW,MWI,Native,Mammalia,Galagidae,Otolemur monteiri,Mount Kenya Bushbaby,Appendix II – Trade regulated
9756,Mozambique,MZ,MOZ,Native,Mammalia,Galagidae,Otolemur monteiri,Mount Kenya Bushbaby,Appendix II – Trade regulated
9756,Rwanda,RW,RWA,Native,Mammalia,Galagidae,Otolemur monteiri,Mount Kenya Bushbaby,Appendix II – Trade regulated
9756,Uganda,UG,UGA,Native,Mammalia,Galagidae,Otolemur monteiri,Mount Kenya Bushbaby,Appendix II – Trade regulated
9756,United Republic of Tanzania,TZ,TZA,Native,Mammalia,Galagidae,Otolemur monteiri,Mount Kenya Bushbaby,Appendix II – Trade regulated
9756,Zambia,ZM,ZMB,Native,Mammalia,Galagidae,Otolemur monteiri,Mount Kenya Bushbaby,Appendix II – Trade regulated
9756,Zimbabwe,ZW,ZWE,Native,Mammalia,Galagidae,Otolemur monteiri,Mount Kenya Bushbaby,Appendix II – Trade regulated
101351,Kenya,KE,KEN,Native,Mammalia,Galagidae,Paragalago cocos,Cocos Island Galago,Appendix II – Trade regulated
101351,United Republic of Tanzania,TZ,TZA,Native,Mammalia,Galagidae,Paragalago cocos,Cocos Island Galago,Appendix II – Trade regulated
101353,Malawi,MW,MWI,Native,Mammalia,Galagidae,Paragalago granti,Grant's Bushbaby,Appendix II – Trade regulated
101353,Mozambique,MZ,MOZ,Native,Mammalia,Galagidae,Paragalago granti,Grant's Bushbaby,Appendix II – Trade regulated
101353,United Republic of Tanzania,TZ,TZA,Native,Mammalia,Galagidae,Paragalago granti,Grant's Bushbaby,Appendix II – Trade regulated
101353,Zimbabwe,ZW,ZWE,Native,Mammalia,Galagidae,Paragalago granti,Grant's Bushbaby,Appendix II – Trade regulated
101354,Kenya,KE,KEN,Native,Mammalia,Galagidae,Paragalago orinus,Mountain Dwarf Galago,Appendix II – Trade regulated
101354,United Republic of Tanzania,TZ,TZA,Native,Mammalia,Galagidae,Paragalago orinus,Mountain Dwarf Galago,Appendix II – Trade regulated
101355,United Republic of Tanzania,TZ,TZA,Native,Mammalia,Galagidae,Paragalago rondoensis,Rondo Dwarf Galago,Appendix II – Trade regulated
101352,Kenya,KE,KEN,Native,Mammalia,Galagidae,Paragalago zanzibaricus,Zanzibar Bushbaby,Appendix II – Trade regulated
101352,Malawi,MW,MWI,Native,Mammalia,Galagidae,Paragalago zanzibaricus,Zanzibar Bushbaby,Appendix II – Trade regulated
101352,Mozambique,MZ,MOZ,Native,Mammalia,Galagidae,Paragalago zanzibaricus,Zanzibar Bushbaby,Appendix II – Trade regulated
101352,United Republic of Tanzania,TZ,TZA,Native,Mammalia,Galagidae,Paragalago zanzibaricus,Zanzibar Bushbaby,Appendix II – Trade regulated
101352,Zimbabwe,ZW,ZWE,Native,Mammalia,Galagidae,Paragalago zanzibaricus,Zanzibar Bushbaby,Appendix II – Trade regulated
3913,Democratic Republic of the Congo,CD,COD,Native,Mammalia,Hominidae,Gorilla beringei,Eastern Gorilla,Appendix I – Species threatened with extinction
3913,Rwanda,RW,RWA,Native,Mammalia,Hominidae,Gorilla beringei,Eastern Gorilla,Appendix I – Species threatened with extinction
3913,Uganda,UG,UGA,Native,Mammalia,Hominidae,Gorilla beringei,Eastern Gorilla,Appendix I – Species threatened with extinction
7116,Angola,AO,AGO,Native,Mammalia,Hominidae,Gorilla gorilla,Western Gorilla,Appendix I – Species threatened with extinction
7116,Cameroon,CM,CMR,Native,Mammalia,Hominidae,Gorilla gorilla,Western Gorilla,Appendix I – Species threatened with extinction
7116,Central African Republic,CF,CAF,Native,Mammalia,Hominidae,Gorilla gorilla,Western Gorilla,Appendix I – Species threatened with extinction
7116,Congo,,,Native,Mammalia,Hominidae,Gorilla gorilla,Western Gorilla,Appendix I – Species threatened with extinction
7116,Equatorial Guinea,GQ,GNQ,Native,Mammalia,Hominidae,Gorilla gorilla,Western Gorilla,Appendix I – Species threatened with extinction
7116,Gabon,GA,GAB,Native,Mammalia,Hominidae,Gorilla gorilla,Western Gorilla,Appendix I – Species threatened with extinction
7116,Nigeria,NG,NGA,Native,Mammalia,Hominidae,Gorilla gorilla,Western Gorilla,Appendix I – Species threatened with extinction
8333,Democratic Republic of the Congo,CD,COD,Native,Mammalia,Hominidae,Pan paniscus,Bonobo,Appendix I – Species threatened with extinction
6692,Angola,AO,AGO,Native,Mammalia,Hominidae,Pan troglodytes,Common Chimpanzee,Appendix I – Species threatened with extinction
6692,Burundi,BI,BDI,Native,Mammalia,Hominidae,Pan troglodytes,Common Chimpanzee,Appendix I – Species threatened with extinction
6692,Cameroon,CM,CMR,Native,Mammalia,Hominidae,Pan troglodytes,Common Chimpanzee,Appendix I – Species threatened with extinction
6692,Central African Republic,CF,CAF,Native,Mammalia,Hominidae,Pan troglodytes,Common Chimpanzee,Appendix I – Species threatened with extinction
6692,Congo,,,Native,Mammalia,Hominidae,Pan troglodytes,Common Chimpanzee,Appendix I – Species threatened with extinction
6692,C√¥te d'Ivoire,,,Native,Mammalia,Hominidae,Pan troglodytes,Common Chimpanzee,Appendix I – Species threatened with extinction
6692,Democratic Republic of the Congo,CD,COD,Native,Mammalia,Hominidae,Pan troglodytes,Common Chimpanzee,Appendix I – Species threatened with extinction
6692,Equatorial Guinea,GQ,GNQ,Native,Mammalia,Hominidae,Pan troglodytes,Common Chimpanzee,Appendix I – Species threatened with extinction
6692,Gabon,GA,GAB,Native,Mammalia,Hominidae,Pan troglodytes,Common Chimpanzee,Appendix I – Species threatened with extinction
6692,Ghana,GH,GHA,Native,Mammalia,Hominidae,Pan troglodytes,Common Chimpanzee,Appendix I – Species threatened with extinction
6692,Guinea,GN,GIN,Native,Mammalia,Hominidae,Pan troglodytes,Common Chimpanzee,Appendix I – Species threatened with extinction
6692,Guinea Bissau,,,Native,Mammalia,Hominidae,Pan troglodytes,Common Chimpanzee,Appendix I – Species threatened with extinction
6692,Liberia,LR,LBR,Native,Mammalia,Hominidae,Pan troglodytes,Common Chimpanzee,Appendix I – Species threatened with extinction
6692,Mali,ML,MLI,Native,Mammalia,Hominidae,Pan troglodytes,Common Chimpanzee,Appendix I – Species threatened with extinction
6692,Nigeria,NG,NGA,Native,Mammalia,Hominidae,Pan troglodytes,Common Chimpanzee,Appendix I – Species threatened with extinction
6692,Rwanda,RW,RWA,Native,Mammalia,Hominidae,Pan troglodytes,Common Chimpanzee,Appendix I – Species threatened with extinction
6692,Senegal,SN,SEN,Native,Mammalia,Hominidae,Pan troglodytes,Common Chimpanzee,Appendix I – Species threatened with extinction
6692,Sierra Leone,SL,SLE,Native,Mammalia,Hominidae,Pan troglodytes,Common Chimpanzee,Appendix I – Species threatened with extinction
6692,South Sudan,SS,SSD,Native,Mammalia,Hominidae,Pan troglodytes,Common Chimpanzee,Appendix I – Species threatened with extinction
6692,Uganda,UG,UGA,Native,Mammalia,Hominidae,Pan troglodytes,Common Chimpanzee,Appendix I – Species threatened with extinction
6692,United Republic of Tanzania,TZ,TZA,Native,Mammalia,Hominidae,Pan troglodytes,Common Chimpanzee,Appendix I – Species threatened with extinction
6692,Gambia,GM,GMB,Reintroduced,Mammalia,Hominidae,Pan troglodytes,Common Chimpanzee,Appendix I – Species threatened with extinction
8203,Indonesia,ID,IDN,Native,Mammalia,Hominidae,Pongo abelii,Sumatran Orangutan,Appendix I – Species threatened with extinction
7106,Indonesia,ID,IDN,Native,Mammalia,Hominidae,Pongo pygmaeus,Bornean Orangutan,Appendix I – Species threatened with extinction
7106,Malaysia,MY,MYS,Native,Mammalia,Hominidae,Pongo pygmaeus,Bornean Orangutan,Appendix I – Species threatened with extinction
7106,Brunei Darussalam,,,Extinct,Mammalia,Hominidae,Pongo pygmaeus,Bornean Orangutan,Appendix I – Species threatened with extinction
101289,Indonesia,ID,IDN,Native,Mammalia,Hominidae,Pongo tapanuliensis,Tapanuli Orangutan,Appendix I – Species threatened with extinction
10956,Bangladesh,BD,BGD,Native,Mammalia,Hylobatidae,Bunopithecus hoolock,Hoolock Gibbon,Appendix I – Species threatened with extinction
10956,China,CN,CHN,Native,Mammalia,Hylobatidae,Bunopithecus hoolock,Hoolock Gibbon,Appendix I – Species threatened with extinction
10956,India,IN,IND,Native,Mammalia,Hylobatidae,Bunopithecus hoolock,Hoolock Gibbon,Appendix I – Species threatened with extinction
10956,Myanmar,MM,MMR,Native,Mammalia,Hylobatidae,Bunopithecus hoolock,Hoolock Gibbon,Appendix I – Species threatened with extinction
101291,Indonesia,ID,IDN,Native,Mammalia,Hylobatidae,Hylobates abbotti,Abbott's Gray Gibbon,Appendix I – Species threatened with extinction
101291,Malaysia,MY,MYS,Native,Mammalia,Hylobatidae,Hylobates abbotti,Abbott's Gray Gibbon,Appendix I – Species threatened with extinction
10915,Indonesia,ID,IDN,Native,Mammalia,Hylobatidae,Hylobates agilis,Agile Gibbon,Appendix I – Species threatened with extinction
10915,Malaysia,MY,MYS,Native,Mammalia,Hylobatidae,Hylobates agilis,Agile Gibbon,Appendix I – Species threatened with extinction
10915,Thailand,TH,THA,Native,Mammalia,Hylobatidae,Hylobates agilis,Agile Gibbon,Appendix I – Species threatened with extinction
6868,Indonesia,ID,IDN,Native,Mammalia,Hylobatidae,Hylobates albibarbis,Bornean White-bearded Gibbon,Appendix I – Species threatened with extinction
101290,Brunei Darussalam,,,Native,Mammalia,Hylobatidae,Hylobates funereus,Bornean Black Gibbon,Appendix I – Species threatened with extinction
101290,Indonesia,ID,IDN,Native,Mammalia,Hylobatidae,Hylobates funereus,Bornean Black Gibbon,Appendix I – Species threatened with extinction
101290,Malaysia,MY,MYS,Native,Mammalia,Hylobatidae,Hylobates funereus,Bornean Black Gibbon,Appendix I – Species threatened with extinction
8754,Indonesia,ID,IDN,Native,Mammalia,Hylobatidae,Hylobates klossii,Kloss's Gibbon,Appendix I – Species threatened with extinction
5852,China,CN,CHN,Native,Mammalia,Hylobatidae,Hylobates lar,Lar Gibbon,Appendix I – Species threatened with extinction
5852,Indonesia,ID,IDN,Native,Mammalia,Hylobatidae,Hylobates lar,Lar Gibbon,Appendix I – Species threatened with extinction
5852,Lao People's Democratic Republic,,,Native,Mammalia,Hylobatidae,Hylobates lar,Lar Gibbon,Appendix I – Species threatened with extinction
5852,Malaysia,MY,MYS,Native,Mammalia,Hylobatidae,Hylobates lar,Lar Gibbon,Appendix I – Species threatened with extinction
5852,Myanmar,MM,MMR,Native,Mammalia,Hylobatidae,Hylobates lar,Lar Gibbon,Appendix I – Species threatened with extinction
5852,Thailand,TH,THA,Native,Mammalia,Hylobatidae,Hylobates lar,Lar Gibbon,Appendix I – Species threatened with extinction
7758,Indonesia,ID,IDN,Native,Mammalia,Hylobatidae,Hylobates moloch,Javan Silvery Gibbon,Appendix I – Species threatened with extinction
8803,Indonesia,ID,IDN,Native,Mammalia,Hylobatidae,Hylobates muelleri,Müller's Bornean Gibbon,Appendix I – Species threatened with extinction
4247,Cambodia,KH,KHM,Native,Mammalia,Hylobatidae,Hylobates pileatus,Pileated Gibbon,Appendix I – Species threatened with extinction
4247,Lao People's Democratic Republic,,,Native,Mammalia,Hylobatidae,Hylobates pileatus,Pileated Gibbon,Appendix I – Species threatened with extinction
4247,Thailand,TH,THA,Native,Mammalia,Hylobatidae,Hylobates pileatus,Pileated Gibbon,Appendix I – Species threatened with extinction
4247,Viet Nam,,,Native,Mammalia,Hylobatidae,Hylobates pileatus,Pileated Gibbon,Appendix I – Species threatened with extinction
4392,Cambodia,KH,KHM,Native,Mammalia,Hylobatidae,Nomascus annamensis,Northern Yellow-cheeked Gibbon,Appendix I – Species threatened with extinction
4392,Lao People's Democratic Republic,,,Native,Mammalia,Hylobatidae,Nomascus annamensis,Northern Yellow-cheeked Gibbon,Appendix I – Species threatened with extinction
4392,Viet Nam,,,Native,Mammalia,Hylobatidae,Nomascus annamensis,Northern Yellow-cheeked Gibbon,Appendix I – Species threatened with extinction
4533,China,CN,CHN,Native,Mammalia,Hylobatidae,Nomascus concolor,Western Black Crested Gibbon,Appendix I – Species threatened with extinction
4533,Lao People's Democratic Republic,,,Native,Mammalia,Hylobatidae,Nomascus concolor,Western Black Crested Gibbon,Appendix I – Species threatened with extinction
4533,Viet Nam,,,Native,Mammalia,Hylobatidae,Nomascus concolor,Western Black Crested Gibbon,Appendix I – Species threatened with extinction
6694,Cambodia,KH,KHM,Native,Mammalia,Hylobatidae,Nomascus gabriellae,Yellow-cheeked Gibbon,Appendix I – Species threatened with extinction
6694,Lao People's Democratic Republic,,,Native,Mammalia,Hylobatidae,Nomascus gabriellae,Yellow-cheeked Gibbon,Appendix I – Species threatened with extinction
6694,Viet Nam,,,Native,Mammalia,Hylobatidae,Nomascus gabriellae,Yellow-cheeked Gibbon,Appendix I – Species threatened with extinction
7278,China,CN,CHN,Native,Mammalia,Hylobatidae,Nomascus hainanus,Hainan Black Crested Gibbon,Appendix I – Species threatened with extinction
9609,China,CN,CHN,Native,Mammalia,Hylobatidae,Nomascus leucogenys,Northern White-cheeked Gibbon,Appendix I – Species threatened with extinction
9609,Lao People's Democratic Republic,,,Native,Mammalia,Hylobatidae,Nomascus leucogenys,Northern White-cheeked Gibbon,Appendix I – Species threatened with extinction
9609,Viet Nam,,,Native,Mammalia,Hylobatidae,Nomascus leucogenys,Northern White-cheeked Gibbon,Appendix I – Species threatened with extinction
5454,Lao People's Democratic Republic,,,Native,Mammalia,Hylobatidae,Nomascus siki,Southern White-cheeked Gibbon,Appendix I – Species threatened with extinction
5454,Viet Nam,,,Native,Mammalia,Hylobatidae,Nomascus siki,Southern White-cheeked Gibbon,Appendix I – Species threatened with extinction
5340,Indonesia,ID,IDN,Native,Mammalia,Hylobatidae,Symphalangus syndactylus,Siamang,Appendix I – Species threatened with extinction
5340,Malaysia,MY,MYS,Native,Mammalia,Hylobatidae,Symphalangus syndactylus,Siamang,Appendix I – Species threatened with extinction
5340,Thailand,TH,THA,Native,Mammalia,Hylobatidae,Symphalangus syndactylus,Siamang,Appendix I – Species threatened with extinction
8576,Madagascar,MG,MDG,Native,Mammalia,Indriidae,Avahi laniger,Eastern Woolly Lemur,Appendix I – Species threatened with extinction
11269,Madagascar,MG,MDG,Native,Mammalia,Indriidae,Avahi occidentalis,Western Woolly Lemur,Appendix I – Species threatened with extinction
3548,Madagascar,MG,MDG,Native,Mammalia,Indriidae,Avahi unicolor,Sambirano Woolly Lemur,Appendix I – Species threatened with extinction
10005,Madagascar,MG,MDG,Native,Mammalia,Indriidae,Indri indri,Indri,Appendix I – Species threatened with extinction
101292,Madagascar,MG,MDG,Native,Mammalia,Indriidae,Propithecus candidus,Silky Sifaka,Appendix I – Species threatened with extinction
8700,Madagascar,MG,MDG,Native,Mammalia,Indriidae,Propithecus coquereli,Coquerel's Sifaka,Appendix I – Species threatened with extinction
62721,Madagascar,MG,MDG,Native,Mammalia,Indriidae,Propithecus coronatus,Crowned Sifaka,Appendix I – Species threatened with extinction
3637,Madagascar,MG,MDG,Native,Mammalia,Indriidae,Propithecus deckenii,Van der Decken's Sifaka,Appendix I – Species threatened with extinction
6701,Madagascar,MG,MDG,Native,Mammalia,Indriidae,Propithecus diadema,Diademed Sifaka,Appendix I – Species threatened with extinction
5515,Madagascar,MG,MDG,Native,Mammalia,Indriidae,Propithecus edwardsi,Edwards's Sifaka,Appendix I – Species threatened with extinction
8931,Madagascar,MG,MDG,Native,Mammalia,Indriidae,Propithecus perrieri,Perrier's Sifaka,Appendix I – Species threatened with extinction
6482,Madagascar,MG,MDG,Native,Mammalia,Indriidae,Propithecus tattersalli,Golden-crowned Sifaka,Appendix I – Species threatened with extinction
8584,Madagascar,MG,MDG,Native,Mammalia,Indriidae,Propithecus verreauxi,Verreaux's Sifaka,Appendix I – Species threatened with extinction
8815,Madagascar,MG,MDG,Native,Mammalia,Lemuridae,Eulemur albifrons,White-fronted Brown Lemur,Appendix I – Species threatened with extinction
7638,Madagascar,MG,MDG,Native,Mammalia,Lemuridae,Eulemur albocollaris,White-collared Brown Lemur,Appendix I – Species threatened with extinction
10496,Madagascar,MG,MDG,Native,Mammalia,Lemuridae,Eulemur cinereiceps,Gray-headed Lemur,Appendix I – Species threatened with extinction
5089,Madagascar,MG,MDG,Native,Mammalia,Lemuridae,Eulemur collaris,Collared Brown Lemur,Appendix I – Species threatened with extinction
6844,Madagascar,MG,MDG,Native,Mammalia,Lemuridae,Eulemur coronatus,Crowned Lemur,Appendix I – Species threatened with extinction
94537,Madagascar,MG,MDG,Native,Mammalia,Lemuridae,Eulemur flavifrons,Blue-eyed Black Lemur,Appendix I – Species threatened with extinction
5490,Madagascar,MG,MDG,Native,Mammalia,Lemuridae,Eulemur fulvus,Common Brown Lemur,Appendix I – Species threatened with extinction
5490,Mayotte,,,Native,Mammalia,Lemuridae,Eulemur fulvus,Common Brown Lemur,Appendix I – Species threatened with extinction
11141,Madagascar,MG,MDG,Native,Mammalia,Lemuridae,Eulemur macaco,Black Lemur,Appendix I – Species threatened with extinction
7200,Comoros,KM,COM,Native,Mammalia,Lemuridae,Eulemur mongoz,Mongoose Lemur,Appendix I – Species threatened with extinction
7200,Madagascar,MG,MDG,Native,Mammalia,Lemuridae,Eulemur mongoz,Mongoose Lemur,Appendix I – Species threatened with extinction
9909,Madagascar,MG,MDG,Native,Mammalia,Lemuridae,Eulemur rubriventer,Red-bellied Lemur,Appendix I – Species threatened with extinction
5225,Madagascar,MG,MDG,Native,Mammalia,Lemuridae,Eulemur rufus,Red-fronted Brown Lemur,Appendix I – Species threatened with extinction
4430,Madagascar,MG,MDG,Native,Mammalia,Lemuridae,Eulemur sanfordi,Sanford's Brown Lemur,Appendix I – Species threatened with extinction
5077,Madagascar,MG,MDG,Native,Mammalia,Lemuridae,Hapalemur alaotrensis,Alaotran Gentle Lemur,Appendix I – Species threatened with extinction
8822,Madagascar,MG,MDG,Native,Mammalia,Lemuridae,Hapalemur aureus,Golden Bamboo Lemur,Appendix I – Species threatened with extinction
3283,Madagascar,MG,MDG,Native,Mammalia,Lemuridae,Hapalemur griseus,Eastern Lesser Bamboo Lemur,Appendix I – Species threatened with extinction
9571,Madagascar,MG,MDG,Native,Mammalia,Lemuridae,Hapalemur occidentalis,Western Lesser Bamboo Lemur,Appendix I – Species threatened with extinction
5749,Madagascar,MG,MDG,Native,Mammalia,Lemuridae,Lemur catta,Ring-tailed Lemur,Appendix I – Species threatened with extinction
3598,Madagascar,MG,MDG,Native,Mammalia,Lemuridae,Prolemur simus,Greater Bamboo Lemur,Appendix I – Species threatened with extinction
7921,Madagascar,MG,MDG,Native,Mammalia,Lemuridae,Varecia rubra,Red Ruffed Lemur,Appendix I – Species threatened with extinction
5668,Madagascar,MG,MDG,Native,Mammalia,Lemuridae,Varecia variegata,Black-and-white Ruffed Lemur,Appendix I – Species threatened with extinction
4455,Madagascar,MG,MDG,Native,Mammalia,Lepilemuridae,Lepilemur ankaranensis,Ankarana Sportive Lemur,Appendix I – Species threatened with extinction
6009,Madagascar,MG,MDG,Native,Mammalia,Lepilemuridae,Lepilemur dorsalis,Back-striped Sportive Lemur,Appendix I – Species threatened with extinction
5399,Madagascar,MG,MDG,Native,Mammalia,Lepilemuridae,Lepilemur edwardsi,Edwards's Sportive Lemur,Appendix I – Species threatened with extinction
7671,Madagascar,MG,MDG,Native,Mammalia,Lepilemuridae,Lepilemur leucopus,White-footed Sportive Lemur,Appendix I – Species threatened with extinction
9538,Madagascar,MG,MDG,Native,Mammalia,Lepilemuridae,Lepilemur microdon,Small-toothed Sportive Lemur,Appendix I – Species threatened with extinction
7439,Madagascar,MG,MDG,Native,Mammalia,Lepilemuridae,Lepilemur mustelinus,Weasel Sportive Lemur,Appendix I – Species threatened with extinction
8488,Madagascar,MG,MDG,Native,Mammalia,Lepilemuridae,Lepilemur ruficaudatus,Red-tailed Sportive Lemur,Appendix I – Species threatened with extinction
7259,Madagascar,MG,MDG,Native,Mammalia,Lepilemuridae,Lepilemur septentrionalis,Northern Sportive Lemur,Appendix I – Species threatened with extinction
9357,Angola,AO,AGO,Native,Mammalia,Lorisidae,Arctocebus aureus,Golden Angwantibo,Appendix II – Trade regulated
9357,Cameroon,CM,CMR,Native,Mammalia,Lorisidae,Arctocebus aureus,Golden Angwantibo,Appendix II – Trade regulated
9357,Congo,,,Native,Mammalia,Lorisidae,Arctocebus aureus,Golden Angwantibo,Appendix II – Trade regulated
9357,Equatorial Guinea,GQ,GNQ,Native,Mammalia,Lorisidae,Arctocebus aureus,Golden Angwantibo,Appendix II – Trade regulated
9357,Gabon,GA,GAB,Native,Mammalia,Lorisidae,Arctocebus aureus,Golden Angwantibo,Appendix II – Trade regulated
10229,Cameroon,CM,CMR,Native,Mammalia,Lorisidae,Arctocebus calabarensis,Calabar Angwantibo,Appendix II – Trade regulated
10229,Nigeria,NG,NGA,Native,Mammalia,Lorisidae,Arctocebus calabarensis,Calabar Angwantibo,Appendix II – Trade regulated
4439,India,IN,IND,Native,Mammalia,Lorisidae,Loris lydekkerianus,Gray Slender Loris,Appendix II – Trade regulated
4439,Sri Lanka,LK,LKA,Native,Mammalia,Lorisidae,Loris lydekkerianus,Gray Slender Loris,Appendix II – Trade regulated
10000,Sri Lanka,LK,LKA,Native,Mammalia,Lorisidae,Loris tardigradus,Red Slender Loris,Appendix II – Trade regulated
4118,Bangladesh,BD,BGD,Native,Mammalia,Lorisidae,Nycticebus bengalensis,Bengal Slow Loris,Appendix I – Species threatened with extinction
4118,Bhutan,BT,BTN,Native,Mammalia,Lorisidae,Nycticebus bengalensis,Bengal Slow Loris,Appendix I – Species threatened with extinction
4118,Cambodia,KH,KHM,Native,Mammalia,Lorisidae,Nycticebus bengalensis,Bengal Slow Loris,Appendix I – Species threatened with extinction
4118,China,CN,CHN,Native,Mammalia,Lorisidae,Nycticebus bengalensis,Bengal Slow Loris,Appendix I – Species threatened with extinction
4118,India,IN,IND,Native,Mammalia,Lorisidae,Nycticebus bengalensis,Bengal Slow Loris,Appendix I – Species threatened with extinction
4118,Lao People's Democratic Republic,,,Native,Mammalia,Lorisidae,Nycticebus bengalensis,Bengal Slow Loris,Appendix I – Species threatened with extinction
4118,Myanmar,MM,MMR,Native,Mammalia,Lorisidae,Nycticebus bengalensis,Bengal Slow Loris,Appendix I – Species threatened with extinction
4118,Thailand,TH,THA,Native,Mammalia,Lorisidae,Nycticebus bengalensis,Bengal Slow Loris,Appendix I – Species threatened with extinction
4118,Viet Nam,,,Native,Mammalia,Lorisidae,Nycticebus bengalensis,Bengal Slow Loris,Appendix I – Species threatened with extinction
4303,Brunei Darussalam,,,Native,Mammalia,Lorisidae,Nycticebus coucang,Sunda Slow Loris,Appendix I – Species threatened with extinction
4303,Indonesia,ID,IDN,Native,Mammalia,Lorisidae,Nycticebus coucang,Sunda Slow Loris,Appendix I – Species threatened with extinction
4303,Malaysia,MY,MYS,Native,Mammalia,Lorisidae,Nycticebus coucang,Sunda Slow Loris,Appendix I – Species threatened with extinction
4303,Philippines,PH,PHL,Native,Mammalia,Lorisidae,Nycticebus coucang,Sunda Slow Loris,Appendix I – Species threatened with extinction
4303,Singapore,SG,SGP,Native,Mammalia,Lorisidae,Nycticebus coucang,Sunda Slow Loris,Appendix I – Species threatened with extinction
4303,Thailand,TH,THA,Native,Mammalia,Lorisidae,Nycticebus coucang,Sunda Slow Loris,Appendix I – Species threatened with extinction
33077,Indonesia,ID,IDN,Native,Mammalia,Lorisidae,Nycticebus javanicus,Javan Slow Loris,Appendix I – Species threatened with extinction
67929,Indonesia,ID,IDN,Native,Mammalia,Lorisidae,Nycticebus kayan,Kayan Slow Loris,Appendix I – Species threatened with extinction
67929,Malaysia,MY,MYS,Native,Mammalia,Lorisidae,Nycticebus kayan,Kayan Slow Loris,Appendix I – Species threatened with extinction
8796,China,CN,CHN,Native,Mammalia,Lorisidae,Nycticebus pygmaeus,Pygmy Slow Loris,Appendix I – Species threatened with extinction
8796,Lao People's Democratic Republic,,,Native,Mammalia,Lorisidae,Nycticebus pygmaeus,Pygmy Slow Loris,Appendix I – Species threatened with extinction
8796,Viet Nam,,,Native,Mammalia,Lorisidae,Nycticebus pygmaeus,Pygmy Slow Loris,Appendix I – Species threatened with extinction
7356,Benin,BJ,BEN,Native,Mammalia,Lorisidae,Perodicticus potto,Potto,Appendix II – Trade regulated
7356,Burundi,BI,BDI,Native,Mammalia,Lorisidae,Perodicticus potto,Potto,Appendix II – Trade regulated
7356,Cameroon,CM,CMR,Native,Mammalia,Lorisidae,Perodicticus potto,Potto,Appendix II – Trade regulated
7356,Central African Republic,CF,CAF,Native,Mammalia,Lorisidae,Perodicticus potto,Potto,Appendix II – Trade regulated
7356,Congo,,,Native,Mammalia,Lorisidae,Perodicticus potto,Potto,Appendix II – Trade regulated
7356,C√¥te d'Ivoire,,,Native,Mammalia,Lorisidae,Perodicticus potto,Potto,Appendix II – Trade regulated
7356,Democratic Republic of the Congo,CD,COD,Native,Mammalia,Lorisidae,Perodicticus potto,Potto,Appendix II – Trade regulated
7356,Equatorial Guinea,GQ,GNQ,Native,Mammalia,Lorisidae,Perodicticus potto,Potto,Appendix II – Trade regulated
7356,Gabon,GA,GAB,Native,Mammalia,Lorisidae,Perodicticus potto,Potto,Appendix II – Trade regulated
7356,Ghana,GH,GHA,Native,Mammalia,Lorisidae,Perodicticus potto,Potto,Appendix II – Trade regulated
7356,Guinea,GN,GIN,Native,Mammalia,Lorisidae,Perodicticus potto,Potto,Appendix II – Trade regulated
7356,Kenya,KE,KEN,Native,Mammalia,Lorisidae,Perodicticus potto,Potto,Appendix II – Trade regulated
7356,Liberia,LR,LBR,Native,Mammalia,Lorisidae,Perodicticus potto,Potto,Appendix II – Trade regulated
7356,Nigeria,NG,NGA,Native,Mammalia,Lorisidae,Perodicticus potto,Potto,Appendix II – Trade regulated
7356,Rwanda,RW,RWA,Native,Mammalia,Lorisidae,Perodicticus potto,Potto,Appendix II – Trade regulated
7356,Sierra Leone,SL,SLE,Native,Mammalia,Lorisidae,Perodicticus potto,Potto,Appendix II – Trade regulated
7356,Togo,TG,TGO,Native,Mammalia,Lorisidae,Perodicticus potto,Potto,Appendix II – Trade regulated
7356,Uganda,UG,UGA,Native,Mammalia,Lorisidae,Perodicticus potto,Potto,Appendix II – Trade regulated
3510,Brazil,BR,BRA,Native,Mammalia,Pitheciidae,Cacajao calvus,Bald Uakari,Appendix I – Species threatened with extinction
3510,Peru,PE,PER,Native,Mammalia,Pitheciidae,Cacajao calvus,Bald Uakari,Appendix I – Species threatened with extinction
4060,Brazil,BR,BRA,Native,Mammalia,Pitheciidae,Cacajao melanocephalus,Black-headed Uakari,Appendix I – Species threatened with extinction
4060,Venezuela (Bolivarian Republic of),,,Native,Mammalia,Pitheciidae,Cacajao melanocephalus,Black-headed Uakari,Appendix I – Species threatened with extinction
68352,Brazil,BR,BRA,Native,Mammalia,Pitheciidae,Cacajao oukary,Ouakary (Black Uakari),Appendix I – Species threatened with extinction
68352,Colombia,CO,COL,Native,Mammalia,Pitheciidae,Cacajao oukary,Ouakary (Black Uakari),Appendix I – Species threatened with extinction
4774,Brazil,BR,BRA,Native,Mammalia,Pitheciidae,Callicebus barbarabrownae,Barbara Brown's Titi,Appendix II – Trade regulated
5823,Brazil,BR,BRA,Native,Mammalia,Pitheciidae,Callicebus coimbrai,Coimbra Filho's Titi,Appendix II – Trade regulated
5877,Brazil,BR,BRA,Native,Mammalia,Pitheciidae,Callicebus melanochir,Black-handed Titi,Appendix II – Trade regulated
9840,Brazil,BR,BRA,Native,Mammalia,Pitheciidae,Callicebus nigrifrons,Black-fronted Titi,Appendix II – Trade regulated
7665,Brazil,BR,BRA,Native,Mammalia,Pitheciidae,Callicebus personatus,Atlantic Titi,Appendix II – Trade regulated
8012,Brazil,BR,BRA,Native,Mammalia,Pitheciidae,Callicebus stephennashi,Stephen Nash's Titi,Appendix II – Trade regulated
101381,Brazil,BR,BRA,Native,Mammalia,Pitheciidae,Cheracebus lucifer,Red-crowned Titi,Appendix II – Trade regulated
101381,Colombia,CO,COL,Native,Mammalia,Pitheciidae,Cheracebus lucifer,Red-crowned Titi,Appendix II – Trade regulated
101381,Ecuador,EC,ECU,Native,Mammalia,Pitheciidae,Cheracebus lucifer,Red-crowned Titi,Appendix II – Trade regulated
101381,Peru,PE,PER,Native,Mammalia,Pitheciidae,Cheracebus lucifer,Red-crowned Titi,Appendix II – Trade regulated
101383,Brazil,BR,BRA,Native,Mammalia,Pitheciidae,Cheracebus lugens,Colombian Black-handed Titi,Appendix II – Trade regulated
101383,Colombia,CO,COL,Native,Mammalia,Pitheciidae,Cheracebus lugens,Colombian Black-handed Titi,Appendix II – Trade regulated
101383,Venezuela (Bolivarian Republic of),,,Native,Mammalia,Pitheciidae,Cheracebus lugens,Colombian Black-handed Titi,Appendix II – Trade regulated
101384,Colombia,CO,COL,Native,Mammalia,Pitheciidae,Cheracebus medemi,Medem's Titi,Appendix II – Trade regulated
101382,Brazil,BR,BRA,Native,Mammalia,Pitheciidae,Cheracebus purinus,Purús Titi,Appendix II – Trade regulated
101386,Brazil,BR,BRA,Native,Mammalia,Pitheciidae,Cheracebus regulus,Regulus Titi,Appendix II – Trade regulated
101385,Brazil,BR,BRA,Native,Mammalia,Pitheciidae,Cheracebus torquatus,Widow Titi,Appendix II – Trade regulated
5859,Brazil,BR,BRA,Native,Mammalia,Pitheciidae,Chiropotes albinasus,White-nosed Saki,Appendix I – Species threatened with extinction
7412,Brazil,BR,BRA,Native,Mammalia,Pitheciidae,Chiropotes chiropotes,Red-backed Bearded Saki,Appendix II – Trade regulated
7412,French Guiana [FR],,,Native,Mammalia,Pitheciidae,Chiropotes chiropotes,Red-backed Bearded Saki,Appendix II – Trade regulated
7412,Guyana,GY,GUY,Native,Mammalia,Pitheciidae,Chiropotes chiropotes,Red-backed Bearded Saki,Appendix II – Trade regulated
7412,Suriname,SR,SUR,Native,Mammalia,Pitheciidae,Chiropotes chiropotes,Red-backed Bearded Saki,Appendix II – Trade regulated
7412,Venezuela (Bolivarian Republic of),,,Native,Mammalia,Pitheciidae,Chiropotes chiropotes,Red-backed Bearded Saki,Appendix II – Trade regulated
8189,Brazil,BR,BRA,Native,Mammalia,Pitheciidae,Chiropotes israelita,Rio Negro Bearded Saki,Appendix II – Trade regulated
8189,Venezuela (Bolivarian Republic of),,,Native,Mammalia,Pitheciidae,Chiropotes israelita,Rio Negro Bearded Saki,Appendix II – Trade regulated
3956,Brazil,BR,BRA,Native,Mammalia,Pitheciidae,Chiropotes satanas,Black Bearded Saki,Appendix II – Trade regulated
3024,Brazil,BR,BRA,Native,Mammalia,Pitheciidae,Chiropotes utahickae,Uta Hick's Bearded Saki,Appendix II – Trade regulated
3139,Ecuador,EC,ECU,Native,Mammalia,Pitheciidae,Pithecia aequatorialis,Equatorial Saki,Appendix II – Trade regulated
3139,Peru,PE,PER,Native,Mammalia,Pitheciidae,Pithecia aequatorialis,Equatorial Saki,Appendix II – Trade regulated
9977,Brazil,BR,BRA,Native,Mammalia,Pitheciidae,Pithecia albicans,White Saki,Appendix II – Trade regulated
67932,Brazil,BR,BRA,Native,Mammalia,Pitheciidae,Pithecia cazuzai,Cazuza's Saki,Appendix II – Trade regulated
68359,Brazil,BR,BRA,Native,Mammalia,Pitheciidae,Pithecia chrysocephala,Golden-faced Saki,Appendix II – Trade regulated
68356,Brazil,BR,BRA,Native,Mammalia,Pitheciidae,Pithecia hirsuta,Hairy Saki,Appendix II – Trade regulated
68356,Colombia,CO,COL,Native,Mammalia,Pitheciidae,Pithecia hirsuta,Hairy Saki,Appendix II – Trade regulated
68356,Peru,PE,PER,Native,Mammalia,Pitheciidae,Pithecia hirsuta,Hairy Saki,Appendix II – Trade regulated
68354,Peru,PE,PER,Native,Mammalia,Pitheciidae,Pithecia inusta,Burnished Saki,Appendix II – Trade regulated
4817,Bolivia (Plurinational State of),,,Native,Mammalia,Pitheciidae,Pithecia irrorata,Neblina Saki,Appendix II – Trade regulated
4817,Brazil,BR,BRA,Native,Mammalia,Pitheciidae,Pithecia irrorata,Neblina Saki,Appendix II – Trade regulated
4817,Peru,PE,PER,Native,Mammalia,Pitheciidae,Pithecia irrorata,Neblina Saki,Appendix II – Trade regulated
67933,Peru,PE,PER,Native,Mammalia,Pitheciidae,Pithecia isabela,Isabela's Saki,Appendix II – Trade regulated
68355,Colombia,CO,COL,Native,Mammalia,Pitheciidae,Pithecia milleri,Miller's Saki,Appendix II – Trade regulated
68355,Ecuador,EC,ECU,Native,Mammalia,Pitheciidae,Pithecia milleri,Miller's Saki,Appendix II – Trade regulated
67934,Brazil,BR,BRA,Native,Mammalia,Pitheciidae,Pithecia mittermeieri,Mittermeier's Saki,Appendix II – Trade regulated
11237,Brazil,BR,BRA,Native,Mammalia,Pitheciidae,Pithecia monachus,Monk Saki,Appendix II – Trade regulated
11237,Peru,PE,PER,Native,Mammalia,Pitheciidae,Pithecia monachus,Monk Saki,Appendix II – Trade regulated
68358,Ecuador,EC,ECU,Native,Mammalia,Pitheciidae,Pithecia napensis,Napo Saki,Appendix II – Trade regulated
68358,Peru,PE,PER,Native,Mammalia,Pitheciidae,Pithecia napensis,Napo Saki,Appendix II – Trade regulated
67935,Brazil,BR,BRA,Native,Mammalia,Pitheciidae,Pithecia pissinattii,Pissinatti's Saki,Appendix II – Trade regulated
7806,Brazil,BR,BRA,Native,Mammalia,Pitheciidae,Pithecia pithecia,White-faced Saki,Appendix II – Trade regulated
7806,French Guiana [FR],,,Native,Mammalia,Pitheciidae,Pithecia pithecia,White-faced Saki,Appendix II – Trade regulated
7806,Guyana,GY,GUY,Native,Mammalia,Pitheciidae,Pithecia pithecia,White-faced Saki,Appendix II – Trade regulated
7806,Suriname,SR,SUR,Native,Mammalia,Pitheciidae,Pithecia pithecia,White-faced Saki,Appendix II – Trade regulated
7806,Venezuela (Bolivarian Republic of),,,Native,Mammalia,Pitheciidae,Pithecia pithecia,White-faced Saki,Appendix II – Trade regulated
67936,Bolivia (Plurinational State of),,,Native,Mammalia,Pitheciidae,Pithecia rylandsi,Rylands' Saki,Appendix II – Trade regulated
67936,Brazil,BR,BRA,Native,Mammalia,Pitheciidae,Pithecia rylandsi,Rylands' Saki,Appendix II – Trade regulated
67936,Peru,PE,PER,Native,Mammalia,Pitheciidae,Pithecia rylandsi,Rylands' Saki,Appendix II – Trade regulated
68450,Brazil,BR,BRA,Native,Mammalia,Pitheciidae,Pithecia vanzolinii,Vanzolini's Saki,Appendix II – Trade regulated
101376,Bolivia (Plurinational State of),,,Native,Mammalia,Pitheciidae,Plecturocebus aureipalatii,Golden Palace Titi,Appendix II – Trade regulated
101377,Brazil,BR,BRA,Native,Mammalia,Pitheciidae,Plecturocebus baptista,Baptista Lake Titi,Appendix II – Trade regulated
101369,Brazil,BR,BRA,Native,Mammalia,Pitheciidae,Plecturocebus bernhardi,Prince Bernhard's Titi,Appendix II – Trade regulated
101364,Bolivia (Plurinational State of),,,Native,Mammalia,Pitheciidae,Plecturocebus brunneus,Brown Titi,Appendix II – Trade regulated
101364,Brazil,BR,BRA,Native,Mammalia,Pitheciidae,Plecturocebus brunneus,Brown Titi,Appendix II – Trade regulated
101364,Peru,PE,PER,Native,Mammalia,Pitheciidae,Plecturocebus brunneus,Brown Titi,Appendix II – Trade regulated
101374,Bolivia (Plurinational State of),,,Native,Mammalia,Pitheciidae,Plecturocebus caligatus,Boots Titi,Appendix II – Trade regulated
101374,Brazil,BR,BRA,Native,Mammalia,Pitheciidae,Plecturocebus caligatus,Boots Titi,Appendix II – Trade regulated
101368,Colombia,CO,COL,Native,Mammalia,Pitheciidae,Plecturocebus caquetensis,Caquetá Titi,Appendix II – Trade regulated
101365,Brazil,BR,BRA,Native,Mammalia,Pitheciidae,Plecturocebus cinerascens,Ashy Titi,Appendix II – Trade regulated
101378,Brazil,BR,BRA,Native,Mammalia,Pitheciidae,Plecturocebus cupreus,Coppery Titi,Appendix II – Trade regulated
101378,Peru,PE,PER,Native,Mammalia,Pitheciidae,Plecturocebus cupreus,Coppery Titi,Appendix II – Trade regulated
101371,Colombia,CO,COL,Native,Mammalia,Pitheciidae,Plecturocebus discolor,Red Titi,Appendix II – Trade regulated
101371,Ecuador,EC,ECU,Native,Mammalia,Pitheciidae,Plecturocebus discolor,Red Titi,Appendix II – Trade regulated
101371,Peru,PE,PER,Native,Mammalia,Pitheciidae,Plecturocebus discolor,Red Titi,Appendix II – Trade regulated
101373,Bolivia (Plurinational State of),,,Native,Mammalia,Pitheciidae,Plecturocebus donacophilus,White-eared Titi,Appendix II – Trade regulated
101388,Brazil,BR,BRA,Native,Mammalia,Pitheciidae,Plecturocebus grovesi,Groves' Titi,Appendix II – Trade regulated
101366,Brazil,BR,BRA,Native,Mammalia,Pitheciidae,Plecturocebus hoffmannsi,Hoffmanns' Titi,Appendix II – Trade regulated
101362,Brazil,BR,BRA,Native,Mammalia,Pitheciidae,Plecturocebus miltoni,Milton's Titi,Appendix II – Trade regulated
101363,Bolivia (Plurinational State of),,,Native,Mammalia,Pitheciidae,Plecturocebus modestus,Modest Titi,Appendix II – Trade regulated
101379,Brazil,BR,BRA,Native,Mammalia,Pitheciidae,Plecturocebus moloch,Red-bellied Titi,Appendix II – Trade regulated
101370,Peru,PE,PER,Native,Mammalia,Pitheciidae,Plecturocebus oenanthe,Andean Titi,Appendix II – Trade regulated
101367,Bolivia (Plurinational State of),,,Native,Mammalia,Pitheciidae,Plecturocebus olallae,Olalla Brothers' Titi,Appendix II – Trade regulated
101375,Colombia,CO,COL,Native,Mammalia,Pitheciidae,Plecturocebus ornatus,Ornate Titi,Appendix II – Trade regulated
101372,Bolivia (Plurinational State of),,,Native,Mammalia,Pitheciidae,Plecturocebus pallescens,White-coated Titi,Appendix II – Trade regulated
101372,Brazil,BR,BRA,Native,Mammalia,Pitheciidae,Plecturocebus pallescens,White-coated Titi,Appendix II – Trade regulated
101372,Paraguay,PY,PRY,Native,Mammalia,Pitheciidae,Plecturocebus pallescens,White-coated Titi,Appendix II – Trade regulated
101387,Peru,PE,PER,Native,Mammalia,Pitheciidae,Plecturocebus urubambensis,Urubamba Brown Titi,Appendix II – Trade regulated
101361,Brazil,BR,BRA,Native,Mammalia,Pitheciidae,Plecturocebus vieirai,Vieira's Titi,Appendix II – Trade regulated
4576,Brunei Darussalam,,,Native,Mammalia,Tarsiidae,Tarsius bancanus,Horsfield's Tarsier,Appendix II – Trade regulated
4576,Indonesia,ID,IDN,Native,Mammalia,Tarsiidae,Tarsius bancanus,Horsfield's Tarsier,Appendix II – Trade regulated
4576,Malaysia,MY,MYS,Native,Mammalia,Tarsiidae,Tarsius bancanus,Horsfield's Tarsier,Appendix II – Trade regulated
7535,Indonesia,ID,IDN,Native,Mammalia,Tarsiidae,Tarsius dentatus,Dian's Tarsier,Appendix II – Trade regulated
5453,Indonesia,ID,IDN,Native,Mammalia,Tarsiidae,Tarsius lariang,Lariang Tarsier,Appendix II – Trade regulated
10483,Indonesia,ID,IDN,Native,Mammalia,Tarsiidae,Tarsius pelengensis,Peleng Tarsier,Appendix II – Trade regulated
10668,Indonesia,ID,IDN,Native,Mammalia,Tarsiidae,Tarsius pumilus,Pygmy Tarsier,Appendix II – Trade regulated
6908,Indonesia,ID,IDN,Native,Mammalia,Tarsiidae,Tarsius sangirensis,Sangihe Tarsier,Appendix II – Trade regulated
101078,Indonesia,ID,IDN,Native,Mammalia,Tarsiidae,Tarsius spectrumgurskyae,Gursky's Spectral Tarsier,Appendix II – Trade regulated
101079,Indonesia,ID,IDN,Native,Mammalia,Tarsiidae,Tarsius supriatnai,Supriatna's Tarsier,Appendix II – Trade regulated
3060,Philippines,PH,PHL,Native,Mammalia,Tarsiidae,Tarsius syrichta,Philippine Tarsier,Appendix II – Trade regulated
6077,Indonesia,ID,IDN,Native,Mammalia,Tarsiidae,Tarsius tarsier,Spectral Tarsier,Appendix II – Trade regulated
7151,Indonesia,ID,IDN,Native,Mammalia,Tarsiidae,Tarsius tumpara,Siau Island Tarsier,Appendix II – Trade regulated
5690,Bangladesh,BD,BGD,Native,Mammalia,Elephantidae,Elephas maximus,Asian Elephant,Appendix I – Species threatened with extinction
5690,Bhutan,BT,BTN,Native,Mammalia,Elephantidae,Elephas maximus,Asian Elephant,Appendix I – Species threatened with extinction
5690,Cambodia,KH,KHM,Native,Mammalia,Elephantidae,Elephas maximus,Asian Elephant,Appendix I – Species threatened with extinction
5690,China,CN,CHN,Native,Mammalia,Elephantidae,Elephas maximus,Asian Elephant,Appendix I – Species threatened with extinction
5690,India,IN,IND,Native,Mammalia,Elephantidae,Elephas maximus,Asian Elephant,Appendix I – Species threatened with extinction
5690,Indonesia,ID,IDN,Native,Mammalia,Elephantidae,Elephas maximus,Asian Elephant,Appendix I – Species threatened with extinction
5690,Lao People's Democratic Republic,,,Native,Mammalia,Elephantidae,Elephas maximus,Asian Elephant,Appendix I – Species threatened with extinction
5690,Malaysia,MY,MYS,Native,Mammalia,Elephantidae,Elephas maximus,Asian Elephant,Appendix I – Species threatened with extinction
5690,Myanmar,MM,MMR,Native,Mammalia,Elephantidae,Elephas maximus,Asian Elephant,Appendix I – Species threatened with extinction
5690,Nepal,NP,NPL,Native,Mammalia,Elephantidae,Elephas maximus,Asian Elephant,Appendix I – Species threatened with extinction
5690,Sri Lanka,LK,LKA,Native,Mammalia,Elephantidae,Elephas maximus,Asian Elephant,Appendix I – Species threatened with extinction
5690,Thailand,TH,THA,Native,Mammalia,Elephantidae,Elephas maximus,Asian Elephant,Appendix I – Species threatened with extinction
5690,Viet Nam,,,Native,Mammalia,Elephantidae,Elephas maximus,Asian Elephant,Appendix I – Species threatened with extinction
4521,Angola,AO,AGO,Native,Mammalia,Elephantidae,Loxodonta africana,African Bush Elephant,Appendix I / II – Status depends on population
4521,Benin,BJ,BEN,Native,Mammalia,Elephantidae,Loxodonta africana,African Bush Elephant,Appendix I / II – Status depends on population
4521,Botswana,BW,BWA,Native,Mammalia,Elephantidae,Loxodonta africana,African Bush Elephant,Appendix I / II – Status depends on population
4521,Burkina Faso,BF,BFA,Native,Mammalia,Elephantidae,Loxodonta africana,African Bush Elephant,Appendix I / II – Status depends on population
4521,Cameroon,CM,CMR,Native,Mammalia,Elephantidae,Loxodonta africana,African Bush Elephant,Appendix I / II – Status depends on population
4521,Central African Republic,CF,CAF,Native,Mammalia,Elephantidae,Loxodonta africana,African Bush Elephant,Appendix I / II – Status depends on population
4521,Chad,TD,TCD,Native,Mammalia,Elephantidae,Loxodonta africana,African Bush Elephant,Appendix I / II – Status depends on population
4521,Congo,,,Native,Mammalia,Elephantidae,Loxodonta africana,African Bush Elephant,Appendix I / II – Status depends on population
4521,C√¥te d'Ivoire,,,Native,Mammalia,Elephantidae,Loxodonta africana,African Bush Elephant,Appendix I / II – Status depends on population
4521,Democratic Republic of the Congo,CD,COD,Native,Mammalia,Elephantidae,Loxodonta africana,African Bush Elephant,Appendix I / II – Status depends on population
4521,Equatorial Guinea,GQ,GNQ,Native,Mammalia,Elephantidae,Loxodonta africana,African Bush Elephant,Appendix I / II – Status depends on population
4521,Eritrea,ER,ERI,Native,Mammalia,Elephantidae,Loxodonta africana,African Bush Elephant,Appendix I / II – Status depends on population
4521,Ethiopia,ET,ETH,Native,Mammalia,Elephantidae,Loxodonta africana,African Bush Elephant,Appendix I / II – Status depends on population
4521,Gabon,GA,GAB,Native,Mammalia,Elephantidae,Loxodonta africana,African Bush Elephant,Appendix I / II – Status depends on population
4521,Ghana,GH,GHA,Native,Mammalia,Elephantidae,Loxodonta africana,African Bush Elephant,Appendix I / II – Status depends on population
4521,Guinea,GN,GIN,Native,Mammalia,Elephantidae,Loxodonta africana,African Bush Elephant,Appendix I / II – Status depends on population
4521,Guinea Bissau,,,Native,Mammalia,Elephantidae,Loxodonta africana,African Bush Elephant,Appendix I / II – Status depends on population
4521,Kenya,KE,KEN,Native,Mammalia,Elephantidae,Loxodonta africana,African Bush Elephant,Appendix I / II – Status depends on population
4521,Liberia,LR,LBR,Native,Mammalia,Elephantidae,Loxodonta africana,African Bush Elephant,Appendix I / II – Status depends on population
4521,Malawi,MW,MWI,Native,Mammalia,Elephantidae,Loxodonta africana,African Bush Elephant,Appendix I / II – Status depends on population
4521,Mali,ML,MLI,Native,Mammalia,Elephantidae,Loxodonta africana,African Bush Elephant,Appendix I / II – Status depends on population
4521,Mozambique,MZ,MOZ,Native,Mammalia,Elephantidae,Loxodonta africana,African Bush Elephant,Appendix I / II – Status depends on population
4521,Namibia,NA,NAM,Native,Mammalia,Elephantidae,Loxodonta africana,African Bush Elephant,Appendix I / II – Status depends on population
4521,Niger,NE,NER,Native,Mammalia,Elephantidae,Loxodonta africana,African Bush Elephant,Appendix I / II – Status depends on population
4521,Nigeria,NG,NGA,Native,Mammalia,Elephantidae,Loxodonta africana,African Bush Elephant,Appendix I / II – Status depends on population
4521,Rwanda,RW,RWA,Native,Mammalia,Elephantidae,Loxodonta africana,African Bush Elephant,Appendix I / II – Status depends on population
4521,Senegal,SN,SEN,Native,Mammalia,Elephantidae,Loxodonta africana,African Bush Elephant,Appendix I / II – Status depends on population
4521,Sierra Leone,SL,SLE,Native,Mammalia,Elephantidae,Loxodonta africana,African Bush Elephant,Appendix I / II – Status depends on population
4521,Somalia,SO,SOM,Native,Mammalia,Elephantidae,Loxodonta africana,African Bush Elephant,Appendix I / II – Status depends on population
4521,South Africa,ZA,ZAF,Native,Mammalia,Elephantidae,Loxodonta africana,African Bush Elephant,Appendix I / II – Status depends on population
4521,South Sudan,SS,SSD,Native,Mammalia,Elephantidae,Loxodonta africana,African Bush Elephant,Appendix I / II – Status depends on population
4521,Sudan,SD,SDN,Native,Mammalia,Elephantidae,Loxodonta africana,African Bush Elephant,Appendix I / II – Status depends on population
4521,Togo,TG,TGO,Native,Mammalia,Elephantidae,Loxodonta africana,African Bush Elephant,Appendix I / II – Status depends on population
4521,Uganda,UG,UGA,Native,Mammalia,Elephantidae,Loxodonta africana,African Bush Elephant,Appendix I / II – Status depends on population
4521,United Republic of Tanzania,TZ,TZA,Native,Mammalia,Elephantidae,Loxodonta africana,African Bush Elephant,Appendix I / II – Status depends on population
4521,Zambia,ZM,ZMB,Native,Mammalia,Elephantidae,Loxodonta africana,African Bush Elephant,Appendix I / II – Status depends on population
4521,Zimbabwe,ZW,ZWE,Native,Mammalia,Elephantidae,Loxodonta africana,African Bush Elephant,Appendix I / II – Status depends on population
4521,Eswatini,,,Reintroduced,Mammalia,Elephantidae,Loxodonta africana,African Bush Elephant,Appendix I / II – Status depends on population
4521,Burundi,BI,BDI,Extinct,Mammalia,Elephantidae,Loxodonta africana,African Bush Elephant,Appendix I / II – Status depends on population
4521,Djibouti,DJ,DJI,Extinct,Mammalia,Elephantidae,Loxodonta africana,African Bush Elephant,Appendix I / II – Status depends on population
4521,Eswatini,,,Extinct,Mammalia,Elephantidae,Loxodonta africana,African Bush Elephant,Appendix I / II – Status depends on population
4521,Gambia,GM,GMB,Extinct,Mammalia,Elephantidae,Loxodonta africana,African Bush Elephant,Appendix I / II – Status depends on population
4521,Mauritania,MR,MRT,Extinct,Mammalia,Elephantidae,Loxodonta africana,African Bush Elephant,Appendix I / II – Status depends on population
6015,Argentina,AR,ARG,Native,Mammalia,Chinchillidae,Chinchilla chinchilla,Short-tailed Chinchilla,Appendix I – Species threatened with extinction
6015,Bolivia (Plurinational State of),,,Native,Mammalia,Chinchillidae,Chinchilla chinchilla,Short-tailed Chinchilla,Appendix I – Species threatened with extinction
6015,Chile,CL,CHL,Native,Mammalia,Chinchillidae,Chinchilla chinchilla,Short-tailed Chinchilla,Appendix I – Species threatened with extinction
6015,Peru,PE,PER,Native,Mammalia,Chinchillidae,Chinchilla chinchilla,Short-tailed Chinchilla,Appendix I – Species threatened with extinction
8775,Chile,CL,CHL,Native,Mammalia,Chinchillidae,Chinchilla lanigera,Long-tailed Chinchilla,Appendix I – Species threatened with extinction
8987,Argentina,AR,ARG,Native,Mammalia,Cuniculidae,Cuniculus paca,Lowland Paca,Appendix III – National protection
8987,Belize,BZ,BLZ,Native,Mammalia,Cuniculidae,Cuniculus paca,Lowland Paca,Appendix III – National protection
8987,Bolivia (Plurinational State of),,,Native,Mammalia,Cuniculidae,Cuniculus paca,Lowland Paca,Appendix III – National protection
8987,Brazil,BR,BRA,Native,Mammalia,Cuniculidae,Cuniculus paca,Lowland Paca,Appendix III – National protection
8987,Colombia,CO,COL,Native,Mammalia,Cuniculidae,Cuniculus paca,Lowland Paca,Appendix III – National protection
8987,Costa Rica,CR,CRI,Native,Mammalia,Cuniculidae,Cuniculus paca,Lowland Paca,Appendix III – National protection
8987,El Salvador,SV,SLV,Native,Mammalia,Cuniculidae,Cuniculus paca,Lowland Paca,Appendix III – National protection
8987,French Guiana [FR],,,Native,Mammalia,Cuniculidae,Cuniculus paca,Lowland Paca,Appendix III – National protection
8987,Guatemala,GT,GTM,Native,Mammalia,Cuniculidae,Cuniculus paca,Lowland Paca,Appendix III – National protection
8987,Guyana,GY,GUY,Native,Mammalia,Cuniculidae,Cuniculus paca,Lowland Paca,Appendix III – National protection
8987,Honduras,HN,HND,Native,Mammalia,Cuniculidae,Cuniculus paca,Lowland Paca,Appendix III – National protection
8987,Mexico,MX,MEX,Native,Mammalia,Cuniculidae,Cuniculus paca,Lowland Paca,Appendix III – National protection
8987,Nicaragua,NI,NIC,Native,Mammalia,Cuniculidae,Cuniculus paca,Lowland Paca,Appendix III – National protection
8987,Panama,PA,PAN,Native,Mammalia,Cuniculidae,Cuniculus paca,Lowland Paca,Appendix III – National protection
8987,Paraguay,PY,PRY,Native,Mammalia,Cuniculidae,Cuniculus paca,Lowland Paca,Appendix III – National protection
8987,Peru,PE,PER,Native,Mammalia,Cuniculidae,Cuniculus paca,Lowland Paca,Appendix III – National protection
8987,Suriname,SR,SUR,Native,Mammalia,Cuniculidae,Cuniculus paca,Lowland Paca,Appendix III – National protection
8987,Trinidad and Tobago,TT,TTO,Native,Mammalia,Cuniculidae,Cuniculus paca,Lowland Paca,Appendix III – National protection
8987,Uruguay,UY,URY,Native,Mammalia,Cuniculidae,Cuniculus paca,Lowland Paca,Appendix III – National protection
8987,Venezuela (Bolivarian Republic of),,,Native,Mammalia,Cuniculidae,Cuniculus paca,Lowland Paca,Appendix III – National protection
8987,Cuba,CU,CUB,Introduced,Mammalia,Cuniculidae,Cuniculus paca,Lowland Paca,Appendix III – National protection
4693,Argentina,AR,ARG,Native,Mammalia,Dasyproctidae,Dasyprocta punctata,Central American Agouti,Appendix III – National protection
4693,Belize,BZ,BLZ,Native,Mammalia,Dasyproctidae,Dasyprocta punctata,Central American Agouti,Appendix III – National protection
4693,Bolivia (Plurinational State of),,,Native,Mammalia,Dasyproctidae,Dasyprocta punctata,Central American Agouti,Appendix III – National protection
4693,Brazil,BR,BRA,Native,Mammalia,Dasyproctidae,Dasyprocta punctata,Central American Agouti,Appendix III – National protection
4693,Colombia,CO,COL,Native,Mammalia,Dasyproctidae,Dasyprocta punctata,Central American Agouti,Appendix III – National protection
4693,Costa Rica,CR,CRI,Native,Mammalia,Dasyproctidae,Dasyprocta punctata,Central American Agouti,Appendix III – National protection
4693,Ecuador,EC,ECU,Native,Mammalia,Dasyproctidae,Dasyprocta punctata,Central American Agouti,Appendix III – National protection
4693,El Salvador,SV,SLV,Native,Mammalia,Dasyproctidae,Dasyprocta punctata,Central American Agouti,Appendix III – National protection
4693,Guatemala,GT,GTM,Native,Mammalia,Dasyproctidae,Dasyprocta punctata,Central American Agouti,Appendix III – National protection
4693,Honduras,HN,HND,Native,Mammalia,Dasyproctidae,Dasyprocta punctata,Central American Agouti,Appendix III – National protection
4693,Mexico,MX,MEX,Native,Mammalia,Dasyproctidae,Dasyprocta punctata,Central American Agouti,Appendix III – National protection
4693,Nicaragua,NI,NIC,Native,Mammalia,Dasyproctidae,Dasyprocta punctata,Central American Agouti,Appendix III – National protection
4693,Panama,PA,PAN,Native,Mammalia,Dasyproctidae,Dasyprocta punctata,Central American Agouti,Appendix III – National protection
4693,Paraguay,PY,PRY,Native,Mammalia,Dasyproctidae,Dasyprocta punctata,Central American Agouti,Appendix III – National protection
4693,Peru,PE,PER,Native,Mammalia,Dasyproctidae,Dasyprocta punctata,Central American Agouti,Appendix III – National protection
4693,Venezuela (Bolivarian Republic of),,,Native,Mammalia,Dasyproctidae,Dasyprocta punctata,Central American Agouti,Appendix III – National protection
4693,Cayman Islands (United Kingdom),,,Introduced,Mammalia,Dasyproctidae,Dasyprocta punctata,Central American Agouti,Appendix III – National protection
4693,Cuba,CU,CUB,Introduced,Mammalia,Dasyproctidae,Dasyprocta punctata,Central American Agouti,Appendix III – National protection
5368,Belize,BZ,BLZ,Native,Mammalia,Erethizontidae,Sphiggurus mexicanus,Mexican Hairy Dwarf Porcupine,Appendix III – National protection
5368,Costa Rica,CR,CRI,Native,Mammalia,Erethizontidae,Sphiggurus mexicanus,Mexican Hairy Dwarf Porcupine,Appendix III – National protection
5368,El Salvador,SV,SLV,Native,Mammalia,Erethizontidae,Sphiggurus mexicanus,Mexican Hairy Dwarf Porcupine,Appendix III – National protection
5368,Guatemala,GT,GTM,Native,Mammalia,Erethizontidae,Sphiggurus mexicanus,Mexican Hairy Dwarf Porcupine,Appendix III – National protection
5368,Honduras,HN,HND,Native,Mammalia,Erethizontidae,Sphiggurus mexicanus,Mexican Hairy Dwarf Porcupine,Appendix III – National protection
5368,Mexico,MX,MEX,Native,Mammalia,Erethizontidae,Sphiggurus mexicanus,Mexican Hairy Dwarf Porcupine,Appendix III – National protection
5368,Nicaragua,NI,NIC,Native,Mammalia,Erethizontidae,Sphiggurus mexicanus,Mexican Hairy Dwarf Porcupine,Appendix III – National protection
5368,Panama,PA,PAN,Native,Mammalia,Erethizontidae,Sphiggurus mexicanus,Mexican Hairy Dwarf Porcupine,Appendix III – National protection
7122,Argentina,AR,ARG,Native,Mammalia,Erethizontidae,Sphiggurus spinosus,Paraguayan Hairy Dwarf Porcupine,Appendix III – National protection
7122,Brazil,BR,BRA,Native,Mammalia,Erethizontidae,Sphiggurus spinosus,Paraguayan Hairy Dwarf Porcupine,Appendix III – National protection
7122,Paraguay,PY,PRY,Native,Mammalia,Erethizontidae,Sphiggurus spinosus,Paraguayan Hairy Dwarf Porcupine,Appendix III – National protection
7122,Uruguay,UY,URY,Native,Mammalia,Erethizontidae,Sphiggurus spinosus,Paraguayan Hairy Dwarf Porcupine,Appendix III – National protection
9566,Australia,AU,AUS,Native,Mammalia,Muridae,Leporillus conditor,Greater Stick-nest Rat,Appendix II – Trade regulated
10382,Australia,AU,AUS,Native,Mammalia,Muridae,Pseudomys fieldi,Alice Springs Mouse,Appendix II – Trade regulated
4523,Australia,AU,AUS,Native,Mammalia,Muridae,Xeromys myoides,False Water Rat,Appendix II – Trade regulated
4523,Papua New Guinea,PG,PNG,Native,Mammalia,Muridae,Xeromys myoides,False Water Rat,Appendix II – Trade regulated
5898,Australia,AU,AUS,Native,Mammalia,Muridae,Zyzomys pedunculatus,Central Rock Rat,Appendix II – Trade regulated
7981,Mexico,MX,MEX,Native,Mammalia,Sciuridae,Cynomys mexicanus,Mexican Prairie Dog,Appendix II – Trade regulated
5312,Afghanistan,AF,AFG,Native,Mammalia,Sciuridae,Marmota caudata,Long-tailed Marmot,Appendix III – National protection
5312,Armenia,AM,ARM,Native,Mammalia,Sciuridae,Marmota caudata,Long-tailed Marmot,Appendix III – National protection
5312,Azerbaijan,AZ,AZE,Native,Mammalia,Sciuridae,Marmota caudata,Long-tailed Marmot,Appendix III – National protection
5312,China,CN,CHN,Native,Mammalia,Sciuridae,Marmota caudata,Long-tailed Marmot,Appendix III – National protection
5312,India,IN,IND,Native,Mammalia,Sciuridae,Marmota caudata,Long-tailed Marmot,Appendix III – National protection
5312,Kazakhstan,KZ,KAZ,Native,Mammalia,Sciuridae,Marmota caudata,Long-tailed Marmot,Appendix III – National protection
5312,Kyrgyzstan,KG,KGZ,Native,Mammalia,Sciuridae,Marmota caudata,Long-tailed Marmot,Appendix III – National protection
5312,Pakistan,PK,PAK,Native,Mammalia,Sciuridae,Marmota caudata,Long-tailed Marmot,Appendix III – National protection
5312,Tajikistan,TJ,TJK,Native,Mammalia,Sciuridae,Marmota caudata,Long-tailed Marmot,Appendix III – National protection
5312,Uzbekistan,UZ,UZB,Native,Mammalia,Sciuridae,Marmota caudata,Long-tailed Marmot,Appendix III – National protection
9329,Bhutan,BT,BTN,Native,Mammalia,Sciuridae,Marmota himalayana,Himalayan Marmot,Appendix III – National protection
9329,China,CN,CHN,Native,Mammalia,Sciuridae,Marmota himalayana,Himalayan Marmot,Appendix III – National protection
9329,India,IN,IND,Native,Mammalia,Sciuridae,Marmota himalayana,Himalayan Marmot,Appendix III – National protection
9329,Nepal,NP,NPL,Native,Mammalia,Sciuridae,Marmota himalayana,Himalayan Marmot,Appendix III – National protection
9329,Pakistan,PK,PAK,Native,Mammalia,Sciuridae,Marmota himalayana,Himalayan Marmot,Appendix III – National protection
5485,Brunei Darussalam,,,Native,Mammalia,Sciuridae,Ratufa affinis,Cream-coloured Giant Squirrel,Appendix II – Trade regulated
5485,Indonesia,ID,IDN,Native,Mammalia,Sciuridae,Ratufa affinis,Cream-coloured Giant Squirrel,Appendix II – Trade regulated
5485,Malaysia,MY,MYS,Native,Mammalia,Sciuridae,Ratufa affinis,Cream-coloured Giant Squirrel,Appendix II – Trade regulated
5485,Singapore,SG,SGP,Native,Mammalia,Sciuridae,Ratufa affinis,Cream-coloured Giant Squirrel,Appendix II – Trade regulated
5485,Thailand,TH,THA,Native,Mammalia,Sciuridae,Ratufa affinis,Cream-coloured Giant Squirrel,Appendix II – Trade regulated
7358,Bangladesh,BD,BGD,Native,Mammalia,Sciuridae,Ratufa bicolor,Black Giant Squirrel,Appendix II – Trade regulated
7358,Bhutan,BT,BTN,Native,Mammalia,Sciuridae,Ratufa bicolor,Black Giant Squirrel,Appendix II – Trade regulated
7358,Cambodia,KH,KHM,Native,Mammalia,Sciuridae,Ratufa bicolor,Black Giant Squirrel,Appendix II – Trade regulated
7358,China,CN,CHN,Native,Mammalia,Sciuridae,Ratufa bicolor,Black Giant Squirrel,Appendix II – Trade regulated
7358,India,IN,IND,Native,Mammalia,Sciuridae,Ratufa bicolor,Black Giant Squirrel,Appendix II – Trade regulated
7358,Indonesia,ID,IDN,Native,Mammalia,Sciuridae,Ratufa bicolor,Black Giant Squirrel,Appendix II – Trade regulated
7358,Lao People's Democratic Republic,,,Native,Mammalia,Sciuridae,Ratufa bicolor,Black Giant Squirrel,Appendix II – Trade regulated
7358,Malaysia,MY,MYS,Native,Mammalia,Sciuridae,Ratufa bicolor,Black Giant Squirrel,Appendix II – Trade regulated
7358,Myanmar,MM,MMR,Native,Mammalia,Sciuridae,Ratufa bicolor,Black Giant Squirrel,Appendix II – Trade regulated
7358,Nepal,NP,NPL,Native,Mammalia,Sciuridae,Ratufa bicolor,Black Giant Squirrel,Appendix II – Trade regulated
7358,Thailand,TH,THA,Native,Mammalia,Sciuridae,Ratufa bicolor,Black Giant Squirrel,Appendix II – Trade regulated
7358,Viet Nam,,,Native,Mammalia,Sciuridae,Ratufa bicolor,Black Giant Squirrel,Appendix II – Trade regulated
9376,India,IN,IND,Native,Mammalia,Sciuridae,Ratufa indica,Indian Giant Squirrel,Appendix II – Trade regulated
3741,India,IN,IND,Native,Mammalia,Sciuridae,Ratufa macroura,Grizzled Giant Squirrel,Appendix II – Trade regulated
3741,Sri Lanka,LK,LKA,Native,Mammalia,Sciuridae,Ratufa macroura,Grizzled Giant Squirrel,Appendix II – Trade regulated
6731,Brunei Darussalam,,,Native,Mammalia,Ptilocercidae,Ptilocercus lowii,Pen-tailed Treeshrew,Appendix II – Trade regulated
6731,Indonesia,ID,IDN,Native,Mammalia,Ptilocercidae,Ptilocercus lowii,Pen-tailed Treeshrew,Appendix II – Trade regulated
6731,Malaysia,MY,MYS,Native,Mammalia,Ptilocercidae,Ptilocercus lowii,Pen-tailed Treeshrew,Appendix II – Trade regulated
6731,Singapore,SG,SGP,Native,Mammalia,Ptilocercidae,Ptilocercus lowii,Pen-tailed Treeshrew,Appendix II – Trade regulated
6731,Thailand,TH,THA,Native,Mammalia,Ptilocercidae,Ptilocercus lowii,Pen-tailed Treeshrew,Appendix II – Trade regulated
8714,India,IN,IND,Native,Mammalia,Tupaiidae,Anathana ellioti,Indian Treeshrew,Appendix II – Trade regulated
9616,Malaysia,MY,MYS,Native,Mammalia,Tupaiidae,Dendrogale melanura,Bornean Smooth-tailed Treeshrew,Appendix II – Trade regulated
11182,Cambodia,KH,KHM,Native,Mammalia,Tupaiidae,Dendrogale murina,Indochinese Treeshrew,Appendix II – Trade regulated
11182,Lao People's Democratic Republic,,,Native,Mammalia,Tupaiidae,Dendrogale murina,Indochinese Treeshrew,Appendix II – Trade regulated
11182,Thailand,TH,THA,Native,Mammalia,Tupaiidae,Dendrogale murina,Indochinese Treeshrew,Appendix II – Trade regulated
11182,Viet Nam,,,Native,Mammalia,Tupaiidae,Dendrogale murina,Indochinese Treeshrew,Appendix II – Trade regulated
9383,Bangladesh,BD,BGD,Native,Mammalia,Tupaiidae,Tupaia belangeri,Northern Treeshrew,Appendix II – Trade regulated
9383,Cambodia,KH,KHM,Native,Mammalia,Tupaiidae,Tupaia belangeri,Northern Treeshrew,Appendix II – Trade regulated
9383,China,CN,CHN,Native,Mammalia,Tupaiidae,Tupaia belangeri,Northern Treeshrew,Appendix II – Trade regulated
9383,India,IN,IND,Native,Mammalia,Tupaiidae,Tupaia belangeri,Northern Treeshrew,Appendix II – Trade regulated
9383,Lao People's Democratic Republic,,,Native,Mammalia,Tupaiidae,Tupaia belangeri,Northern Treeshrew,Appendix II – Trade regulated
9383,Myanmar,MM,MMR,Native,Mammalia,Tupaiidae,Tupaia belangeri,Northern Treeshrew,Appendix II – Trade regulated
9383,Nepal,NP,NPL,Native,Mammalia,Tupaiidae,Tupaia belangeri,Northern Treeshrew,Appendix II – Trade regulated
9383,Thailand,TH,THA,Native,Mammalia,Tupaiidae,Tupaia belangeri,Northern Treeshrew,Appendix II – Trade regulated
9383,Viet Nam,,,Native,Mammalia,Tupaiidae,Tupaia belangeri,Northern Treeshrew,Appendix II – Trade regulated
5772,Indonesia,ID,IDN,Native,Mammalia,Tupaiidae,Tupaia chrysogaster,Golden-bellied Treeshrew,Appendix II – Trade regulated
10932,Indonesia,ID,IDN,Native,Mammalia,Tupaiidae,Tupaia dorsalis,Striped Treeshrew,Appendix II – Trade regulated
10932,Malaysia,MY,MYS,Native,Mammalia,Tupaiidae,Tupaia dorsalis,Striped Treeshrew,Appendix II – Trade regulated
68353,Philippines,PH,PHL,Native,Mammalia,Tupaiidae,Tupaia everetti,Mindanao Treeshrew,Appendix II – Trade regulated
7607,Bhutan,BT,BTN,Native,Mammalia,Tupaiidae,Tupaia glis,Common Treeshrew,Appendix II – Trade regulated
7607,Indonesia,ID,IDN,Native,Mammalia,Tupaiidae,Tupaia glis,Common Treeshrew,Appendix II – Trade regulated
7607,Malaysia,MY,MYS,Native,Mammalia,Tupaiidae,Tupaia glis,Common Treeshrew,Appendix II – Trade regulated
7607,Singapore,SG,SGP,Native,Mammalia,Tupaiidae,Tupaia glis,Common Treeshrew,Appendix II – Trade regulated
7607,Thailand,TH,THA,Native,Mammalia,Tupaiidae,Tupaia glis,Common Treeshrew,Appendix II – Trade regulated
7607,Viet Nam,,,Native,Mammalia,Tupaiidae,Tupaia glis,Common Treeshrew,Appendix II – Trade regulated
7644,Brunei Darussalam,,,Native,Mammalia,Tupaiidae,Tupaia gracilis,Slender Treeshrew,Appendix II – Trade regulated
7644,Indonesia,ID,IDN,Native,Mammalia,Tupaiidae,Tupaia gracilis,Slender Treeshrew,Appendix II – Trade regulated
7644,Malaysia,MY,MYS,Native,Mammalia,Tupaiidae,Tupaia gracilis,Slender Treeshrew,Appendix II – Trade regulated
6306,Indonesia,ID,IDN,Native,Mammalia,Tupaiidae,Tupaia javanica,Javan Treeshrew,Appendix II – Trade regulated
8078,Brunei Darussalam,,,Native,Mammalia,Tupaiidae,Tupaia longipes,Long-footed Treeshrew,Appendix II – Trade regulated
8078,Indonesia,ID,IDN,Native,Mammalia,Tupaiidae,Tupaia longipes,Long-footed Treeshrew,Appendix II – Trade regulated
8078,Malaysia,MY,MYS,Native,Mammalia,Tupaiidae,Tupaia longipes,Long-footed Treeshrew,Appendix II – Trade regulated
4675,Brunei Darussalam,,,Native,Mammalia,Tupaiidae,Tupaia minor,Pygmy Treeshrew,Appendix II – Trade regulated
4675,Indonesia,ID,IDN,Native,Mammalia,Tupaiidae,Tupaia minor,Pygmy Treeshrew,Appendix II – Trade regulated
4675,Malaysia,MY,MYS,Native,Mammalia,Tupaiidae,Tupaia minor,Pygmy Treeshrew,Appendix II – Trade regulated
4675,Thailand,TH,THA,Native,Mammalia,Tupaiidae,Tupaia minor,Pygmy Treeshrew,Appendix II – Trade regulated
3297,Indonesia,ID,IDN,Native,Mammalia,Tupaiidae,Tupaia montana,Mountain Treeshrew,Appendix II – Trade regulated
3297,Malaysia,MY,MYS,Native,Mammalia,Tupaiidae,Tupaia montana,Mountain Treeshrew,Appendix II – Trade regulated
8580,India,IN,IND,Native,Mammalia,Tupaiidae,Tupaia nicobarica,Nicobar Treeshrew,Appendix II – Trade regulated
3725,Philippines,PH,PHL,Native,Mammalia,Tupaiidae,Tupaia palawanensis,Palawan Treeshrew,Appendix II – Trade regulated
9645,Brunei Darussalam,,,Native,Mammalia,Tupaiidae,Tupaia picta,Painted Treeshrew,Appendix II – Trade regulated
9645,Indonesia,ID,IDN,Native,Mammalia,Tupaiidae,Tupaia picta,Painted Treeshrew,Appendix II – Trade regulated
9645,Malaysia,MY,MYS,Native,Mammalia,Tupaiidae,Tupaia picta,Painted Treeshrew,Appendix II – Trade regulated
3205,Indonesia,ID,IDN,Native,Mammalia,Tupaiidae,Tupaia splendidula,Ruddy Treeshrew,Appendix II – Trade regulated
3205,Malaysia,MY,MYS,Native,Mammalia,Tupaiidae,Tupaia splendidula,Ruddy Treeshrew,Appendix II – Trade regulated
7429,Brunei Darussalam,,,Native,Mammalia,Tupaiidae,Tupaia tana,Large Treeshrew,Appendix II – Trade regulated
7429,Indonesia,ID,IDN,Native,Mammalia,Tupaiidae,Tupaia tana,Large Treeshrew,Appendix II – Trade regulated
7429,Malaysia,MY,MYS,Native,Mammalia,Tupaiidae,Tupaia tana,Large Treeshrew,Appendix II – Trade regulated
3515,Australia,AU,AUS,Native,Mammalia,Dugongidae,Dugong dugon,Dugong,Appendix I – Species threatened with extinction
3515,Bahrain,BH,BHR,Native,Mammalia,Dugongidae,Dugong dugon,Dugong,Appendix I – Species threatened with extinction
3515,Bangladesh,BD,BGD,Native,Mammalia,Dugongidae,Dugong dugon,Dugong,Appendix I – Species threatened with extinction
3515,Brunei Darussalam,,,Native,Mammalia,Dugongidae,Dugong dugon,Dugong,Appendix I – Species threatened with extinction
3515,Cambodia,KH,KHM,Native,Mammalia,Dugongidae,Dugong dugon,Dugong,Appendix I – Species threatened with extinction
3515,China,CN,CHN,Native,Mammalia,Dugongidae,Dugong dugon,Dugong,Appendix I – Species threatened with extinction
3515,Comoros,KM,COM,Native,Mammalia,Dugongidae,Dugong dugon,Dugong,Appendix I – Species threatened with extinction
3515,Democratic People's Republic of Korea,,,Native,Mammalia,Dugongidae,Dugong dugon,Dugong,Appendix I – Species threatened with extinction
3515,Djibouti,DJ,DJI,Native,Mammalia,Dugongidae,Dugong dugon,Dugong,Appendix I – Species threatened with extinction
3515,Egypt,EG,EGY,Native,Mammalia,Dugongidae,Dugong dugon,Dugong,Appendix I – Species threatened with extinction
3515,Eritrea,ER,ERI,Native,Mammalia,Dugongidae,Dugong dugon,Dugong,Appendix I – Species threatened with extinction
3515,Guam,GU,GUM,Native,Mammalia,Dugongidae,Dugong dugon,Dugong,Appendix I – Species threatened with extinction
3515,India,IN,IND,Native,Mammalia,Dugongidae,Dugong dugon,Dugong,Appendix I – Species threatened with extinction
3515,Indonesia,ID,IDN,Native,Mammalia,Dugongidae,Dugong dugon,Dugong,Appendix I – Species threatened with extinction
3515,Iran (Islamic Republic of),,,Native,Mammalia,Dugongidae,Dugong dugon,Dugong,Appendix I – Species threatened with extinction
3515,Israel,IL,ISR,Native,Mammalia,Dugongidae,Dugong dugon,Dugong,Appendix I – Species threatened with extinction
3515,Japan,JP,JPN,Native,Mammalia,Dugongidae,Dugong dugon,Dugong,Appendix I – Species threatened with extinction
3515,Kenya,KE,KEN,Native,Mammalia,Dugongidae,Dugong dugon,Dugong,Appendix I – Species threatened with extinction
3515,Madagascar,MG,MDG,Native,Mammalia,Dugongidae,Dugong dugon,Dugong,Appendix I – Species threatened with extinction
3515,Malaysia,MY,MYS,Native,Mammalia,Dugongidae,Dugong dugon,Dugong,Appendix I – Species threatened with extinction
3515,Mauritius,MU,MUS,Native,Mammalia,Dugongidae,Dugong dugon,Dugong,Appendix I – Species threatened with extinction
3515,Mayotte,,,Native,Mammalia,Dugongidae,Dugong dugon,Dugong,Appendix I – Species threatened with extinction
3515,Micronesia (Federated States of),,,Native,Mammalia,Dugongidae,Dugong dugon,Dugong,Appendix I – Species threatened with extinction
3515,Mozambique,MZ,MOZ,Native,Mammalia,Dugongidae,Dugong dugon,Dugong,Appendix I – Species threatened with extinction
3515,Myanmar,MM,MMR,Native,Mammalia,Dugongidae,Dugong dugon,Dugong,Appendix I – Species threatened with extinction
3515,New Caledonia,NC,NCL,Native,Mammalia,Dugongidae,Dugong dugon,Dugong,Appendix I – Species threatened with extinction
3515,Oman,OM,OMN,Native,Mammalia,Dugongidae,Dugong dugon,Dugong,Appendix I – Species threatened with extinction
3515,Palau,PW,PLW,Native,Mammalia,Dugongidae,Dugong dugon,Dugong,Appendix I – Species threatened with extinction
3515,Papua New Guinea,PG,PNG,Native,Mammalia,Dugongidae,Dugong dugon,Dugong,Appendix I – Species threatened with extinction
3515,Philippines,PH,PHL,Native,Mammalia,Dugongidae,Dugong dugon,Dugong,Appendix I – Species threatened with extinction
3515,Qatar,QA,QAT,Native,Mammalia,Dugongidae,Dugong dugon,Dugong,Appendix I – Species threatened with extinction
3515,Saudi Arabia,SA,SAU,Native,Mammalia,Dugongidae,Dugong dugon,Dugong,Appendix I – Species threatened with extinction
3515,Singapore,SG,SGP,Native,Mammalia,Dugongidae,Dugong dugon,Dugong,Appendix I – Species threatened with extinction
3515,Solomon Islands,SB,SLB,Native,Mammalia,Dugongidae,Dugong dugon,Dugong,Appendix I – Species threatened with extinction
3515,Somalia,SO,SOM,Native,Mammalia,Dugongidae,Dugong dugon,Dugong,Appendix I – Species threatened with extinction
3515,South Africa,ZA,ZAF,Native,Mammalia,Dugongidae,Dugong dugon,Dugong,Appendix I – Species threatened with extinction
3515,Sri Lanka,LK,LKA,Native,Mammalia,Dugongidae,Dugong dugon,Dugong,Appendix I – Species threatened with extinction
3515,Sudan,SD,SDN,Native,Mammalia,Dugongidae,Dugong dugon,Dugong,Appendix I – Species threatened with extinction
3515,Taiwan,CN-TW,TWN,Native,Mammalia,Dugongidae,Dugong dugon,Dugong,Appendix I – Species threatened with extinction
3515,Province of China,,,Native,Mammalia,Dugongidae,Dugong dugon,Dugong,Appendix I – Species threatened with extinction
3515,Thailand,TH,THA,Native,Mammalia,Dugongidae,Dugong dugon,Dugong,Appendix I – Species threatened with extinction
3515,United Arab Emirates,AE,ARE,Native,Mammalia,Dugongidae,Dugong dugon,Dugong,Appendix I – Species threatened with extinction
3515,United Republic of Tanzania,TZ,TZA,Native,Mammalia,Dugongidae,Dugong dugon,Dugong,Appendix I – Species threatened with extinction
3515,Vanuatu,VU,VUT,Native,Mammalia,Dugongidae,Dugong dugon,Dugong,Appendix I – Species threatened with extinction
3515,Viet Nam,,,Native,Mammalia,Dugongidae,Dugong dugon,Dugong,Appendix I – Species threatened with extinction
3515,Yemen,YE,YEM,Native,Mammalia,Dugongidae,Dugong dugon,Dugong,Appendix I – Species threatened with extinction
3515,Maldives,MV,MDV,Extinct,Mammalia,Dugongidae,Dugong dugon,Dugong,Appendix I – Species threatened with extinction
9454,Brazil,BR,BRA,Native,Mammalia,Trichechidae,Trichechus inunguis,Amazonian Manatee,Appendix I – Species threatened with extinction
9454,Colombia,CO,COL,Native,Mammalia,Trichechidae,Trichechus inunguis,Amazonian Manatee,Appendix I – Species threatened with extinction
9454,Ecuador,EC,ECU,Native,Mammalia,Trichechidae,Trichechus inunguis,Amazonian Manatee,Appendix I – Species threatened with extinction
9454,Guyana,GY,GUY,Native,Mammalia,Trichechidae,Trichechus inunguis,Amazonian Manatee,Appendix I – Species threatened with extinction
9454,Peru,PE,PER,Native,Mammalia,Trichechidae,Trichechus inunguis,Amazonian Manatee,Appendix I – Species threatened with extinction
9454,Venezuela (Bolivarian Republic of),,,Native,Mammalia,Trichechidae,Trichechus inunguis,Amazonian Manatee,Appendix I – Species threatened with extinction
4548,Bahamas,,,Native,Mammalia,Trichechidae,Trichechus manatus,West Indian Manatee,Appendix I – Species threatened with extinction
4548,Belize,BZ,BLZ,Native,Mammalia,Trichechidae,Trichechus manatus,West Indian Manatee,Appendix I – Species threatened with extinction
4548,Brazil,BR,BRA,Native,Mammalia,Trichechidae,Trichechus manatus,West Indian Manatee,Appendix I – Species threatened with extinction
4548,Colombia,CO,COL,Native,Mammalia,Trichechidae,Trichechus manatus,West Indian Manatee,Appendix I – Species threatened with extinction
4548,Costa Rica,CR,CRI,Native,Mammalia,Trichechidae,Trichechus manatus,West Indian Manatee,Appendix I – Species threatened with extinction
4548,Cuba,CU,CUB,Native,Mammalia,Trichechidae,Trichechus manatus,West Indian Manatee,Appendix I – Species threatened with extinction
4548,Dominican Republic,DO,DOM,Native,Mammalia,Trichechidae,Trichechus manatus,West Indian Manatee,Appendix I – Species threatened with extinction
4548,Guatemala,GT,GTM,Native,Mammalia,Trichechidae,Trichechus manatus,West Indian Manatee,Appendix I – Species threatened with extinction
4548,Guyana,GY,GUY,Native,Mammalia,Trichechidae,Trichechus manatus,West Indian Manatee,Appendix I – Species threatened with extinction
4548,Haiti,HT,HTI,Native,Mammalia,Trichechidae,Trichechus manatus,West Indian Manatee,Appendix I – Species threatened with extinction
4548,Honduras,HN,HND,Native,Mammalia,Trichechidae,Trichechus manatus,West Indian Manatee,Appendix I – Species threatened with extinction
4548,Jamaica,JM,JAM,Native,Mammalia,Trichechidae,Trichechus manatus,West Indian Manatee,Appendix I – Species threatened with extinction
4548,Mexico,MX,MEX,Native,Mammalia,Trichechidae,Trichechus manatus,West Indian Manatee,Appendix I – Species threatened with extinction
4548,Netherlands Antilles,,,Native,Mammalia,Trichechidae,Trichechus manatus,West Indian Manatee,Appendix I – Species threatened with extinction
4548,Nicaragua,NI,NIC,Native,Mammalia,Trichechidae,Trichechus manatus,West Indian Manatee,Appendix I – Species threatened with extinction
4548,Panama,PA,PAN,Native,Mammalia,Trichechidae,Trichechus manatus,West Indian Manatee,Appendix I – Species threatened with extinction
4548,Puerto Rico,PR,PRI,Native,Mammalia,Trichechidae,Trichechus manatus,West Indian Manatee,Appendix I – Species threatened with extinction
4548,Suriname,SR,SUR,Native,Mammalia,Trichechidae,Trichechus manatus,West Indian Manatee,Appendix I – Species threatened with extinction
4548,Trinidad and Tobago,TT,TTO,Native,Mammalia,Trichechidae,Trichechus manatus,West Indian Manatee,Appendix I – Species threatened with extinction
4548,United States of America,US,USA,Native,Mammalia,Trichechidae,Trichechus manatus,West Indian Manatee,Appendix I – Species threatened with extinction
4548,Venezuela (Bolivarian Republic of),,,Native,Mammalia,Trichechidae,Trichechus manatus,West Indian Manatee,Appendix I – Species threatened with extinction
4548,Antigua and Barbuda,AG,ATG,Extinct,Mammalia,Trichechidae,Trichechus manatus,West Indian Manatee,Appendix I – Species threatened with extinction
4548,British Virgin Islands (United Kingdom),,,Extinct,Mammalia,Trichechidae,Trichechus manatus,West Indian Manatee,Appendix I – Species threatened with extinction
4548,Grenada,GD,GRD,Extinct,Mammalia,Trichechidae,Trichechus manatus,West Indian Manatee,Appendix I – Species threatened with extinction
4548,Guadeloupe,,,Extinct,Mammalia,Trichechidae,Trichechus manatus,West Indian Manatee,Appendix I – Species threatened with extinction
4548,Martinique,,,Extinct,Mammalia,Trichechidae,Trichechus manatus,West Indian Manatee,Appendix I – Species threatened with extinction
4548,Virgin Islands of the USA,,,Extinct,Mammalia,Trichechidae,Trichechus manatus,West Indian Manatee,Appendix I – Species threatened with extinction
4306,Angola,AO,AGO,Native,Mammalia,Trichechidae,Trichechus senegalensis,West African Manatee,Appendix I – Species threatened with extinction
4306,Benin,BJ,BEN,Native,Mammalia,Trichechidae,Trichechus senegalensis,West African Manatee,Appendix I – Species threatened with extinction
4306,Cameroon,CM,CMR,Native,Mammalia,Trichechidae,Trichechus senegalensis,West African Manatee,Appendix I – Species threatened with extinction
4306,Chad,TD,TCD,Native,Mammalia,Trichechidae,Trichechus senegalensis,West African Manatee,Appendix I – Species threatened with extinction
4306,Congo,,,Native,Mammalia,Trichechidae,Trichechus senegalensis,West African Manatee,Appendix I – Species threatened with extinction
4306,C√¥te d'Ivoire,,,Native,Mammalia,Trichechidae,Trichechus senegalensis,West African Manatee,Appendix I – Species threatened with extinction
4306,Democratic Republic of the Congo,CD,COD,Native,Mammalia,Trichechidae,Trichechus senegalensis,West African Manatee,Appendix I – Species threatened with extinction
4306,Equatorial Guinea,GQ,GNQ,Native,Mammalia,Trichechidae,Trichechus senegalensis,West African Manatee,Appendix I – Species threatened with extinction
4306,Gabon,GA,GAB,Native,Mammalia,Trichechidae,Trichechus senegalensis,West African Manatee,Appendix I – Species threatened with extinction
4306,Gambia,GM,GMB,Native,Mammalia,Trichechidae,Trichechus senegalensis,West African Manatee,Appendix I – Species threatened with extinction
4306,Ghana,GH,GHA,Native,Mammalia,Trichechidae,Trichechus senegalensis,West African Manatee,Appendix I – Species threatened with extinction
4306,Guinea,GN,GIN,Native,Mammalia,Trichechidae,Trichechus senegalensis,West African Manatee,Appendix I – Species threatened with extinction
4306,Liberia,LR,LBR,Native,Mammalia,Trichechidae,Trichechus senegalensis,West African Manatee,Appendix I – Species threatened with extinction
4306,Mali,ML,MLI,Native,Mammalia,Trichechidae,Trichechus senegalensis,West African Manatee,Appendix I – Species threatened with extinction
4306,Mauritania,MR,MRT,Native,Mammalia,Trichechidae,Trichechus senegalensis,West African Manatee,Appendix I – Species threatened with extinction
4306,Niger,NE,NER,Native,Mammalia,Trichechidae,Trichechus senegalensis,West African Manatee,Appendix I – Species threatened with extinction
4306,Nigeria,NG,NGA,Native,Mammalia,Trichechidae,Trichechus senegalensis,West African Manatee,Appendix I – Species threatened with extinction
4306,Senegal,SN,SEN,Native,Mammalia,Trichechidae,Trichechus senegalensis,West African Manatee,Appendix I – Species threatened with extinction
4306,Sierra Leone,SL,SLE,Native,Mammalia,Trichechidae,Trichechus senegalensis,West African Manatee,Appendix I – Species threatened with extinction
4306,Togo,TG,TGO,Native,Mammalia,Trichechidae,Trichechus senegalensis,West African Manatee,Appendix I – Species threatened with extinction
